# WaveFront *.obj file (generated by Autodesk ATF)

mtllib P6.mtl

g Cuerpo1

v 0.184807 2.990000 -3.788300
v 0.128448 2.955207 -3.788300
v 0.065829 2.933629 -3.788300
v -0.000000 2.926318 -3.788300
v -0.065829 2.933629 -3.788300
v -0.128448 2.955207 -3.788300
v -0.184807 2.990000 -3.788300
v -0.184807 2.990000 -3.788320
v -0.237735 3.043337 -3.788320
v -0.275749 3.108154 -3.788320
v -0.296463 3.180384 -3.788320
v -0.298578 3.255495 -3.788320
v -0.281961 3.328776 -3.788320
v -0.247656 3.395630 -3.788320
v -0.197814 3.451861 -3.788320
v -0.135562 3.493943 -3.788320
v -0.135562 3.493943 -3.488320
v -0.198583 3.451184 -3.488320
v -0.248807 3.393934 -3.488320
v -0.282996 3.325882 -3.488320
v -0.298948 3.251414 -3.488320
v -0.295635 3.175328 -3.488320
v -0.273269 3.102529 -3.488320
v -0.233293 3.037707 -3.488320
v -0.178283 2.985040 -3.488320
v -0.111783 2.947921 -3.488320
v -0.038079 2.928745 -3.488320
v 0.038079 2.928745 -3.488320
v 0.111783 2.947921 -3.488320
v 0.178283 2.985040 -3.488320
v 0.233293 3.037707 -3.488320
v 0.273269 3.102529 -3.488320
v 0.295635 3.175328 -3.488320
v 0.298948 3.251414 -3.488320
v 0.282996 3.325882 -3.488320
v 0.248807 3.393934 -3.488320
v 0.198583 3.451184 -3.488320
v 0.135562 3.493943 -3.488320
v 0.135562 3.493943 -3.788320
v 0.197814 3.451861 -3.788320
v 0.247656 3.395630 -3.788320
v 0.281961 3.328776 -3.788320
v 0.298578 3.255495 -3.788320
v 0.296463 3.180384 -3.788320
v 0.275749 3.108154 -3.788320
v 0.237735 3.043337 -3.788320
v -0.045241 3.499327 -3.488320
v 0.045241 3.499327 -3.488320
v -0.000000 3.371318 -3.488320
v -0.037529 3.366377 -3.488320
v -0.072500 3.351892 -3.488320
v -0.102530 3.328849 -3.488320
v -0.125574 3.298818 -3.488320
v -0.140059 3.263847 -3.488320
v -0.145000 3.226318 -3.488320
v -0.140059 3.188789 -3.488320
v -0.125574 3.153818 -3.488320
v -0.102530 3.123788 -3.488320
v -0.072500 3.100744 -3.488320
v -0.037529 3.086259 -3.488320
v -0.000000 3.081318 -3.488320
v 0.037529 3.086259 -3.488320
v 0.072500 3.100744 -3.488320
v 0.102530 3.123788 -3.488320
v 0.125574 3.153818 -3.488320
v 0.140059 3.188789 -3.488320
v 0.145000 3.226318 -3.488320
v 0.140059 3.263847 -3.488320
v 0.125574 3.298818 -3.488320
v 0.102530 3.328849 -3.488320
v 0.072500 3.351892 -3.488320
v 0.037529 3.366377 -3.488320
v 0.184807 0.970000 -3.788300
v 0.237735 0.916663 -3.788320
v 0.275749 0.851846 -3.788320
v 0.296463 0.779616 -3.788320
v 0.298578 0.704505 -3.788320
v 0.281961 0.631224 -3.788320
v 0.247656 0.564370 -3.788320
v 0.197814 0.508139 -3.788320
v 0.135562 0.466057 -3.788320
v 0.135562 0.466057 -3.488320
v 0.198583 0.508816 -3.488320
v 0.248807 0.566066 -3.488320
v 0.282996 0.634118 -3.488320
v 0.298948 0.708586 -3.488320
v 0.295635 0.784672 -3.488320
v 0.273269 0.857471 -3.488320
v 0.233293 0.922293 -3.488320
v 0.178283 0.974960 -3.488320
v 0.111783 1.012079 -3.488320
v 0.038079 1.031255 -3.488320
v -0.038079 1.031255 -3.488320
v -0.111783 1.012079 -3.488320
v -0.178283 0.974960 -3.488320
v -0.233293 0.922293 -3.488320
v -0.273269 0.857471 -3.488320
v -0.295635 0.784672 -3.488320
v -0.298948 0.708586 -3.488320
v -0.282996 0.634118 -3.488320
v -0.248807 0.566066 -3.488320
v -0.198583 0.508816 -3.488320
v -0.135562 0.466057 -3.488320
v -0.135562 0.466057 -3.788320
v -0.197814 0.508139 -3.788320
v -0.247656 0.564370 -3.788320
v -0.281961 0.631224 -3.788320
v -0.298578 0.704505 -3.788320
v -0.296463 0.779616 -3.788320
v -0.275749 0.851846 -3.788320
v -0.237735 0.916663 -3.788320
v -0.184807 0.970000 -3.788320
v -0.184807 0.970000 -3.788300
v -0.128448 1.004793 -3.788300
v -0.065829 1.026371 -3.788300
v -0.000000 1.033682 -3.788300
v 0.065829 1.026371 -3.788300
v 0.128448 1.004793 -3.788300
v 0.045241 0.460673 -3.488320
v -0.045241 0.460673 -3.488320
v -0.000000 0.878682 -3.488320
v -0.037529 0.873741 -3.488320
v -0.072500 0.859256 -3.488320
v -0.102530 0.836212 -3.488320
v -0.125574 0.806182 -3.488320
v -0.140059 0.771211 -3.488320
v -0.145000 0.733682 -3.488320
v -0.140059 0.696153 -3.488320
v -0.125574 0.661182 -3.488320
v -0.102530 0.631151 -3.488320
v -0.072500 0.608108 -3.488320
v -0.037529 0.593623 -3.488320
v -0.000000 0.588682 -3.488320
v 0.037529 0.593623 -3.488320
v 0.072500 0.608108 -3.488320
v 0.102530 0.631151 -3.488320
v 0.125574 0.661182 -3.488320
v 0.140059 0.696153 -3.488320
v 0.145000 0.733682 -3.488320
v 0.140059 0.771211 -3.488320
v 0.125574 0.806182 -3.488320
v 0.102530 0.836212 -3.488320
v 0.072500 0.859256 -3.488320
v 0.037529 0.873741 -3.488320
v 1.010000 2.990000 -3.788300
v 1.010000 0.970000 -3.788300
v -0.960000 0.970000 -3.788300
v -0.981876 1.006808 -3.788300
v -0.995417 1.047428 -3.788300
v -1.000000 1.090000 -3.788300
v -1.000000 2.890000 -3.788300
v -0.996962 2.924730 -3.788300
v -0.987939 2.958404 -3.788300
v -0.973205 2.990000 -3.788300
v -0.000000 2.790000 -3.788300
v -0.156072 2.774628 -3.788300
v -0.306147 2.729104 -3.788300
v -0.444456 2.655176 -3.788300
v -0.565685 2.555685 -3.788300
v -0.665176 2.434456 -3.788300
v -0.739104 2.296147 -3.788300
v -0.784628 2.146072 -3.788300
v -0.800000 1.990000 -3.788300
v -0.784628 1.833928 -3.788300
v -0.739104 1.683853 -3.788300
v -0.665176 1.545544 -3.788300
v -0.565685 1.424315 -3.788300
v -0.444456 1.324824 -3.788300
v -0.306147 1.250896 -3.788300
v -0.156072 1.205372 -3.788300
v -0.000000 1.190000 -3.788300
v 0.156072 1.205372 -3.788300
v 0.306147 1.250896 -3.788300
v 0.444456 1.324824 -3.788300
v 0.565685 1.424315 -3.788300
v 0.665176 1.545544 -3.788300
v 0.739104 1.683853 -3.788300
v 0.784628 1.833928 -3.788300
v 0.800000 1.990000 -3.788300
v 0.784628 2.146072 -3.788300
v 0.739104 2.296147 -3.788300
v 0.665176 2.434456 -3.788300
v 0.565685 2.555685 -3.788300
v 0.444456 2.655176 -3.788300
v 0.306147 2.729104 -3.788300
v 0.156072 2.774628 -3.788300
v -1.135914 0.970000 -3.788320
v -1.135914 0.970000 -3.288323
v -0.914578 0.970000 -3.288323
v -0.939243 0.970000 -3.321187
v -0.954724 0.970000 -3.359250
v -0.960000 0.970000 -3.400000
v -0.324418 0.495024 -3.788320
v -0.508149 0.547455 -3.788320
v -0.683851 0.622521 -3.788320
v -0.848747 0.719037 -3.788320
v -1.000233 0.835476 -3.788320
v 0.347115 3.459835 -3.788320
v 0.551771 3.396315 -3.788320
v 0.745459 3.304647 -3.788320
v 0.924332 3.186652 -3.788320
v 1.084835 3.044675 -3.788320
v 1.223776 2.881538 -3.788320
v 1.338396 2.700484 -3.788320
v 1.426415 2.505110 -3.788320
v 1.486085 2.299299 -3.788320
v 1.516219 2.087143 -3.788320
v 1.516219 1.872857 -3.788320
v 1.486085 1.660701 -3.788320
v 1.426415 1.454890 -3.788320
v 1.338396 1.259516 -3.788320
v 1.223776 1.078462 -3.788320
v 1.084835 0.915325 -3.788320
v 0.924332 0.773348 -3.788320
v 0.745459 0.655353 -3.788320
v 0.551771 0.563685 -3.788320
v 0.347115 0.500165 -3.788320
v -1.135914 2.990000 -3.788320
v -1.000233 3.124524 -3.788320
v -0.848747 3.240963 -3.788320
v -0.683851 3.337479 -3.788320
v -0.508149 3.412545 -3.788320
v -0.324418 3.464976 -3.788320
v -0.000000 3.371318 -3.288323
v -0.037529 3.366377 -3.288323
v -0.072500 3.351892 -3.288323
v -0.102530 3.328849 -3.288323
v -0.125574 3.298818 -3.288323
v -0.140059 3.263847 -3.288323
v -0.145000 3.226318 -3.288323
v -0.140059 3.188789 -3.288323
v -0.125574 3.153818 -3.288323
v -0.102530 3.123788 -3.288323
v -0.072500 3.100744 -3.288323
v -0.037529 3.086259 -3.288323
v -0.000000 3.081318 -3.288323
v 0.037529 3.086259 -3.288323
v 0.072500 3.100744 -3.288323
v 0.102530 3.123788 -3.288323
v 0.125574 3.153818 -3.288323
v 0.140059 3.188789 -3.288323
v 0.145000 3.226318 -3.288323
v 0.140059 3.263847 -3.288323
v 0.125574 3.298818 -3.288323
v 0.102530 3.328849 -3.288323
v 0.072500 3.351892 -3.288323
v 0.037529 3.366377 -3.288323
v -0.000000 0.878682 -3.288323
v -0.037529 0.873741 -3.288323
v -0.072500 0.859256 -3.288323
v -0.102530 0.836212 -3.288323
v -0.125574 0.806182 -3.288323
v -0.140059 0.771211 -3.288323
v -0.145000 0.733682 -3.288323
v -0.140059 0.696153 -3.288323
v -0.125574 0.661182 -3.288323
v -0.102530 0.631151 -3.288323
v -0.072500 0.608108 -3.288323
v -0.037529 0.593623 -3.288323
v -0.000000 0.588682 -3.288323
v 0.037529 0.593623 -3.288323
v 0.072500 0.608108 -3.288323
v 0.102530 0.631151 -3.288323
v 0.125574 0.661182 -3.288323
v 0.140059 0.696153 -3.288323
v 0.145000 0.733682 -3.288323
v 0.140059 0.771211 -3.288323
v 0.125574 0.806182 -3.288323
v 0.102530 0.836212 -3.288323
v 0.072500 0.859256 -3.288323
v 0.037529 0.873741 -3.288323
v -0.973205 2.990000 -3.400000
v -0.968502 2.990000 -3.359911
v -0.954647 2.990000 -3.321999
v -0.932394 2.990000 -3.288323
v -1.135914 2.990000 -3.288323
v -0.976482 3.144853 -3.288323
v -0.796173 3.274801 -3.288323
v -0.598841 3.377064 -3.288323
v -0.388706 3.449458 -3.288323
v -0.170260 3.490434 -3.288323
v 0.051827 3.499116 -3.288323
v 0.272805 3.475318 -3.288323
v 0.487951 3.419550 -3.288323
v 0.692664 3.333003 -3.288323
v 0.882567 3.217528 -3.288323
v 1.053601 3.075594 -3.288323
v 1.202108 2.910235 -3.288323
v 1.324913 2.724987 -3.288323
v 1.419390 2.523811 -3.288323
v 1.483521 2.311008 -3.288323
v 1.515932 2.091128 -3.288323
v 1.515932 1.868872 -3.288323
v 1.483521 1.648992 -3.288323
v 1.419390 1.436189 -3.288323
v 1.324913 1.235013 -3.288323
v 1.202108 1.049765 -3.288323
v 1.053601 0.884406 -3.288323
v 0.882567 0.742472 -3.288323
v 0.692664 0.626997 -3.288323
v 0.487951 0.540450 -3.288323
v 0.272805 0.484682 -3.288323
v 0.051827 0.460884 -3.288323
v -0.170260 0.469566 -3.288323
v -0.388706 0.510542 -3.288323
v -0.598841 0.582936 -3.288323
v -0.796173 0.685199 -3.288323
v -0.976482 0.815147 -3.288323
v -0.800000 0.924084 -3.288323
v -0.841707 0.929411 -3.288323
v -0.880735 0.945051 -3.288323
v -0.905986 3.017653 -3.288323
v -0.873948 3.038526 -3.288323
v -0.837983 3.051510 -3.288323
v -0.800000 3.055916 -3.288323
v 0.900000 3.055916 -3.288323
v 0.968824 3.046855 -3.288323
v 1.032958 3.020290 -3.288323
v 1.088031 2.978031 -3.288323
v 1.130290 2.922958 -3.288323
v 1.156855 2.858824 -3.288323
v 1.165916 2.790000 -3.288323
v 1.165916 1.190000 -3.288323
v 1.156855 1.121176 -3.288323
v 1.130290 1.057042 -3.288323
v 1.088031 1.001969 -3.288323
v 1.032958 0.959710 -3.288323
v 0.968824 0.933145 -3.288323
v 0.900000 0.924084 -3.288323
v -0.981876 1.006808 -3.400000
v -0.995417 1.047428 -3.400000
v -1.000000 1.090000 -3.400000
v -0.800000 0.956066 -3.251469
v -0.800000 0.996020 -3.223456
v -0.800000 1.041568 -3.205953
v -0.800000 1.090000 -3.200000
v -0.851764 1.090000 -3.206815
v -0.900000 1.090000 -3.226795
v -0.941421 1.090000 -3.258579
v -0.973205 1.090000 -3.300000
v -0.993185 1.090000 -3.348236
v -0.910546 1.074657 -3.234036
v -0.943208 1.050152 -3.266195
v -0.966198 1.028339 -3.307392
v -0.977963 1.010690 -3.354843
v -0.952360 0.971343 -3.347971
v -0.939068 0.986646 -3.300110
v -0.916384 1.008928 -3.258996
v -0.885839 1.036686 -3.227404
v -0.849496 1.068045 -3.207469
v -0.881252 0.973763 -3.258979
v -0.853480 1.004296 -3.227388
v -0.822096 1.040618 -3.207456
v -0.840051 0.946896 -3.266145
v -0.815530 0.979549 -3.233990
v -0.983199 1.073505 -3.321475
v -0.994007 1.053314 -3.368133
v 0.900000 0.956066 -3.251469
v 0.900000 0.996020 -3.223456
v 0.900000 1.041568 -3.205953
v 0.900000 1.090000 -3.200000
v 0.050000 0.956066 -3.251469
v 0.050000 0.996020 -3.223456
v 0.050000 1.041568 -3.205953
v 1.133934 1.190000 -3.251469
v 1.093980 1.190000 -3.223456
v 1.048432 1.190000 -3.205953
v 1.000000 1.190000 -3.200000
v 0.996593 1.164118 -3.200000
v 0.986603 1.140000 -3.200000
v 0.970711 1.119289 -3.200000
v 0.950000 1.103397 -3.200000
v 0.925882 1.093407 -3.200000
v 0.960547 0.964037 -3.251469
v 0.950206 1.002630 -3.223456
v 0.938417 1.046626 -3.205953
v 1.016967 0.987407 -3.251469
v 0.996990 1.022008 -3.223456
v 0.974216 1.061455 -3.205953
v 1.065417 1.024583 -3.251469
v 1.037165 1.052835 -3.223456
v 1.004957 1.085043 -3.205953
v 1.102593 1.073033 -3.251469
v 1.067992 1.093010 -3.223456
v 1.028545 1.115784 -3.205953
v 1.125963 1.129453 -3.251469
v 1.087370 1.139794 -3.223456
v 1.043374 1.151583 -3.205953
v 1.133934 2.790000 -3.251469
v 1.093980 2.790000 -3.223456
v 1.048432 2.790000 -3.205953
v 1.000000 2.790000 -3.200000
v 1.133934 1.990000 -3.251469
v 1.093980 1.990000 -3.223456
v 1.048432 1.990000 -3.205953
v 0.900000 3.023934 -3.251469
v 0.900000 2.983980 -3.223456
v 0.900000 2.938432 -3.205953
v 0.900000 2.890000 -3.200000
v 0.925882 2.886593 -3.200000
v 0.950000 2.876603 -3.200000
v 0.970711 2.860711 -3.200000
v 0.986603 2.840000 -3.200000
v 0.996593 2.815882 -3.200000
v 1.125963 2.850547 -3.251469
v 1.087370 2.840206 -3.223456
v 1.043374 2.828417 -3.205953
v 1.102593 2.906967 -3.251469
v 1.067992 2.886990 -3.223456
v 1.028545 2.864216 -3.205953
v 1.065417 2.955417 -3.251469
v 1.037165 2.927165 -3.223456
v 1.004957 2.894957 -3.205953
v 1.016967 2.992593 -3.251469
v 0.996990 2.957992 -3.223456
v 0.974216 2.918545 -3.205953
v 0.960547 3.015963 -3.251469
v 0.950206 2.977370 -3.223456
v 0.938417 2.933374 -3.205953
v -0.800000 3.023934 -3.251469
v -0.800000 2.983980 -3.223456
v -0.800000 2.938432 -3.205953
v -0.800000 2.890000 -3.200000
v 0.050000 3.023934 -3.251469
v 0.050000 2.983980 -3.223456
v 0.050000 2.938432 -3.205953
v -0.800000 1.990000 -3.200000
v -0.851764 2.890000 -3.206815
v -0.900000 2.890000 -3.226795
v -0.941421 2.890000 -3.258579
v -0.973205 2.890000 -3.300000
v -0.993185 2.890000 -3.348236
v -1.000000 2.890000 -3.400000
v -0.993185 1.990000 -3.348236
v -0.973205 1.990000 -3.300000
v -0.941421 1.990000 -3.258579
v -0.900000 1.990000 -3.226795
v -0.851764 1.990000 -3.206815
v -0.987939 2.958404 -3.400000
v -0.996962 2.924730 -3.400000
v -0.945040 2.972943 -3.290073
v -0.953725 2.932075 -3.279176
v -0.920824 2.932075 -3.246275
v -0.909927 2.972943 -3.254960
v -0.893907 3.009945 -3.270405
v -0.971852 2.965762 -3.331246
v -0.978848 2.925346 -3.317756
v -0.973924 2.988515 -3.393282
v -0.988655 2.951858 -3.375856
v -0.994592 2.912319 -3.359556
v -0.882244 2.925346 -3.221152
v -0.868754 2.965762 -3.228148
v -0.852059 3.002646 -3.243154
v -0.832938 3.034280 -3.265470
v -0.840444 2.912319 -3.205408
v -0.824144 2.951858 -3.211345
v -0.806718 2.988515 -3.226076
v -0.784628 2.146072 -3.200000
v -0.739104 2.296147 -3.200000
v -0.665176 2.434456 -3.200000
v -0.565685 2.555685 -3.200000
v -0.444456 2.655176 -3.200000
v -0.306147 2.729104 -3.200000
v -0.156072 2.774628 -3.200000
v -0.000000 2.790000 -3.200000
v 0.156072 2.774628 -3.200000
v 0.306147 2.729104 -3.200000
v 0.444456 2.655176 -3.200000
v 0.565685 2.555685 -3.200000
v 0.665176 2.434456 -3.200000
v 0.739104 2.296147 -3.200000
v 0.784628 2.146072 -3.200000
v 0.800000 1.990000 -3.200000
v 0.784628 1.833928 -3.200000
v 0.739104 1.683853 -3.200000
v 0.665176 1.545544 -3.200000
v 0.565685 1.424315 -3.200000
v 0.444456 1.324824 -3.200000
v 0.306147 1.250896 -3.200000
v 0.156072 1.205372 -3.200000
v -0.000000 1.190000 -3.200000
v -0.156072 1.205372 -3.200000
v -0.306147 1.250896 -3.200000
v -0.444456 1.324824 -3.200000
v -0.565685 1.424315 -3.200000
v -0.665176 1.545544 -3.200000
v -0.739104 1.683853 -3.200000
v -0.784628 1.833928 -3.200000
vt 0.000020 0.132737 0.000000
vt 0.300000 0.190909 0.000000
vt 0.000020 0.199106 0.000000
vt 0.300000 0.267273 0.000000
vt 0.000000 0.274445 0.000000
vt 0.300000 0.343637 0.000000
vt 0.000000 0.349784 0.000000
vt 0.300000 0.420000 0.000000
vt 0.000000 0.425123 0.000000
vt 0.300000 0.496364 0.000000
vt -0.000000 0.500462 0.000000
vt 0.300000 0.572728 0.000000
vt 0.000000 0.575802 0.000000
vt 0.300000 0.649092 0.000000
vt -0.000000 0.651141 0.000000
vt 0.300000 0.725455 0.000000
vt -0.000000 0.726480 0.000000
vt 0.300000 0.801819 0.000000
vt -0.000000 0.801819 0.000000
vt 0.300000 0.114546 0.000000
vt 0.000020 0.066369 0.000000
vt 0.300000 0.038182 0.000000
vt 0.000020 0.000000 0.000000
vt 0.300000 -0.038182 0.000000
vt 0.000020 -0.066369 0.000000
vt 0.300000 -0.114546 0.000000
vt 0.000020 -0.132737 0.000000
vt 0.300000 -0.190909 0.000000
vt 0.000020 -0.199106 0.000000
vt 0.300000 -0.267273 0.000000
vt 0.000000 -0.199106 0.000000
vt 0.000000 -0.274445 0.000000
vt 0.300000 -0.343637 0.000000
vt 0.000000 -0.349784 0.000000
vt 0.300000 -0.420000 0.000000
vt 0.000000 -0.425123 0.000000
vt 0.300000 -0.496364 0.000000
vt 0.000000 -0.500462 0.000000
vt 0.300000 -0.572728 0.000000
vt 0.000000 -0.575802 0.000000
vt 0.300000 -0.649092 0.000000
vt 0.000000 -0.651141 0.000000
vt 0.300000 -0.725455 0.000000
vt 0.000000 -0.726480 0.000000
vt 0.300000 -0.801819 0.000000
vt 0.000000 -0.801819 0.000000
vt -0.273009 0.045241 0.000000
vt -0.140059 0.037529 0.000000
vt -0.267625 0.135562 0.000000
vt -0.125574 0.072500 0.000000
vt -0.224866 0.198583 0.000000
vt -0.102530 0.102530 0.000000
vt -0.167616 0.248807 0.000000
vt -0.072500 0.125574 0.000000
vt -0.099564 0.282996 0.000000
vt -0.037529 0.140059 0.000000
vt -0.025096 0.298948 0.000000
vt 0.000000 0.145000 0.000000
vt 0.050990 0.295635 0.000000
vt 0.037529 0.140059 0.000000
vt 0.123789 0.273269 0.000000
vt 0.072500 0.125574 0.000000
vt 0.188611 0.233293 0.000000
vt 0.102530 0.102530 0.000000
vt 0.241279 0.178283 0.000000
vt 0.125574 0.072500 0.000000
vt 0.278397 0.111783 0.000000
vt 0.140059 0.037529 0.000000
vt 0.297574 0.038079 0.000000
vt 0.145000 0.000000 0.000000
vt 0.297574 -0.038079 0.000000
vt 0.140059 -0.037529 0.000000
vt 0.278397 -0.111783 0.000000
vt 0.125574 -0.072500 0.000000
vt 0.241279 -0.178283 0.000000
vt 0.102530 -0.102530 0.000000
vt 0.188611 -0.233293 0.000000
vt 0.072500 -0.125574 0.000000
vt 0.123789 -0.273269 0.000000
vt 0.037529 -0.140059 0.000000
vt 0.050990 -0.295635 0.000000
vt 0.000000 -0.145000 0.000000
vt -0.025096 -0.298948 0.000000
vt -0.037529 -0.140059 0.000000
vt -0.099564 -0.282996 0.000000
vt -0.072500 -0.125574 0.000000
vt -0.167616 -0.248807 0.000000
vt -0.102530 -0.102530 0.000000
vt -0.224866 -0.198583 0.000000
vt -0.125574 -0.072500 0.000000
vt -0.267625 -0.135562 0.000000
vt -0.140059 -0.037529 0.000000
vt -0.273009 -0.045241 0.000000
vt -0.145000 0.000000 0.000000
vt -0.000000 -0.274445 0.000000
vt 0.300000 -0.267273 0.000000
vt 0.000020 -0.199106 0.000000
vt 0.300000 -0.190909 0.000000
vt 0.000020 -0.132737 0.000000
vt 0.300000 -0.114546 0.000000
vt 0.000020 -0.066369 0.000000
vt 0.300000 -0.038182 0.000000
vt 0.000020 -0.000000 0.000000
vt 0.300000 0.038182 0.000000
vt 0.000020 0.066369 0.000000
vt 0.300000 0.114546 0.000000
vt 0.000020 0.132737 0.000000
vt 0.300000 0.190909 0.000000
vt 0.000020 0.199106 0.000000
vt 0.300000 0.267273 0.000000
vt 0.000000 0.199106 0.000000
vt 0.000000 0.274445 0.000000
vt 0.300000 0.343637 0.000000
vt 0.000000 0.349784 0.000000
vt 0.300000 0.420000 0.000000
vt 0.000000 0.425123 0.000000
vt 0.300000 0.496364 0.000000
vt 0.000000 0.500462 0.000000
vt 0.300000 0.572728 0.000000
vt 0.000000 0.575802 0.000000
vt 0.300000 0.649092 0.000000
vt 0.000000 0.651141 0.000000
vt 0.300000 0.725455 0.000000
vt 0.000000 0.726480 0.000000
vt 0.300000 0.801819 0.000000
vt 0.000000 0.801819 0.000000
vt 0.300000 -0.343637 0.000000
vt 0.000000 -0.349784 0.000000
vt 0.300000 -0.420000 0.000000
vt 0.000000 -0.425123 0.000000
vt 0.300000 -0.496364 0.000000
vt 0.000000 -0.500462 0.000000
vt 0.300000 -0.572728 0.000000
vt 0.000000 -0.575802 0.000000
vt 0.300000 -0.649092 0.000000
vt 0.000000 -0.651141 0.000000
vt 0.300000 -0.725455 0.000000
vt 0.000000 -0.726480 0.000000
vt 0.300000 -0.801819 0.000000
vt 0.000000 -0.801819 0.000000
vt 0.273009 -0.045241 0.000000
vt 0.140059 -0.037529 0.000000
vt 0.267625 -0.135562 0.000000
vt 0.125574 -0.072500 0.000000
vt 0.224866 -0.198583 0.000000
vt 0.102530 -0.102530 0.000000
vt 0.167616 -0.248807 0.000000
vt 0.072500 -0.125574 0.000000
vt 0.099564 -0.282996 0.000000
vt 0.037529 -0.140059 0.000000
vt 0.025096 -0.298948 0.000000
vt 0.000000 -0.145000 0.000000
vt -0.050990 -0.295635 0.000000
vt -0.037529 -0.140059 0.000000
vt -0.123789 -0.273269 0.000000
vt -0.072500 -0.125574 0.000000
vt -0.188611 -0.233293 0.000000
vt -0.102530 -0.102530 0.000000
vt -0.241279 -0.178283 0.000000
vt -0.125574 -0.072500 0.000000
vt -0.278397 -0.111783 0.000000
vt -0.140059 -0.037529 0.000000
vt -0.297574 -0.038079 0.000000
vt -0.145000 0.000000 0.000000
vt -0.297574 0.038079 0.000000
vt -0.140059 0.037529 0.000000
vt -0.278397 0.111783 0.000000
vt -0.125574 0.072500 0.000000
vt -0.241279 0.178283 0.000000
vt -0.102530 0.102530 0.000000
vt -0.188611 0.233293 0.000000
vt -0.072500 0.125574 0.000000
vt -0.123789 0.273269 0.000000
vt -0.037529 0.140059 0.000000
vt -0.050990 0.295635 0.000000
vt 0.000000 0.145000 0.000000
vt 0.025096 0.298948 0.000000
vt 0.037529 0.140059 0.000000
vt 0.099564 0.282996 0.000000
vt 0.072500 0.125574 0.000000
vt 0.167616 0.248807 0.000000
vt 0.102530 0.102530 0.000000
vt 0.224866 0.198583 0.000000
vt 0.125574 0.072500 0.000000
vt 0.267625 0.135562 0.000000
vt 0.140059 0.037529 0.000000
vt 0.273009 0.045241 0.000000
vt 0.145000 0.000000 0.000000
vt -0.965207 0.128448 0.000000
vt -0.784628 0.156072 0.000000
vt -1.000000 0.184807 0.000000
vt -0.739104 0.306147 0.000000
vt -0.665176 0.444456 0.000000
vt -0.943629 0.065829 0.000000
vt -0.800000 0.000000 0.000000
vt -0.936318 -0.000000 0.000000
vt -0.943629 -0.065829 0.000000
vt -0.784628 -0.156072 0.000000
vt -0.965207 -0.128448 0.000000
vt -1.000000 -0.184807 0.000000
vt -1.000000 -1.010000 0.000000
vt -0.665176 -0.444456 0.000000
vt -0.739104 -0.306147 0.000000
vt 1.020000 -1.010000 0.000000
vt 0.000000 -0.800000 0.000000
vt -0.156072 -0.784628 0.000000
vt -0.306147 -0.739104 0.000000
vt 1.020000 -0.184807 0.000000
vt 0.665176 -0.444456 0.000000
vt 0.565685 -0.565685 0.000000
vt 0.444456 -0.665176 0.000000
vt 0.985207 -0.128448 0.000000
vt 0.784628 -0.156072 0.000000
vt 0.739104 -0.306147 0.000000
vt 0.963629 -0.065829 0.000000
vt 0.800000 0.000000 0.000000
vt 0.956318 -0.000000 0.000000
vt 0.963629 0.065829 0.000000
vt 0.784628 0.156072 0.000000
vt 0.985207 0.128448 0.000000
vt 1.020000 0.184807 0.000000
vt 1.020000 0.960000 0.000000
vt 0.665176 0.444456 0.000000
vt 0.739104 0.306147 0.000000
vt 0.900000 1.000000 0.000000
vt 0.983192 0.981876 0.000000
vt 0.942572 0.995417 0.000000
vt -0.900000 1.000000 0.000000
vt 0.000000 0.800000 0.000000
vt 0.156072 0.784628 0.000000
vt 0.306147 0.739104 0.000000
vt -0.934730 0.996962 0.000000
vt -0.968404 0.987939 0.000000
vt -1.000000 0.973205 0.000000
vt -0.565685 0.565685 0.000000
vt -0.444456 0.665176 0.000000
vt -0.306147 0.739104 0.000000
vt -0.156072 0.784628 0.000000
vt 0.444456 0.665176 0.000000
vt 0.565685 0.565685 0.000000
vt 0.306147 -0.739104 0.000000
vt 0.156072 -0.784628 0.000000
vt -0.444456 -0.665176 0.000000
vt -0.565685 -0.565685 0.000000
vt 0.951106 0.499977 0.000000
vt 0.951106 0.499997 0.000000
vt 0.175914 0.499977 0.000000
vt -0.000000 0.499997 0.000000
vt 0.175914 0.111677 0.000000
vt -0.000000 0.000000 0.000000
vt 0.181190 0.070927 0.000000
vt 0.196671 0.032865 0.000000
vt 0.221335 0.000000 0.000000
vt -0.654807 1.010000 0.000000
vt -0.707735 1.063337 0.000000
vt -1.605914 1.010000 0.000000
vt -1.470233 1.144524 0.000000
vt -0.745749 1.128154 0.000000
vt -1.318747 1.260963 0.000000
vt -0.766463 1.200384 0.000000
vt -1.153851 1.357479 0.000000
vt -0.768578 1.275495 0.000000
vt -0.751961 1.348776 0.000000
vt -0.978149 1.432545 0.000000
vt -0.717656 1.415630 0.000000
vt -0.794418 1.484976 0.000000
vt -0.667814 1.471861 0.000000
vt -0.605562 1.513943 0.000000
vt -0.285193 -1.010000 0.000000
vt -0.232265 -1.063337 0.000000
vt 0.540000 -1.010000 0.000000
vt 0.275459 -1.324647 0.000000
vt 0.454332 -1.206652 0.000000
vt -0.194251 -1.128154 0.000000
vt 0.081771 -1.416315 0.000000
vt -0.173537 -1.200384 0.000000
vt -0.171422 -1.275495 0.000000
vt -0.122885 -1.479835 0.000000
vt -0.188039 -1.348776 0.000000
vt -0.222344 -1.415630 0.000000
vt -0.272186 -1.471861 0.000000
vt -0.334438 -1.513943 0.000000
vt 0.614835 -1.064675 0.000000
vt 0.753776 -0.901538 0.000000
vt 0.868396 0.720484 0.000000
vt 0.868396 -0.720484 0.000000
vt 0.956415 -0.525110 0.000000
vt 0.956415 0.525110 0.000000
vt 1.016085 -0.319299 0.000000
vt 1.016085 0.319299 0.000000
vt 1.046219 0.107143 0.000000
vt 1.046219 -0.107143 0.000000
vt 0.753776 0.901538 0.000000
vt 0.540000 1.010000 0.000000
vt 0.614835 1.064675 0.000000
vt 0.454332 1.206652 0.000000
vt 0.275459 1.324647 0.000000
vt -0.232265 1.063337 0.000000
vt -0.285193 1.010000 0.000000
vt -0.194251 1.128154 0.000000
vt 0.081771 1.416315 0.000000
vt -0.173537 1.200384 0.000000
vt -0.171422 1.275495 0.000000
vt -0.122885 1.479835 0.000000
vt -0.188039 1.348776 0.000000
vt -0.222344 1.415630 0.000000
vt -0.272186 1.471861 0.000000
vt -0.334438 1.513943 0.000000
vt -0.605562 -1.513943 0.000000
vt -0.667814 -1.471861 0.000000
vt -0.794418 -1.484976 0.000000
vt -0.717656 -1.415630 0.000000
vt -0.978149 -1.432545 0.000000
vt -0.751961 -1.348776 0.000000
vt -1.153851 -1.357479 0.000000
vt -0.768578 -1.275495 0.000000
vt -0.766463 -1.200384 0.000000
vt -1.318747 -1.260963 0.000000
vt -0.745749 -1.128154 0.000000
vt -1.470233 -1.144524 0.000000
vt -0.707735 -1.063337 0.000000
vt -1.605914 -1.010000 0.000000
vt -0.654807 -1.010000 0.000000
vt 0.200000 -0.417570 0.000000
vt 0.000003 -0.417570 0.000000
vt 0.200000 -0.455531 0.000000
vt 0.000003 -0.455531 0.000000
vt 0.200000 0.455531 0.000000
vt 0.000003 0.455531 0.000000
vt 0.200000 0.417570 0.000000
vt 0.000003 0.417570 0.000000
vt 0.200000 0.379609 0.000000
vt 0.000003 0.379609 0.000000
vt 0.200000 0.341648 0.000000
vt 0.000003 0.341648 0.000000
vt 0.200000 0.303687 0.000000
vt 0.000003 0.303687 0.000000
vt 0.200000 0.265726 0.000000
vt 0.000003 0.265726 0.000000
vt 0.200000 0.227765 0.000000
vt 0.000003 0.227765 0.000000
vt 0.200000 0.189805 0.000000
vt 0.000003 0.189805 0.000000
vt 0.200000 0.151844 0.000000
vt 0.000003 0.151844 0.000000
vt 0.200000 0.113883 0.000000
vt 0.000003 0.113883 0.000000
vt 0.200000 0.075922 0.000000
vt 0.000003 0.075922 0.000000
vt 0.200000 0.037961 0.000000
vt 0.000003 0.037961 0.000000
vt 0.200000 0.000000 0.000000
vt 0.000003 0.000000 0.000000
vt 0.200000 -0.037961 0.000000
vt 0.000003 -0.037961 0.000000
vt 0.200000 -0.075922 0.000000
vt 0.000003 -0.075922 0.000000
vt 0.200000 -0.113883 0.000000
vt 0.000003 -0.113883 0.000000
vt 0.200000 -0.151844 0.000000
vt 0.000003 -0.151844 0.000000
vt 0.200000 -0.189805 0.000000
vt 0.000003 -0.189805 0.000000
vt 0.200000 -0.227765 0.000000
vt 0.000003 -0.227765 0.000000
vt 0.200000 -0.265726 0.000000
vt 0.000003 -0.265726 0.000000
vt 0.200000 -0.303687 0.000000
vt 0.000003 -0.303687 0.000000
vt 0.200000 -0.341648 0.000000
vt 0.000003 -0.341648 0.000000
vt 0.200000 -0.379609 0.000000
vt 0.000003 -0.379609 0.000000
vt 0.200000 -0.417570 0.000000
vt 0.000003 -0.417570 0.000000
vt 0.200000 -0.455531 0.000000
vt 0.000003 -0.455531 0.000000
vt 0.200000 0.455531 0.000000
vt 0.000003 0.455531 0.000000
vt 0.200000 0.417570 0.000000
vt 0.000003 0.417570 0.000000
vt 0.200000 0.379609 0.000000
vt 0.000003 0.379609 0.000000
vt 0.200000 0.341648 0.000000
vt 0.000003 0.341648 0.000000
vt 0.200000 0.303687 0.000000
vt 0.000003 0.303687 0.000000
vt 0.200000 0.265726 0.000000
vt 0.000003 0.265726 0.000000
vt 0.200000 0.227765 0.000000
vt 0.000003 0.227765 0.000000
vt 0.200000 0.189805 0.000000
vt 0.000003 0.189805 0.000000
vt 0.200000 0.151844 0.000000
vt 0.000003 0.151844 0.000000
vt 0.200000 0.113883 0.000000
vt 0.000003 0.113883 0.000000
vt 0.200000 0.075922 0.000000
vt 0.000003 0.075922 0.000000
vt 0.200000 0.037961 0.000000
vt 0.000003 0.037961 0.000000
vt 0.200000 0.000000 0.000000
vt 0.000003 0.000000 0.000000
vt 0.200000 -0.037961 0.000000
vt 0.000003 -0.037961 0.000000
vt 0.200000 -0.075922 0.000000
vt 0.000003 -0.075922 0.000000
vt 0.200000 -0.113883 0.000000
vt 0.000003 -0.113883 0.000000
vt 0.200000 -0.151844 0.000000
vt 0.000003 -0.151844 0.000000
vt 0.200000 -0.189805 0.000000
vt 0.000003 -0.189805 0.000000
vt 0.200000 -0.227765 0.000000
vt 0.000003 -0.227765 0.000000
vt 0.200000 -0.265726 0.000000
vt 0.000003 -0.265726 0.000000
vt 0.200000 -0.303687 0.000000
vt 0.000003 -0.303687 0.000000
vt 0.200000 -0.341648 0.000000
vt 0.000003 -0.341648 0.000000
vt 0.200000 -0.379609 0.000000
vt 0.000003 -0.379609 0.000000
vt 1.194807 0.499977 0.000000
vt 1.983205 0.499977 0.000000
vt 1.194807 0.499997 0.000000
vt 2.145914 0.499997 0.000000
vt 1.983205 0.111677 0.000000
vt 2.145914 -0.000000 0.000000
vt 1.978502 0.071588 0.000000
vt 1.964647 0.033676 0.000000
vt 1.942394 -0.000000 0.000000
vt -0.199997 -2.432858 0.000000
vt -0.199997 -2.523352 0.000000
vt -0.000000 -2.558228 0.000000
vt -0.499997 -2.523352 0.000000
vt -0.499997 -2.714544 0.000000
vt -0.000000 -2.780683 0.000000
vt -0.499997 -2.905735 0.000000
vt -0.000000 -3.003137 0.000000
vt -0.499997 -3.096927 0.000000
vt -0.000000 -3.225592 0.000000
vt -0.499997 -3.288118 0.000000
vt -0.000000 -3.448046 0.000000
vt -0.499997 -3.479310 0.000000
vt -0.000000 -3.670501 0.000000
vt -0.499997 -3.670501 0.000000
vt -0.000000 -2.335773 0.000000
vt -0.199997 -2.342363 0.000000
vt -0.199997 -2.251868 0.000000
vt -0.000000 -2.113319 0.000000
vt -0.499997 -2.251868 0.000000
vt -0.499997 -2.037405 0.000000
vt -0.000000 -1.890864 0.000000
vt -0.499997 -1.822941 0.000000
vt -0.000000 -1.668410 0.000000
vt -0.499997 -1.608477 0.000000
vt -0.000000 -1.445955 0.000000
vt -0.499997 -1.394014 0.000000
vt -0.000000 -1.223500 0.000000
vt -0.499997 -1.179550 0.000000
vt -0.000000 -1.001046 0.000000
vt -0.499997 -0.965086 0.000000
vt -0.000000 -0.778591 0.000000
vt -0.499997 -0.750623 0.000000
vt -0.000000 -0.556137 0.000000
vt -0.499997 -0.536159 0.000000
vt -0.000000 -0.333682 0.000000
vt -0.499997 -0.321695 0.000000
vt -0.000000 -0.111227 0.000000
vt -0.499997 -0.107232 0.000000
vt -0.499997 0.107232 0.000000
vt -0.000000 0.111227 0.000000
vt -0.499997 0.321695 0.000000
vt -0.000000 0.333682 0.000000
vt -0.499997 0.536159 0.000000
vt -0.000000 0.556137 0.000000
vt -0.499997 0.750623 0.000000
vt -0.000000 0.778591 0.000000
vt -0.499997 0.965086 0.000000
vt -0.000000 1.001046 0.000000
vt -0.499997 1.179550 0.000000
vt -0.000000 1.223500 0.000000
vt -0.499997 1.394014 0.000000
vt -0.000000 1.445955 0.000000
vt -0.499997 1.608477 0.000000
vt -0.000000 1.668410 0.000000
vt -0.499997 1.822941 0.000000
vt -0.000000 1.890864 0.000000
vt -0.499997 2.037405 0.000000
vt -0.000000 2.113319 0.000000
vt -0.499997 2.251868 0.000000
vt -0.199997 2.251868 0.000000
vt -0.000000 2.335773 0.000000
vt -0.199997 2.342363 0.000000
vt -0.199997 2.432858 0.000000
vt -0.000000 2.558228 0.000000
vt -0.199997 2.523352 0.000000
vt -0.499997 2.523352 0.000000
vt -0.499997 2.714544 0.000000
vt -0.000000 2.780683 0.000000
vt -0.499997 2.905735 0.000000
vt -0.000000 3.003137 0.000000
vt -0.499997 3.096927 0.000000
vt -0.000000 3.225592 0.000000
vt -0.499997 3.288118 0.000000
vt -0.000000 3.448046 0.000000
vt -0.499997 3.479310 0.000000
vt -0.000000 3.670501 0.000000
vt -0.499997 3.670501 0.000000
vt 1.311707 1.050589 0.000000
vt 1.266173 1.294801 0.000000
vt 1.270000 1.055916 0.000000
vt 1.068841 1.397064 0.000000
vt 0.610059 1.208789 0.000000
vt 0.858706 1.469458 0.000000
vt 0.615000 1.246318 0.000000
vt 0.610059 1.283847 0.000000
vt 0.595574 1.318818 0.000000
vt 0.640260 1.510434 0.000000
vt 0.572530 1.348849 0.000000
vt 0.542500 1.371892 0.000000
vt 0.507529 1.386377 0.000000
vt 0.418173 1.519116 0.000000
vt 0.470000 1.391318 0.000000
vt 0.432471 1.386377 0.000000
vt 0.397500 1.371892 0.000000
vt 0.367470 1.348849 0.000000
vt 0.197195 1.495318 0.000000
vt 0.344426 1.318818 0.000000
vt 0.329941 1.283847 0.000000
vt 0.325000 1.246318 0.000000
vt -0.017951 1.439550 0.000000
vt 0.329941 1.208789 0.000000
vt -0.222664 1.353003 0.000000
vt 0.344426 1.173818 0.000000
vt -0.430000 1.055916 0.000000
vt 0.367470 1.143788 0.000000
vt 0.397500 1.120744 0.000000
vt 0.432471 1.106259 0.000000
vt 0.470000 1.101318 0.000000
vt 0.507529 1.106259 0.000000
vt 0.542500 1.120744 0.000000
vt 0.572530 1.143788 0.000000
vt 0.595574 1.173818 0.000000
vt 1.446482 1.164853 0.000000
vt 1.350735 1.034949 0.000000
vt 1.384578 1.010000 0.000000
vt 1.605914 1.010000 0.000000
vt -0.412567 1.237528 0.000000
vt -0.498824 1.046855 0.000000
vt -0.583601 1.095594 0.000000
vt -0.562958 1.020290 0.000000
vt -0.618031 0.978031 0.000000
vt -0.732108 0.930235 0.000000
vt -0.660290 0.922958 0.000000
vt -0.686855 0.858824 0.000000
vt -0.854913 0.744987 0.000000
vt -0.695916 0.790000 0.000000
vt -0.949390 0.543811 0.000000
vt -1.013521 0.331008 0.000000
vt -1.045932 0.111128 0.000000
vt -1.045932 -0.111128 0.000000
vt -0.695916 -0.810000 0.000000
vt -1.013521 -0.331008 0.000000
vt -0.949390 -0.543811 0.000000
vt -0.854913 -0.744987 0.000000
vt -0.732108 -0.930235 0.000000
vt -0.686855 -0.878824 0.000000
vt -0.660290 -0.942958 0.000000
vt -0.618031 -0.998031 0.000000
vt -0.583601 -1.095594 0.000000
vt -0.562958 -1.040290 0.000000
vt -0.498824 -1.066855 0.000000
vt -0.412567 -1.237528 0.000000
vt -0.430000 -1.075916 0.000000
vt -0.222664 -1.353003 0.000000
vt 0.344426 -1.173818 0.000000
vt 0.329941 -1.208789 0.000000
vt -0.017951 -1.439550 0.000000
vt 0.325000 -1.246318 0.000000
vt 0.197195 -1.495318 0.000000
vt 0.329941 -1.283847 0.000000
vt 0.344426 -1.318818 0.000000
vt 0.367470 -1.348849 0.000000
vt 0.418173 -1.519116 0.000000
vt 0.397500 -1.371892 0.000000
vt 0.432471 -1.386377 0.000000
vt 0.470000 -1.391318 0.000000
vt 0.507529 -1.386377 0.000000
vt 0.640260 -1.510434 0.000000
vt 0.542500 -1.371892 0.000000
vt 0.572530 -1.348849 0.000000
vt 0.595574 -1.318818 0.000000
vt 0.858706 -1.469458 0.000000
vt 0.610059 -1.283847 0.000000
vt 0.615000 -1.246318 0.000000
vt 0.610059 -1.208789 0.000000
vt 1.068841 -1.397064 0.000000
vt 1.270000 -1.075916 0.000000
vt 1.266173 -1.294801 0.000000
vt 1.307983 -1.071510 0.000000
vt 1.446482 -1.164853 0.000000
vt 1.343948 -1.058526 0.000000
vt 1.375986 -1.037653 0.000000
vt 1.402394 -1.010000 0.000000
vt 1.605914 -1.010000 0.000000
vt 0.470000 -1.101318 0.000000
vt 0.507529 -1.106259 0.000000
vt 0.542500 -1.120744 0.000000
vt 0.367470 -1.143788 0.000000
vt 0.397500 -1.120744 0.000000
vt 0.432471 -1.106259 0.000000
vt 0.572530 -1.143788 0.000000
vt 0.595574 -1.173818 0.000000
vt 0.588300 -0.028379 0.000000
vt 0.200000 -0.028379 0.000000
vt 0.588300 -0.071279 0.000000
vt 0.200000 -0.071279 0.000000
vt 0.588300 -0.114180 0.000000
vt 0.200000 -0.114180 0.000000
vt 0.588300 -0.157080 0.000000
vt 0.200000 -0.157080 0.000000
vt 0.114342 -0.084277 0.000000
vt 0.121678 -0.034122 0.000000
vt 0.069555 -0.074876 0.000000
vt 0.081086 -0.026397 0.000000
vt 0.069555 -0.025037 0.000000
vt 0.041788 -0.013712 0.000000
vt 0.017431 -0.025037 0.000000
vt 0.004582 0.003777 0.000000
vt -0.034693 -0.025037 0.000000
vt -0.034693 0.024803 0.000000
vt -0.086816 0.024803 0.000000
vt -0.086816 0.074643 0.000000
vt -0.111461 0.079248 0.000000
vt -0.067893 0.103646 0.000000
vt -0.034693 0.074643 0.000000
vt -0.023503 0.124483 0.000000
vt -0.008600 0.085540 0.000000
vt 0.000951 0.045119 0.000000
vt -0.138940 0.024803 0.000000
vt -0.153221 0.047263 0.000000
vt -0.191063 -0.000000 0.000000
vt -0.138940 -0.025037 0.000000
vt -0.150376 -0.049892 0.000000
vt -0.105409 -0.083021 0.000000
vt -0.058569 -0.108244 0.000000
vt -0.086816 -0.074876 0.000000
vt -0.086816 -0.025037 0.000000
vt -0.034693 -0.074876 0.000000
vt -0.010944 -0.130062 0.000000
vt 0.017431 -0.074876 0.000000
vt 0.017431 -0.124716 0.000000
vt 0.069555 -0.124716 0.000000
vt 0.036810 -0.151308 0.000000
vt 0.084107 -0.174556 0.000000
vt 0.101454 -0.131300 0.000000
vt -1.200000 0.010326 0.000000
vt -1.200000 -0.038592 0.000000
vt -0.350000 0.010326 0.000000
vt 0.500000 -0.038592 0.000000
vt 0.500000 0.010326 0.000000
vt -0.350000 0.059244 0.000000
vt 0.500000 0.059244 0.000000
vt -0.350000 0.108162 0.000000
vt 0.500000 0.108162 0.000000
vt 0.500000 0.157080 0.000000
vt -1.200000 0.157080 0.000000
vt -1.200000 0.108162 0.000000
vt -1.200000 0.059244 0.000000
vt 0.167406 0.304703 0.000000
vt 0.118488 0.304703 0.000000
vt 0.167406 0.253919 0.000000
vt 0.118488 0.253919 0.000000
vt 0.167406 0.203136 0.000000
vt 0.118488 0.203136 0.000000
vt 0.167406 0.152352 0.000000
vt 0.118488 0.152352 0.000000
vt 0.167406 0.101568 0.000000
vt 0.118488 0.101568 0.000000
vt 0.167406 0.050784 0.000000
vt 0.118488 0.050784 0.000000
vt 0.167406 -0.000000 0.000000
vt 0.118488 -0.000000 0.000000
vt 0.216324 -0.000000 0.000000
vt 0.216324 0.050784 0.000000
vt 0.216324 0.101568 0.000000
vt 0.216324 0.152352 0.000000
vt 0.216324 0.203136 0.000000
vt 0.216324 0.253919 0.000000
vt 0.216324 0.304703 0.000000
vt 0.265241 0.253919 0.000000
vt 0.265241 0.304703 0.000000
vt 0.314159 0.253919 0.000000
vt 0.314159 0.304703 0.000000
vt 0.265241 -0.000000 0.000000
vt 0.265241 0.050784 0.000000
vt 0.265241 0.101568 0.000000
vt 0.265241 0.152352 0.000000
vt 0.265241 0.203136 0.000000
vt 0.314159 -0.000000 0.000000
vt 0.314159 0.050784 0.000000
vt 0.314159 0.101568 0.000000
vt 0.314159 0.152352 0.000000
vt 0.314159 0.203136 0.000000
vt -1.200000 0.010326 0.000000
vt -1.200000 -0.038592 0.000000
vt -0.400000 0.010326 0.000000
vt 0.400000 -0.038592 0.000000
vt 0.400000 0.010326 0.000000
vt -0.400000 0.059244 0.000000
vt 0.400000 0.059244 0.000000
vt -0.400000 0.108162 0.000000
vt 0.400000 0.108162 0.000000
vt 0.400000 0.157080 0.000000
vt -1.200000 0.157080 0.000000
vt -1.200000 0.108162 0.000000
vt -1.200000 0.059244 0.000000
vt 0.167406 0.000000 0.000000
vt 0.118488 0.000000 0.000000
vt 0.167406 -0.050784 0.000000
vt 0.118488 -0.050784 0.000000
vt 0.167406 -0.101568 0.000000
vt 0.118488 -0.101568 0.000000
vt 0.167406 -0.152352 0.000000
vt 0.118488 -0.152352 0.000000
vt 0.167406 -0.203136 0.000000
vt 0.118488 -0.203136 0.000000
vt 0.167406 -0.253919 0.000000
vt 0.118488 -0.253919 0.000000
vt 0.167406 -0.304703 0.000000
vt 0.118488 -0.304703 0.000000
vt 0.216324 -0.304703 0.000000
vt 0.216324 -0.253919 0.000000
vt 0.216324 -0.203136 0.000000
vt 0.216324 -0.152352 0.000000
vt 0.216324 -0.101568 0.000000
vt 0.216324 -0.050784 0.000000
vt 0.216324 0.000000 0.000000
vt 0.265241 -0.050784 0.000000
vt 0.265241 0.000000 0.000000
vt 0.314159 -0.050784 0.000000
vt 0.314159 0.000000 0.000000
vt 0.265241 -0.304703 0.000000
vt 0.265241 -0.253919 0.000000
vt 0.265241 -0.203136 0.000000
vt 0.265241 -0.152352 0.000000
vt 0.265241 -0.101568 0.000000
vt 0.314159 -0.304703 0.000000
vt 0.314159 -0.253919 0.000000
vt 0.314159 -0.203136 0.000000
vt 0.314159 -0.152352 0.000000
vt 0.314159 -0.101568 0.000000
vt -1.300000 0.010326 0.000000
vt -1.300000 -0.038592 0.000000
vt -0.450000 0.010326 0.000000
vt 0.400000 -0.038592 0.000000
vt 0.400000 0.010326 0.000000
vt -0.450000 0.059244 0.000000
vt 0.400000 0.059244 0.000000
vt -0.450000 0.108162 0.000000
vt 0.400000 0.108162 0.000000
vt 0.400000 0.157080 0.000000
vt -1.300000 0.157080 0.000000
vt -1.300000 0.108162 0.000000
vt -1.300000 0.059244 0.000000
vt -1.300000 -0.157080 0.000000
vt 0.500000 -0.157080 0.000000
vt -0.400000 -0.104720 0.000000
vt 0.500000 -0.104720 0.000000
vt -0.400000 -0.052360 0.000000
vt 0.500000 -0.052360 0.000000
vt -0.400000 0.000000 0.000000
vt 0.500000 0.000000 0.000000
vt -0.400000 0.052360 0.000000
vt 0.500000 0.052360 0.000000
vt -0.400000 0.104720 0.000000
vt 0.500000 0.104720 0.000000
vt -0.400000 0.157080 0.000000
vt 0.500000 0.157080 0.000000
vt -1.300000 0.157080 0.000000
vt -1.300000 0.104720 0.000000
vt -1.300000 0.052360 0.000000
vt -1.300000 0.000000 0.000000
vt -1.300000 -0.052360 0.000000
vt -1.300000 -0.104720 0.000000
vt 0.013339 -0.054855 0.000000
vt 0.036571 -0.025246 0.000000
vt 0.018016 -0.014681 0.000000
vt 0.036571 0.025246 0.000000
vt -0.006691 0.025246 0.000000
vt -0.006691 0.075738 0.000000
vt -0.045891 0.027407 0.000000
vt -0.049954 0.075738 0.000000
vt -0.072341 0.056305 0.000000
vt -0.093216 0.091306 0.000000
vt -0.049215 0.114113 0.000000
vt -0.006691 0.126229 0.000000
vt 0.036571 0.075738 0.000000
vt 0.036571 0.126229 0.000000
vt 0.079833 0.075738 0.000000
vt 0.079833 0.126229 0.000000
vt 0.104720 0.122753 0.000000
vt 0.084107 0.176721 0.000000
vt 0.036571 -0.075738 0.000000
vt 0.003507 -0.094004 0.000000
vt 0.036571 -0.126229 0.000000
vt -0.006691 -0.126229 0.000000
vt 0.020912 -0.145926 0.000000
vt -0.010944 -0.131676 0.000000
vt 0.052659 -0.160663 0.000000
vt 0.079833 -0.126229 0.000000
vt 0.079833 -0.075738 0.000000
vt 0.079833 -0.025246 0.000000
vt 0.079833 0.025246 0.000000
vt 0.084107 -0.176721 0.000000
vt 0.104720 -0.122753 0.000000
vt 0.118317 -0.063242 0.000000
vt 0.123096 -0.000000 0.000000
vt 0.118317 0.063242 0.000000
vt 0.039940 0.154639 0.000000
vt -0.004661 0.134483 0.000000
vt -0.015383 0.004026 0.000000
vt -0.000000 0.800000 0.000000
vt 0.156072 0.784628 0.000000
vt 0.900000 0.800000 0.000000
vt 0.306147 0.739104 0.000000
vt 0.444456 0.665176 0.000000
vt 0.565685 0.565685 0.000000
vt 0.665176 0.444456 0.000000
vt 0.739104 0.306147 0.000000
vt 0.784628 0.156072 0.000000
vt 0.800000 0.000000 0.000000
vt 0.900000 -0.900000 0.000000
vt 0.784628 -0.156072 0.000000
vt 0.739104 -0.306147 0.000000
vt 0.665176 -0.444456 0.000000
vt 0.565685 -0.565685 0.000000
vt 0.800000 -1.000000 0.000000
vt 0.444456 -0.665176 0.000000
vt 0.306147 -0.739104 0.000000
vt 0.156072 -0.784628 0.000000
vt -0.000000 -0.800000 0.000000
vt -0.800000 -1.000000 0.000000
vt -0.156072 -0.784628 0.000000
vt -0.306147 -0.739104 0.000000
vt -0.444456 -0.665176 0.000000
vt -0.565685 -0.565685 0.000000
vt -0.900000 -0.900000 0.000000
vt -0.665176 -0.444456 0.000000
vt -0.739104 -0.306147 0.000000
vt -0.784628 -0.156072 0.000000
vt -0.800000 0.000000 0.000000
vt -0.900000 0.800000 0.000000
vt -0.784628 0.156072 0.000000
vt -0.739104 0.306147 0.000000
vt -0.665176 0.444456 0.000000
vt -0.565685 0.565685 0.000000
vt -0.444456 0.665176 0.000000
vt -0.306147 0.739104 0.000000
vt -0.156072 0.784628 0.000000
vt -0.896593 -0.925882 0.000000
vt -0.886603 -0.950000 0.000000
vt -0.870711 -0.970711 0.000000
vt -0.850000 -0.986603 0.000000
vt -0.825882 -0.996593 0.000000
vt 0.825882 -0.996593 0.000000
vt 0.850000 -0.986603 0.000000
vt 0.870711 -0.970711 0.000000
vt 0.886603 -0.950000 0.000000
vt 0.896593 -0.925882 0.000000
vt -0.100000 0.200000 0.000000
vt 1.700000 0.200000 0.000000
vt -0.100000 0.588300 0.000000
vt 1.700000 0.588300 0.000000
vt 0.200000 0.052360 0.000000
vt 0.588300 0.052360 0.000000
vt 0.200000 0.087266 0.000000
vt 0.588300 0.087266 0.000000
vt 0.588300 0.122173 0.000000
vt 0.588300 0.157080 0.000000
vt 0.200000 0.157080 0.000000
vt 0.200000 0.122173 0.000000
vt 0.000000 1.099557 0.000000
vt 0.588300 1.256637 0.000000
vt 0.000000 1.256637 0.000000
vt 0.588300 1.413717 0.000000
vt 0.000000 1.413717 0.000000
vt 0.588300 1.570796 0.000000
vt 0.000000 1.570796 0.000000
vt 0.588300 1.727876 0.000000
vt 0.000000 1.727876 0.000000
vt 0.588300 1.884956 0.000000
vt 0.000000 1.884956 0.000000
vt 0.588300 2.042035 0.000000
vt 0.000000 2.042035 0.000000
vt 0.588300 2.199115 0.000000
vt 0.000000 2.199115 0.000000
vt 0.588300 2.356194 0.000000
vt 0.000000 2.356194 0.000000
vt 0.000000 2.513274 0.000000
vt 0.588300 2.513274 0.000000
vt 0.000000 -2.513274 0.000000
vt 0.588300 -2.513274 0.000000
vt 0.000000 -2.356194 0.000000
vt 0.588300 -2.356194 0.000000
vt 0.588300 -2.199115 0.000000
vt 0.588300 1.099557 0.000000
vt 0.000000 0.942478 0.000000
vt 0.588300 0.942478 0.000000
vt 0.000000 0.785398 0.000000
vt 0.588300 0.785398 0.000000
vt 0.000000 0.628319 0.000000
vt 0.588300 0.628319 0.000000
vt 0.000000 0.471239 0.000000
vt 0.588300 0.471239 0.000000
vt 0.000000 0.314159 0.000000
vt 0.588300 0.314159 0.000000
vt 0.000000 0.157080 0.000000
vt 0.588300 0.157080 0.000000
vt 0.000000 0.000000 0.000000
vt 0.588300 0.000000 0.000000
vt 0.000000 -0.157080 0.000000
vt 0.588300 -0.157080 0.000000
vt 0.000000 -0.314159 0.000000
vt 0.588300 -0.314159 0.000000
vt 0.000000 -0.471239 0.000000
vt 0.588300 -0.471239 0.000000
vt 0.000000 -0.628319 0.000000
vt 0.588300 -0.628319 0.000000
vt 0.000000 -0.785398 0.000000
vt 0.588300 -0.785398 0.000000
vt 0.000000 -0.942478 0.000000
vt 0.588300 -0.942478 0.000000
vt 0.000000 -1.099557 0.000000
vt 0.588300 -1.099557 0.000000
vt 0.000000 -1.256637 0.000000
vt 0.588300 -1.256637 0.000000
vt 0.000000 -1.413717 0.000000
vt 0.588300 -1.413717 0.000000
vt 0.000000 -1.570796 0.000000
vt 0.588300 -1.570796 0.000000
vt 0.000000 -1.727876 0.000000
vt 0.588300 -1.727876 0.000000
vt 0.000000 -1.884956 0.000000
vt 0.588300 -1.884956 0.000000
vt 0.000000 -2.042035 0.000000
vt 0.588300 -2.042035 0.000000
vt 0.000000 -2.199115 0.000000
vn -0.428162 0.903702 -0.000000
vn -0.594275 0.804262 0.000000
vn -0.616025 0.787727 0.000000
vn -0.777644 0.628705 0.000000
vn -0.792451 0.609936 0.000000
vn -0.910898 0.412631 0.000000
vn -0.919162 0.393880 0.000000
vn -0.985450 0.169966 0.000000
vn -0.988209 0.153114 0.000000
vn -0.996495 -0.083653 0.000000
vn -0.995259 -0.097258 0.000000
vn -0.943321 -0.331881 0.000000
vn -0.939872 -0.341528 0.000000
vn -0.829356 -0.558720 0.000000
vn -0.825520 -0.564372 0.000000
vn -0.661943 -0.749554 0.000000
vn -0.659380 -0.751810 0.000000
vn -0.451872 -0.892083 0.000000
vn -0.451872 -0.892083 0.000000
vn -0.372609 0.927989 -0.000000
vn -0.219429 0.975629 -0.000000
vn -0.126930 0.991912 -0.000000
vn -0.000000 1.000000 -0.000000
vn 0.126930 0.991912 -0.000000
vn 0.219429 0.975629 -0.000000
vn 0.372609 0.927989 -0.000000
vn 0.428162 0.903702 -0.000000
vn 0.594275 0.804262 -0.000000
vn 0.616025 0.787727 -0.000000
vn 0.777644 0.628705 -0.000000
vn 0.616025 0.787727 -0.000000
vn 0.792451 0.609936 -0.000000
vn 0.910898 0.412631 -0.000000
vn 0.919162 0.393880 -0.000000
vn 0.985450 0.169966 -0.000000
vn 0.988209 0.153114 -0.000000
vn 0.996495 -0.083653 -0.000000
vn 0.995259 -0.097258 -0.000000
vn 0.943321 -0.331881 -0.000000
vn 0.939872 -0.341528 -0.000000
vn 0.829356 -0.558720 -0.000000
vn 0.825520 -0.564372 -0.000000
vn 0.661943 -0.749554 -0.000000
vn 0.659380 -0.751810 -0.000000
vn 0.451872 -0.892083 0.000000
vn 0.451872 -0.892083 0.000000
vn -0.000000 -0.000000 -1.000000
vn -0.000000 -0.000000 -1.000000
vn -0.000000 -0.000000 -1.000000
vn -0.000000 -0.000000 -1.000000
vn -0.000000 -0.000000 -1.000000
vn -0.000000 -0.000000 -1.000000
vn -0.000000 -0.000000 -1.000000
vn -0.000000 -0.000000 -1.000000
vn -0.000000 -0.000000 -1.000000
vn -0.000000 -0.000000 -1.000000
vn -0.000000 -0.000000 -1.000000
vn -0.000000 -0.000000 -1.000000
vn -0.000000 -0.000000 -1.000000
vn -0.000000 -0.000000 -1.000000
vn -0.000000 -0.000000 -1.000000
vn -0.000000 -0.000000 -1.000000
vn -0.000000 -0.000000 -1.000000
vn -0.000000 -0.000000 -1.000000
vn -0.000000 -0.000000 -1.000000
vn -0.000000 -0.000000 -1.000000
vn -0.000000 -0.000000 -1.000000
vn -0.000000 -0.000000 -1.000000
vn -0.000000 -0.000000 -1.000000
vn -0.000000 -0.000000 -1.000000
vn -0.000000 -0.000000 -1.000000
vn -0.000000 -0.000000 -1.000000
vn -0.000000 -0.000000 -1.000000
vn -0.000000 -0.000000 -1.000000
vn -0.000000 -0.000000 -1.000000
vn -0.000000 -0.000000 -1.000000
vn -0.000000 -0.000000 -1.000000
vn -0.000000 -0.000000 -1.000000
vn -0.000000 -0.000000 -1.000000
vn -0.000000 -0.000000 -1.000000
vn -0.000000 -0.000000 -1.000000
vn -0.000000 -0.000000 -1.000000
vn -0.000000 -0.000000 -1.000000
vn -0.000000 -0.000000 -1.000000
vn -0.000000 -0.000000 -1.000000
vn -0.000000 -0.000000 -1.000000
vn -0.000000 -0.000000 -1.000000
vn -0.000000 -0.000000 -1.000000
vn -0.000000 -0.000000 -1.000000
vn -0.000000 -0.000000 -1.000000
vn -0.000000 -0.000000 -1.000000
vn -0.000000 -0.000000 -1.000000
vn -0.000000 -0.000000 -1.000000
vn -0.000000 -0.000000 -1.000000
vn -0.792451 -0.609936 0.000000
vn -0.777644 -0.628705 0.000000
vn -0.616025 -0.787727 0.000000
vn -0.594275 -0.804262 0.000000
vn -0.428162 -0.903702 0.000000
vn -0.372609 -0.927989 0.000000
vn -0.219429 -0.975629 0.000000
vn -0.126930 -0.991912 0.000000
vn -0.000000 -1.000000 0.000000
vn 0.126930 -0.991912 0.000000
vn 0.219429 -0.975629 0.000000
vn 0.372609 -0.927989 0.000000
vn 0.428162 -0.903702 0.000000
vn 0.594275 -0.804262 -0.000000
vn 0.616025 -0.787727 -0.000000
vn 0.777644 -0.628705 -0.000000
vn 0.616025 -0.787727 -0.000000
vn 0.792451 -0.609936 -0.000000
vn 0.910898 -0.412631 -0.000000
vn 0.919162 -0.393880 -0.000000
vn 0.985450 -0.169966 -0.000000
vn 0.988209 -0.153114 -0.000000
vn 0.996495 0.083653 -0.000000
vn 0.995259 0.097258 -0.000000
vn 0.943321 0.331881 -0.000000
vn 0.939872 0.341528 -0.000000
vn 0.829356 0.558720 -0.000000
vn 0.825520 0.564372 -0.000000
vn 0.661943 0.749554 -0.000000
vn 0.659380 0.751810 -0.000000
vn 0.451872 0.892083 -0.000000
vn 0.451872 0.892083 -0.000000
vn -0.910898 -0.412631 0.000000
vn -0.919162 -0.393880 0.000000
vn -0.985450 -0.169966 0.000000
vn -0.988209 -0.153114 0.000000
vn -0.996495 0.083653 0.000000
vn -0.995259 0.097258 0.000000
vn -0.943321 0.331881 0.000000
vn -0.939872 0.341528 0.000000
vn -0.829356 0.558720 0.000000
vn -0.825520 0.564372 0.000000
vn -0.661943 0.749554 0.000000
vn -0.659380 0.751810 0.000000
vn -0.451872 0.892083 -0.000000
vn -0.451872 0.892083 -0.000000
vn -0.000000 -0.000000 -1.000000
vn -0.000000 -0.000000 -1.000000
vn -0.000000 -0.000000 -1.000000
vn -0.000000 -0.000000 -1.000000
vn -0.000000 -0.000000 -1.000000
vn -0.000000 -0.000000 -1.000000
vn -0.000000 -0.000000 -1.000000
vn -0.000000 -0.000000 -1.000000
vn -0.000000 -0.000000 -1.000000
vn -0.000000 -0.000000 -1.000000
vn -0.000000 -0.000000 -1.000000
vn -0.000000 -0.000000 -1.000000
vn -0.000000 -0.000000 -1.000000
vn -0.000000 -0.000000 -1.000000
vn -0.000000 -0.000000 -1.000000
vn -0.000000 -0.000000 -1.000000
vn -0.000000 -0.000000 -1.000000
vn -0.000000 -0.000000 -1.000000
vn -0.000000 -0.000000 -1.000000
vn -0.000000 -0.000000 -1.000000
vn -0.000000 -0.000000 -1.000000
vn -0.000000 -0.000000 -1.000000
vn -0.000000 -0.000000 -1.000000
vn -0.000000 -0.000000 -1.000000
vn -0.000000 -0.000000 -1.000000
vn -0.000000 -0.000000 -1.000000
vn -0.000000 -0.000000 -1.000000
vn -0.000000 -0.000000 -1.000000
vn -0.000000 -0.000000 -1.000000
vn -0.000000 -0.000000 -1.000000
vn -0.000000 -0.000000 -1.000000
vn -0.000000 -0.000000 -1.000000
vn -0.000000 -0.000000 -1.000000
vn -0.000000 -0.000000 -1.000000
vn -0.000000 -0.000000 -1.000000
vn -0.000000 -0.000000 -1.000000
vn -0.000000 -0.000000 -1.000000
vn -0.000000 -0.000000 -1.000000
vn -0.000000 -0.000000 -1.000000
vn -0.000000 -0.000000 -1.000000
vn -0.000000 -0.000000 -1.000000
vn -0.000000 -0.000000 -1.000000
vn -0.000000 -0.000000 -1.000000
vn -0.000000 -0.000000 -1.000000
vn -0.000000 -0.000000 -1.000000
vn -0.000000 -0.000000 -1.000000
vn -0.000000 -0.000000 -1.000000
vn -0.000000 -0.000000 -1.000000
vn -0.000000 -0.000000 -1.000000
vn -0.000000 -0.000000 -1.000000
vn -0.000000 -0.000000 -1.000000
vn -0.000000 -0.000000 -1.000000
vn -0.000000 -0.000000 -1.000000
vn -0.000000 -0.000000 -1.000000
vn -0.000000 -0.000000 -1.000000
vn -0.000000 -0.000000 -1.000000
vn -0.000000 -0.000000 -1.000000
vn -0.000000 -0.000000 -1.000000
vn -0.000000 -0.000000 -1.000000
vn -0.000000 -0.000000 -1.000000
vn -0.000000 -0.000000 -1.000000
vn -0.000000 -0.000000 -1.000000
vn -0.000000 -0.000000 -1.000000
vn -0.000000 -0.000000 -1.000000
vn -0.000000 -0.000000 -1.000000
vn -0.000000 -0.000000 -1.000000
vn -0.000000 -0.000000 -1.000000
vn -0.000000 -0.000000 -1.000000
vn -0.000000 -0.000000 -1.000000
vn -0.000000 -0.000000 -1.000000
vn -0.000000 -0.000000 -1.000000
vn -0.000000 -0.000000 -1.000000
vn -0.000000 -0.000000 -1.000000
vn -0.000000 -0.000000 -1.000000
vn -0.000000 -0.000000 -1.000000
vn -0.000000 -0.000000 -1.000000
vn -0.000000 -0.000000 -1.000000
vn -0.000000 -0.000000 -1.000000
vn -0.000000 -0.000000 -1.000000
vn -0.000000 -0.000000 -1.000000
vn -0.000000 -0.000000 -1.000000
vn -0.000000 -0.000000 -1.000000
vn -0.000000 -0.000000 -1.000000
vn -0.000000 -0.000000 -1.000000
vn -0.000000 -0.000000 -1.000000
vn -0.000000 -0.000000 -1.000000
vn -0.000000 -0.000000 -1.000000
vn -0.000000 -0.000000 -1.000000
vn -0.000000 -0.000000 -1.000000
vn -0.000000 -0.000000 -1.000000
vn -0.000000 -0.000000 -1.000000
vn -0.000000 -0.000000 -1.000000
vn -0.000000 -0.000000 -1.000000
vn -0.000000 -0.000000 -1.000000
vn -0.000000 -0.000000 -1.000000
vn -0.000000 -0.000000 -1.000000
vn -0.000000 -0.000000 -1.000000
vn -0.000000 -0.000000 -1.000000
vn -0.000000 -0.000000 -1.000000
vn -0.000000 -0.000000 -1.000000
vn -0.000000 -0.000000 -1.000000
vn -0.000000 -0.000000 -1.000000
vn -0.000000 -0.000000 -1.000000
vn -0.000000 -0.000000 -1.000000
vn -0.000000 1.000000 -0.000000
vn -0.000000 1.000000 -0.000000
vn -0.000000 1.000000 -0.000000
vn -0.000000 1.000000 -0.000000
vn -0.000000 1.000000 -0.000000
vn -0.000000 1.000000 -0.000000
vn -0.000000 1.000000 -0.000000
vn -0.000000 1.000000 -0.000000
vn -0.000000 1.000000 -0.000000
vn -0.000000 -0.000000 -1.000000
vn -0.000000 -0.000000 -1.000000
vn -0.000000 -0.000000 -1.000000
vn -0.000000 -0.000000 -1.000000
vn -0.000000 -0.000000 -1.000000
vn -0.000000 -0.000000 -1.000000
vn -0.000000 -0.000000 -1.000000
vn -0.000000 -0.000000 -1.000000
vn -0.000000 -0.000000 -1.000000
vn -0.000000 -0.000000 -1.000000
vn -0.000000 -0.000000 -1.000000
vn -0.000000 -0.000000 -1.000000
vn -0.000000 -0.000000 -1.000000
vn -0.000000 -0.000000 -1.000000
vn -0.000000 -0.000000 -1.000000
vn -0.000000 -0.000000 -1.000000
vn -0.000000 -0.000000 -1.000000
vn -0.000000 -0.000000 -1.000000
vn -0.000000 -0.000000 -1.000000
vn -0.000000 -0.000000 -1.000000
vn -0.000000 -0.000000 -1.000000
vn -0.000000 -0.000000 -1.000000
vn -0.000000 -0.000000 -1.000000
vn -0.000000 -0.000000 -1.000000
vn -0.000000 -0.000000 -1.000000
vn -0.000000 -0.000000 -1.000000
vn -0.000000 -0.000000 -1.000000
vn -0.000000 -0.000000 -1.000000
vn -0.000000 -0.000000 -1.000000
vn -0.000000 -0.000000 -1.000000
vn -0.000000 -0.000000 -1.000000
vn -0.000000 -0.000000 -1.000000
vn -0.000000 -0.000000 -1.000000
vn -0.000000 -0.000000 -1.000000
vn -0.000000 -0.000000 -1.000000
vn -0.000000 -0.000000 -1.000000
vn -0.000000 -0.000000 -1.000000
vn -0.000000 -0.000000 -1.000000
vn -0.000000 -0.000000 -1.000000
vn -0.000000 -0.000000 -1.000000
vn -0.000000 -0.000000 -1.000000
vn -0.000000 -0.000000 -1.000000
vn -0.000000 -0.000000 -1.000000
vn -0.000000 -0.000000 -1.000000
vn -0.000000 -0.000000 -1.000000
vn -0.000000 -0.000000 -1.000000
vn -0.000000 -0.000000 -1.000000
vn -0.000000 -0.000000 -1.000000
vn -0.000000 -0.000000 -1.000000
vn -0.000000 -0.000000 -1.000000
vn -0.000000 -0.000000 -1.000000
vn -0.000000 -0.000000 -1.000000
vn -0.000000 -0.000000 -1.000000
vn -0.000000 -0.000000 -1.000000
vn -0.000000 -0.000000 -1.000000
vn -0.000000 -0.000000 -1.000000
vn -0.000000 -0.000000 -1.000000
vn -0.000000 -0.000000 -1.000000
vn -0.000000 -0.000000 -1.000000
vn -0.000000 -0.000000 -1.000000
vn -0.000000 -0.000000 -1.000000
vn -0.000000 -0.000000 -1.000000
vn -0.000000 -0.000000 -1.000000
vn -0.000000 -0.000000 -1.000000
vn -0.000000 -0.000000 -1.000000
vn -0.000000 -0.000000 -1.000000
vn 0.258819 -0.965926 0.000000
vn 0.258819 -0.965926 0.000000
vn 0.000000 -1.000000 0.000000
vn 0.000000 -1.000000 0.000000
vn -0.258819 -0.965926 0.000000
vn -0.258819 -0.965926 0.000000
vn -0.500000 -0.866025 0.000000
vn -0.500000 -0.866025 0.000000
vn -0.707107 -0.707107 0.000000
vn -0.707107 -0.707107 0.000000
vn -0.866025 -0.500000 0.000000
vn -0.866025 -0.500000 0.000000
vn -0.965926 -0.258819 0.000000
vn -0.965926 -0.258819 0.000000
vn -1.000000 -0.000000 0.000000
vn -1.000000 -0.000000 0.000000
vn -0.965926 0.258819 0.000000
vn -0.965926 0.258819 0.000000
vn -0.866025 0.500000 0.000000
vn -0.866025 0.500000 0.000000
vn -0.707107 0.707107 0.000000
vn -0.707107 0.707107 0.000000
vn -0.500000 0.866025 -0.000000
vn -0.500000 0.866025 -0.000000
vn -0.258819 0.965926 -0.000000
vn -0.258819 0.965926 -0.000000
vn -0.000000 1.000000 -0.000000
vn -0.000000 1.000000 -0.000000
vn 0.258819 0.965926 -0.000000
vn 0.258819 0.965926 -0.000000
vn 0.500000 0.866025 -0.000000
vn 0.500000 0.866025 -0.000000
vn 0.707107 0.707107 -0.000000
vn 0.707107 0.707107 -0.000000
vn 0.866025 0.500000 -0.000000
vn 0.866025 0.500000 -0.000000
vn 0.965926 0.258819 -0.000000
vn 0.965926 0.258819 -0.000000
vn 1.000000 0.000000 -0.000000
vn 1.000000 0.000000 -0.000000
vn 0.965926 -0.258819 -0.000000
vn 0.965926 -0.258819 -0.000000
vn 0.866025 -0.500000 -0.000000
vn 0.866025 -0.500000 -0.000000
vn 0.707107 -0.707107 -0.000000
vn 0.707107 -0.707107 -0.000000
vn 0.500000 -0.866025 0.000000
vn 0.500000 -0.866025 0.000000
vn 0.258819 -0.965926 0.000000
vn 0.258819 -0.965926 0.000000
vn 0.000000 -1.000000 0.000000
vn 0.000000 -1.000000 0.000000
vn -0.258819 -0.965926 0.000000
vn -0.258819 -0.965926 0.000000
vn -0.500000 -0.866025 0.000000
vn -0.500000 -0.866025 0.000000
vn -0.707107 -0.707107 0.000000
vn -0.707107 -0.707107 0.000000
vn -0.866025 -0.500000 0.000000
vn -0.866025 -0.500000 0.000000
vn -0.965926 -0.258819 0.000000
vn -0.965926 -0.258819 0.000000
vn -1.000000 -0.000000 0.000000
vn -1.000000 -0.000000 0.000000
vn -0.965926 0.258819 0.000000
vn -0.965926 0.258819 0.000000
vn -0.866025 0.500000 0.000000
vn -0.866025 0.500000 0.000000
vn -0.707107 0.707107 0.000000
vn -0.707107 0.707107 0.000000
vn -0.500000 0.866025 -0.000000
vn -0.500000 0.866025 -0.000000
vn -0.258819 0.965926 -0.000000
vn -0.258819 0.965926 -0.000000
vn -0.000000 1.000000 -0.000000
vn -0.000000 1.000000 -0.000000
vn 0.258819 0.965926 -0.000000
vn 0.258819 0.965926 -0.000000
vn 0.500000 0.866025 -0.000000
vn 0.500000 0.866025 -0.000000
vn 0.707107 0.707107 -0.000000
vn 0.707107 0.707107 -0.000000
vn 0.866025 0.500000 -0.000000
vn 0.866025 0.500000 -0.000000
vn 0.965926 0.258819 -0.000000
vn 0.965926 0.258819 -0.000000
vn 1.000000 0.000000 -0.000000
vn 1.000000 0.000000 -0.000000
vn 0.965926 -0.258819 -0.000000
vn 0.965926 -0.258819 -0.000000
vn 0.866025 -0.500000 -0.000000
vn 0.866025 -0.500000 -0.000000
vn 0.707107 -0.707107 -0.000000
vn 0.707107 -0.707107 -0.000000
vn 0.500000 -0.866025 0.000000
vn 0.500000 -0.866025 0.000000
vn 0.000000 -1.000000 0.000000
vn 0.000000 -1.000000 0.000000
vn 0.000000 -1.000000 0.000000
vn 0.000000 -1.000000 0.000000
vn 0.000000 -1.000000 0.000000
vn 0.000000 -1.000000 0.000000
vn 0.000000 -1.000000 0.000000
vn 0.000000 -1.000000 0.000000
vn 0.000000 -1.000000 0.000000
vn -0.029764 0.999557 -0.000000
vn -0.089185 0.996015 -0.000000
vn -0.112013 0.993707 -0.000000
vn -0.089185 0.996015 -0.000000
vn -0.213433 0.976958 -0.000000
vn -0.255727 0.966749 -0.000000
vn -0.334309 0.942464 -0.000000
vn -0.393975 0.919121 -0.000000
vn -0.449902 0.893078 -0.000000
vn -0.523798 0.851842 0.000000
vn -0.558386 0.829581 0.000000
vn -0.642423 0.766351 0.000000
vn -0.658048 0.752976 0.000000
vn -0.747312 0.664474 0.000000
vn -0.747312 0.664474 0.000000
vn 0.034097 0.999419 -0.000000
vn 0.029764 0.999557 -0.000000
vn 0.089185 0.996015 -0.000000
vn 0.179477 0.983762 -0.000000
vn 0.089185 0.996015 -0.000000
vn 0.228365 0.973575 -0.000000
vn 0.321020 0.947072 -0.000000
vn 0.363007 0.931786 -0.000000
vn 0.455700 0.890133 -0.000000
vn 0.490434 0.871478 -0.000000
vn 0.580636 0.814163 -0.000000
vn 0.608113 0.793850 -0.000000
vn 0.693158 0.720785 -0.000000
vn 0.713707 0.700444 -0.000000
vn 0.790860 0.611997 -0.000000
vn 0.805116 0.593117 -0.000000
vn 0.871653 0.490123 -0.000000
vn 0.880524 0.474002 -0.000000
vn 0.933810 0.357771 -0.000000
vn 0.938431 0.345467 -0.000000
vn 0.976000 0.217769 -0.000000
vn 0.977687 0.210065 -0.000000
vn 0.997324 0.073111 -0.000000
vn 0.997513 0.070489 -0.000000
vn 0.997513 -0.070489 -0.000000
vn 0.997324 -0.073111 -0.000000
vn 0.977687 -0.210065 -0.000000
vn 0.976000 -0.217769 -0.000000
vn 0.938431 -0.345467 -0.000000
vn 0.933810 -0.357771 -0.000000
vn 0.880524 -0.474002 -0.000000
vn 0.871653 -0.490123 -0.000000
vn 0.805116 -0.593117 -0.000000
vn 0.790860 -0.611997 -0.000000
vn 0.713707 -0.700444 -0.000000
vn 0.693158 -0.720785 -0.000000
vn 0.608113 -0.793850 -0.000000
vn 0.580636 -0.814163 -0.000000
vn 0.490434 -0.871478 0.000000
vn 0.455700 -0.890133 0.000000
vn 0.363007 -0.931786 0.000000
vn 0.321020 -0.947072 0.000000
vn 0.228365 -0.973575 0.000000
vn 0.179477 -0.983762 0.000000
vn 0.089185 -0.996015 0.000000
vn 0.089185 -0.996015 0.000000
vn 0.034097 -0.999419 0.000000
vn 0.029764 -0.999557 0.000000
vn -0.029764 -0.999557 0.000000
vn -0.112013 -0.993707 0.000000
vn -0.089185 -0.996015 0.000000
vn -0.089185 -0.996015 0.000000
vn -0.213433 -0.976958 0.000000
vn -0.255727 -0.966749 0.000000
vn -0.334309 -0.942464 0.000000
vn -0.393975 -0.919121 0.000000
vn -0.449902 -0.893078 0.000000
vn -0.523798 -0.851842 0.000000
vn -0.558386 -0.829581 0.000000
vn -0.642423 -0.766351 0.000000
vn -0.658048 -0.752976 0.000000
vn -0.747312 -0.664474 0.000000
vn -0.747312 -0.664474 0.000000
vn 0.000000 0.000000 1.000000
vn 0.000000 0.000000 1.000000
vn 0.000000 0.000000 1.000000
vn 0.000000 0.000000 1.000000
vn 0.000000 0.000000 1.000000
vn 0.000000 0.000000 1.000000
vn 0.000000 0.000000 1.000000
vn 0.000000 0.000000 1.000000
vn 0.000000 0.000000 1.000000
vn 0.000000 0.000000 1.000000
vn 0.000000 0.000000 1.000000
vn 0.000000 0.000000 1.000000
vn 0.000000 0.000000 1.000000
vn 0.000000 0.000000 1.000000
vn 0.000000 0.000000 1.000000
vn 0.000000 0.000000 1.000000
vn 0.000000 0.000000 1.000000
vn 0.000000 0.000000 1.000000
vn 0.000000 0.000000 1.000000
vn 0.000000 0.000000 1.000000
vn 0.000000 0.000000 1.000000
vn 0.000000 0.000000 1.000000
vn 0.000000 0.000000 1.000000
vn 0.000000 0.000000 1.000000
vn 0.000000 0.000000 1.000000
vn 0.000000 0.000000 1.000000
vn 0.000000 0.000000 1.000000
vn 0.000000 0.000000 1.000000
vn 0.000000 0.000000 1.000000
vn 0.000000 0.000000 1.000000
vn 0.000000 0.000000 1.000000
vn 0.000000 0.000000 1.000000
vn 0.000000 0.000000 1.000000
vn 0.000000 0.000000 1.000000
vn 0.000000 0.000000 1.000000
vn 0.000000 0.000000 1.000000
vn 0.000000 0.000000 1.000000
vn 0.000000 0.000000 1.000000
vn 0.000000 0.000000 1.000000
vn 0.000000 0.000000 1.000000
vn 0.000000 0.000000 1.000000
vn 0.000000 0.000000 1.000000
vn 0.000000 0.000000 1.000000
vn 0.000000 0.000000 1.000000
vn 0.000000 0.000000 1.000000
vn 0.000000 0.000000 1.000000
vn 0.000000 0.000000 1.000000
vn 0.000000 0.000000 1.000000
vn 0.000000 0.000000 1.000000
vn 0.000000 0.000000 1.000000
vn 0.000000 0.000000 1.000000
vn 0.000000 0.000000 1.000000
vn 0.000000 0.000000 1.000000
vn 0.000000 0.000000 1.000000
vn 0.000000 0.000000 1.000000
vn 0.000000 0.000000 1.000000
vn 0.000000 0.000000 1.000000
vn 0.000000 0.000000 1.000000
vn 0.000000 0.000000 1.000000
vn 0.000000 0.000000 1.000000
vn 0.000000 0.000000 1.000000
vn 0.000000 0.000000 1.000000
vn 0.000000 0.000000 1.000000
vn 0.000000 0.000000 1.000000
vn 0.000000 0.000000 1.000000
vn 0.000000 0.000000 1.000000
vn 0.000000 0.000000 1.000000
vn 0.000000 0.000000 1.000000
vn 0.000000 0.000000 1.000000
vn 0.000000 0.000000 1.000000
vn 0.000000 0.000000 1.000000
vn 0.000000 0.000000 1.000000
vn 0.000000 0.000000 1.000000
vn 0.000000 0.000000 1.000000
vn 0.000000 0.000000 1.000000
vn 0.000000 0.000000 1.000000
vn 0.000000 0.000000 1.000000
vn 0.000000 0.000000 1.000000
vn 0.000000 0.000000 1.000000
vn 0.000000 0.000000 1.000000
vn 0.000000 0.000000 1.000000
vn 0.000000 0.000000 1.000000
vn 0.000000 0.000000 1.000000
vn 0.000000 0.000000 1.000000
vn 0.000000 0.000000 1.000000
vn 0.000000 0.000000 1.000000
vn 0.000000 0.000000 1.000000
vn 0.000000 0.000000 1.000000
vn 0.000000 0.000000 1.000000
vn 0.000000 0.000000 1.000000
vn 0.000000 0.000000 1.000000
vn 0.000000 0.000000 1.000000
vn 0.000000 0.000000 1.000000
vn 0.000000 0.000000 1.000000
vn 0.000000 0.000000 1.000000
vn 0.000000 0.000000 1.000000
vn 0.000000 0.000000 1.000000
vn 0.000000 0.000000 1.000000
vn 0.000000 0.000000 1.000000
vn 0.000000 0.000000 1.000000
vn 0.000000 0.000000 1.000000
vn 0.000000 0.000000 1.000000
vn 0.000000 0.000000 1.000000
vn 0.000000 0.000000 1.000000
vn 0.000000 0.000000 1.000000
vn -0.800000 -0.600000 0.000000
vn -0.800000 -0.600000 0.000000
vn -0.909382 -0.415962 0.000000
vn -0.909382 -0.415962 0.000000
vn -0.977083 -0.212859 0.000000
vn -0.977083 -0.212859 0.000000
vn -1.000000 -0.000000 0.000000
vn -1.000000 -0.000000 0.000000
vn -0.889814 -0.396551 0.225784
vn -0.773618 -0.600000 0.203751
vn -0.761801 -0.593283 0.260143
vn -0.696214 -0.600000 0.394064
vn -0.695340 -0.516772 0.499449
vn -0.572891 -0.600000 0.558387
vn -0.581918 -0.405358 0.705022
vn -0.406262 -0.581184 0.705107
vn -0.267401 -0.428518 0.863058
vn -0.077652 -0.552254 0.830052
vn 0.000000 -0.469901 0.882719
vn 0.000000 -0.669672 0.742657
vn -0.200255 -0.715522 0.669273
vn 0.000000 -0.829581 0.558387
vn -0.208533 -0.802944 0.558387
vn -0.403674 -0.724743 0.558387
vn -0.110479 -0.246910 0.962720
vn 0.000000 -0.242158 0.970237
vn 0.000000 0.000000 1.000000
vn -0.247482 -0.109774 0.962654
vn -0.258819 0.000000 0.965926
vn -0.500000 0.000000 0.866025
vn -0.707107 0.000000 0.707107
vn -0.552730 -0.076716 0.829822
vn -0.429193 -0.266568 0.862980
vn -0.716039 -0.199239 0.669023
vn -0.866025 0.000000 0.500000
vn -0.830988 -0.308306 0.463040
vn -0.915993 -0.082475 0.392626
vn -0.970034 -0.183430 0.159333
vn -0.965926 -0.000000 0.258819
vn 0.000000 -0.669672 0.742657
vn 0.000000 -0.829581 0.558387
vn 0.000000 -0.669672 0.742657
vn 0.000000 -0.469901 0.882719
vn 0.000000 -0.469901 0.882719
vn 0.000000 -0.242158 0.970237
vn 0.000000 -0.242158 0.970237
vn 0.000000 0.000000 1.000000
vn -0.000000 -0.669672 0.742657
vn -0.000000 -0.829581 0.558387
vn 0.173324 -0.646854 0.742657
vn 0.214711 -0.801314 0.558387
vn 0.334836 -0.579953 0.742657
vn 0.414790 -0.718438 0.558387
vn 0.473530 -0.473530 0.742657
vn 0.586602 -0.586602 0.558387
vn 0.579953 -0.334836 0.742657
vn 0.718438 -0.414790 0.558387
vn 0.646854 -0.173324 0.742657
vn 0.801314 -0.214711 0.558387
vn 0.669672 0.000000 0.742657
vn 0.829581 0.000000 0.558387
vn 0.469901 0.000000 0.882719
vn 0.453889 -0.121619 0.882719
vn 0.406946 -0.234950 0.882719
vn 0.332270 -0.332270 0.882719
vn 0.234950 -0.406946 0.882719
vn 0.121619 -0.453889 0.882719
vn -0.000000 -0.469901 0.882719
vn 0.062675 -0.233906 0.970237
vn -0.000000 -0.242158 0.970237
vn 0.000000 0.000000 1.000000
vn 0.000000 -0.000000 1.000000
vn 0.242158 0.000000 0.970237
vn 0.233906 -0.062675 0.970237
vn 0.209715 -0.121079 0.970237
vn 0.171231 -0.171231 0.970237
vn 0.121079 -0.209715 0.970237
vn 0.000000 -0.000000 1.000000
vn -0.000000 -0.000000 1.000000
vn -0.000000 0.000000 1.000000
vn -0.000000 0.000000 1.000000
vn -0.000000 0.000000 1.000000
vn 0.669672 0.000000 0.742657
vn 0.829581 0.000000 0.558387
vn 0.669672 0.000000 0.742657
vn 0.829581 0.000000 0.558387
vn 0.669672 0.000000 0.742657
vn 0.469901 0.000000 0.882719
vn 0.469901 0.000000 0.882719
vn 0.242158 0.000000 0.970237
vn 0.242158 0.000000 0.970237
vn 0.000000 0.000000 1.000000
vn 0.000000 0.000000 1.000000
vn 0.242158 0.000000 0.970237
vn 0.469901 0.000000 0.882719
vn 0.669672 -0.000000 0.742657
vn 0.829581 -0.000000 0.558387
vn 0.646854 0.173324 0.742657
vn 0.801314 0.214711 0.558387
vn 0.579953 0.334836 0.742657
vn 0.718438 0.414790 0.558387
vn 0.473530 0.473530 0.742657
vn 0.586602 0.586602 0.558387
vn 0.334836 0.579953 0.742657
vn 0.414790 0.718438 0.558387
vn 0.173324 0.646854 0.742657
vn 0.214711 0.801314 0.558387
vn -0.000000 0.669672 0.742657
vn -0.000000 0.829581 0.558387
vn -0.000000 0.469901 0.882719
vn 0.121619 0.453889 0.882719
vn 0.234950 0.406946 0.882719
vn 0.332270 0.332270 0.882719
vn 0.406946 0.234950 0.882719
vn 0.453889 0.121619 0.882719
vn 0.469901 -0.000000 0.882719
vn 0.233906 0.062675 0.970237
vn 0.242158 -0.000000 0.970237
vn -0.000000 0.000000 1.000000
vn -0.000000 0.000000 1.000000
vn -0.000000 0.242158 0.970237
vn 0.062675 0.233906 0.970237
vn 0.121079 0.209715 0.970237
vn 0.171231 0.171231 0.970237
vn 0.209715 0.121079 0.970237
vn 0.000000 0.000000 1.000000
vn 0.000000 -0.000000 1.000000
vn -0.000000 -0.000000 1.000000
vn -0.000000 -0.000000 1.000000
vn -0.000000 -0.000000 1.000000
vn 0.000000 0.669672 0.742657
vn 0.000000 0.829581 0.558387
vn 0.000000 0.669672 0.742657
vn 0.000000 0.829581 0.558387
vn 0.000000 0.669672 0.742657
vn 0.000000 0.469901 0.882719
vn 0.000000 0.469901 0.882719
vn 0.000000 0.242158 0.970237
vn 0.000000 0.242158 0.970237
vn 0.000000 0.000000 1.000000
vn 0.000000 0.000000 1.000000
vn 0.000000 0.242158 0.970237
vn 0.000000 0.469901 0.882719
vn -1.000000 -0.000000 0.000000
vn -0.965926 -0.000000 0.258819
vn -0.866025 0.000000 0.500000
vn -0.707107 0.000000 0.707107
vn -0.500000 0.000000 0.866025
vn -0.258819 0.000000 0.965926
vn 0.000000 0.000000 1.000000
vn -0.258819 0.000000 0.965926
vn -0.500000 0.000000 0.866025
vn -0.707107 0.000000 0.707107
vn -0.866025 0.000000 0.500000
vn -0.965926 -0.000000 0.258819
vn -0.773236 0.500000 0.390007
vn -0.725198 0.414713 0.549637
vn -0.661970 0.500000 0.558387
vn -0.549637 0.414713 0.725198
vn -0.469536 0.599723 0.647973
vn -0.260295 0.563231 0.784230
vn -0.369739 0.742629 0.558387
vn -0.164688 0.721402 0.672649
vn -0.189913 0.807550 0.558387
vn -0.033589 0.492575 0.869622
vn -0.343770 0.378809 0.859259
vn -0.120719 0.309292 0.943274
vn -0.411222 0.176732 0.894239
vn -0.202222 0.111593 0.972961
vn -0.859259 0.378809 0.343770
vn -0.842509 0.500000 0.200447
vn -0.943274 0.309292 0.120719
vn -0.869622 0.492575 0.033589
vn -0.939693 0.342020 0.000000
vn -0.866025 0.500000 0.000000
vn -0.984808 0.173648 0.000000
vn -0.972961 0.111593 0.202222
vn -0.894239 0.176732 0.411222
vn -0.768623 0.210373 0.604121
vn -0.604121 0.210373 0.768623
vn -0.529928 0.638264 0.558387
vn 0.000000 0.000000 1.000000
vn 0.000000 0.000000 1.000000
vn 0.000000 0.000000 1.000000
vn 0.000000 0.000000 1.000000
vn 0.000000 0.000000 1.000000
vn 0.000000 0.000000 1.000000
vn 0.000000 0.000000 1.000000
vn 0.000000 0.000000 1.000000
vn 0.000000 0.000000 1.000000
vn 0.000000 0.000000 1.000000
vn 0.000000 0.000000 1.000000
vn 0.000000 0.000000 1.000000
vn 0.000000 0.000000 1.000000
vn 0.000000 0.000000 1.000000
vn 0.000000 0.000000 1.000000
vn 0.000000 0.000000 1.000000
vn 0.000000 0.000000 1.000000
vn 0.000000 0.000000 1.000000
vn 0.000000 0.000000 1.000000
vn 0.000000 0.000000 1.000000
vn 0.000000 0.000000 1.000000
vn 0.000000 0.000000 1.000000
vn 0.000000 0.000000 1.000000
vn 0.000000 0.000000 1.000000
vn 0.000000 0.000000 1.000000
vn 0.000000 0.000000 1.000000
vn 0.000000 0.000000 1.000000
vn 0.000000 0.000000 1.000000
vn 0.000000 0.000000 1.000000
vn 0.000000 0.000000 1.000000
vn 0.000000 0.000000 1.000000
vn 0.000000 0.000000 1.000000
vn 0.000000 0.000000 1.000000
vn 0.000000 0.000000 1.000000
vn 0.000000 0.000000 1.000000
vn 0.000000 0.000000 1.000000
vn 0.000000 0.000000 1.000000
vn 0.000000 0.000000 1.000000
vn 0.000000 0.000000 1.000000
vn 0.000000 0.000000 1.000000
vn 0.000000 0.000000 1.000000
vn -1.000000 -0.000000 0.000000
vn -0.866025 0.500000 0.000000
vn -0.939693 0.342020 0.000000
vn -0.984808 0.173648 0.000000
vn 0.980785 0.195090 -0.000000
vn 1.000000 0.000000 -0.000000
vn 1.000000 0.000000 -0.000000
vn 0.980785 -0.195090 -0.000000
vn 0.980785 -0.195090 -0.000000
vn 0.923880 -0.382683 -0.000000
vn 0.923880 -0.382683 -0.000000
vn 0.831470 -0.555570 -0.000000
vn 0.831470 -0.555570 -0.000000
vn 0.707107 -0.707107 -0.000000
vn 0.707107 -0.707107 -0.000000
vn 0.555570 -0.831470 -0.000000
vn 0.555570 -0.831470 -0.000000
vn 0.382683 -0.923880 0.000000
vn 0.382683 -0.923880 0.000000
vn 0.195090 -0.980785 0.000000
vn 0.195090 -0.980785 0.000000
vn 0.000000 -1.000000 0.000000
vn 0.000000 -1.000000 0.000000
vn -0.195090 -0.980785 0.000000
vn -0.195090 -0.980785 0.000000
vn -0.382683 -0.923880 0.000000
vn 0.980785 0.195090 -0.000000
vn 0.923880 0.382683 -0.000000
vn 0.923880 0.382683 -0.000000
vn 0.831470 0.555570 -0.000000
vn 0.831470 0.555570 -0.000000
vn 0.707107 0.707107 -0.000000
vn 0.707107 0.707107 -0.000000
vn 0.555570 0.831470 -0.000000
vn 0.555570 0.831470 -0.000000
vn 0.382683 0.923880 -0.000000
vn 0.382683 0.923880 -0.000000
vn 0.195090 0.980785 -0.000000
vn 0.195090 0.980785 -0.000000
vn -0.000000 1.000000 -0.000000
vn -0.000000 1.000000 -0.000000
vn -0.195090 0.980785 -0.000000
vn -0.195090 0.980785 -0.000000
vn -0.382683 0.923880 -0.000000
vn -0.382683 0.923880 -0.000000
vn -0.555570 0.831470 0.000000
vn -0.555570 0.831470 0.000000
vn -0.707107 0.707107 0.000000
vn -0.707107 0.707107 0.000000
vn -0.831470 0.555570 0.000000
vn -0.831470 0.555570 0.000000
vn -0.923880 0.382683 0.000000
vn -0.923880 0.382683 0.000000
vn -0.980785 0.195090 0.000000
vn -0.980785 0.195090 0.000000
vn -1.000000 -0.000000 0.000000
vn -1.000000 -0.000000 0.000000
vn -0.980785 -0.195090 0.000000
vn -0.980785 -0.195090 0.000000
vn -0.923880 -0.382683 0.000000
vn -0.923880 -0.382683 0.000000
vn -0.831470 -0.555570 0.000000
vn -0.831470 -0.555570 0.000000
vn -0.707107 -0.707107 0.000000
vn -0.707107 -0.707107 0.000000
vn -0.555570 -0.831470 0.000000
vn -0.555570 -0.831470 0.000000
vn -0.382683 -0.923880 0.000000
usemtl Opaque(239,239,239)
f 2/1/1 30/2/2 1/3/3
f 1/3/3 30/2/2 31/4/4
f 1/3/3 31/4/4 46/5/5
f 46/5/5 31/4/4 32/6/6
f 46/5/5 32/6/6 45/7/7
f 45/7/7 32/6/6 33/8/8
f 45/7/7 33/8/8 44/9/9
f 44/9/9 33/8/8 34/10/10
f 44/9/9 34/10/10 43/11/11
f 43/11/11 34/10/10 35/12/12
f 43/11/11 35/12/12 42/13/13
f 42/13/13 35/12/12 36/14/14
f 42/13/13 36/14/14 41/15/15
f 41/15/15 36/14/14 37/16/16
f 41/15/15 37/16/16 40/17/17
f 40/17/17 37/16/16 38/18/18
f 40/17/17 38/18/18 39/19/19
f 30/2/2 2/1/1 29/20/20
f 29/20/20 2/1/1 3/21/21
f 29/20/20 3/21/21 28/22/22
f 28/22/22 3/21/21 4/23/23
f 28/22/22 4/23/23 27/24/24
f 27/24/24 4/23/23 5/25/25
f 27/24/24 5/25/25 26/26/26
f 26/26/26 5/25/25 6/27/27
f 26/26/26 6/27/27 25/28/28
f 25/28/28 6/27/27 7/29/29
f 25/28/28 7/29/29 24/30/30
f 24/30/30 7/29/29 8/31/31
f 24/30/30 8/31/31 9/32/32
f 24/30/30 9/32/32 23/33/33
f 23/33/33 9/32/32 10/34/34
f 23/33/33 10/34/34 22/35/35
f 22/35/35 10/34/34 11/36/36
f 22/35/35 11/36/36 21/37/37
f 21/37/37 11/36/36 12/38/38
f 21/37/37 12/38/38 20/39/39
f 20/39/39 12/38/38 13/40/40
f 20/39/39 13/40/40 19/41/41
f 19/41/41 13/40/40 14/42/42
f 19/41/41 14/42/42 18/43/43
f 18/43/43 14/42/42 15/44/44
f 18/43/43 15/44/44 17/45/45
f 17/45/45 15/44/44 16/46/46
f 47/47/47 50/48/48 17/49/49
f 17/49/49 50/48/48 51/50/50
f 17/49/49 51/50/50 18/51/51
f 18/51/51 51/50/50 52/52/52
f 18/51/51 52/52/52 19/53/53
f 19/53/53 52/52/52 53/54/54
f 19/53/53 53/54/54 20/55/55
f 20/55/55 53/54/54 54/56/56
f 20/55/55 54/56/56 21/57/57
f 21/57/57 54/56/56 55/58/58
f 21/57/57 55/58/58 22/59/59
f 22/59/59 55/58/58 56/60/60
f 22/59/59 56/60/60 23/61/61
f 23/61/61 56/60/60 57/62/62
f 23/61/61 57/62/62 24/63/63
f 24/63/63 57/62/62 58/64/64
f 24/63/63 58/64/64 25/65/65
f 25/65/65 58/64/64 59/66/66
f 25/65/65 59/66/66 26/67/67
f 26/67/67 59/66/66 60/68/68
f 26/67/67 60/68/68 27/69/69
f 27/69/69 60/68/68 61/70/70
f 27/69/69 61/70/70 28/71/71
f 28/71/71 61/70/70 62/72/72
f 28/71/71 62/72/72 29/73/73
f 29/73/73 62/72/72 63/74/74
f 29/73/73 63/74/74 30/75/75
f 30/75/75 63/74/74 64/76/76
f 30/75/75 64/76/76 31/77/77
f 31/77/77 64/76/76 65/78/78
f 31/77/77 65/78/78 32/79/79
f 32/79/79 65/78/78 66/80/80
f 32/79/79 66/80/80 33/81/81
f 33/81/81 66/80/80 67/82/82
f 33/81/81 67/82/82 34/83/83
f 34/83/83 67/82/82 68/84/84
f 34/83/83 68/84/84 35/85/85
f 35/85/85 68/84/84 69/86/86
f 35/85/85 69/86/86 36/87/87
f 36/87/87 69/86/86 70/88/88
f 36/87/87 70/88/88 37/89/89
f 37/89/89 70/88/88 71/90/90
f 37/89/89 71/90/90 38/91/91
f 38/91/91 71/90/90 72/92/92
f 38/91/91 72/92/92 48/93/93
f 48/93/93 72/92/92 49/94/94
f 48/93/93 49/94/94 47/47/47
f 47/47/47 49/94/94 50/48/48
f 74/95/95 89/96/96 73/97/97
f 73/97/97 89/96/96 90/98/98
f 73/97/97 90/98/98 118/99/99
f 118/99/99 90/98/98 91/100/100
f 118/99/99 91/100/100 117/101/101
f 117/101/101 91/100/100 92/102/102
f 117/101/101 92/102/102 116/103/103
f 116/103/103 92/102/102 93/104/104
f 116/103/103 93/104/104 115/105/105
f 115/105/105 93/104/104 94/106/106
f 115/105/105 94/106/106 114/107/107
f 114/107/107 94/106/106 95/108/108
f 114/107/107 95/108/108 113/109/109
f 113/109/109 95/108/108 96/110/110
f 113/109/109 96/110/110 112/111/111
f 112/111/111 96/110/110 111/112/112
f 111/112/112 96/110/110 97/113/113
f 111/112/112 97/113/113 110/114/114
f 110/114/114 97/113/113 98/115/115
f 110/114/114 98/115/115 109/116/116
f 109/116/116 98/115/115 99/117/117
f 109/116/116 99/117/117 108/118/118
f 108/118/118 99/117/117 100/119/119
f 108/118/118 100/119/119 107/120/120
f 107/120/120 100/119/119 101/121/121
f 107/120/120 101/121/121 106/122/122
f 106/122/122 101/121/121 102/123/123
f 106/122/122 102/123/123 105/124/124
f 105/124/124 102/123/123 103/125/125
f 105/124/124 103/125/125 104/126/126
f 89/96/96 74/95/95 88/127/127
f 88/127/127 74/95/95 75/128/128
f 88/127/127 75/128/128 87/129/129
f 87/129/129 75/128/128 76/130/130
f 87/129/129 76/130/130 86/131/131
f 86/131/131 76/130/130 77/132/132
f 86/131/131 77/132/132 85/133/133
f 85/133/133 77/132/132 78/134/134
f 85/133/133 78/134/134 84/135/135
f 84/135/135 78/134/134 79/136/136
f 84/135/135 79/136/136 83/137/137
f 83/137/137 79/136/136 80/138/138
f 83/137/137 80/138/138 82/139/139
f 82/139/139 80/138/138 81/140/140
f 119/141/141 134/142/142 82/143/143
f 82/143/143 134/142/142 135/144/144
f 82/143/143 135/144/144 83/145/145
f 83/145/145 135/144/144 136/146/146
f 83/145/145 136/146/146 84/147/147
f 84/147/147 136/146/146 137/148/148
f 84/147/147 137/148/148 85/149/149
f 85/149/149 137/148/148 138/150/150
f 85/149/149 138/150/150 86/151/151
f 86/151/151 138/150/150 139/152/152
f 86/151/151 139/152/152 87/153/153
f 87/153/153 139/152/152 140/154/154
f 87/153/153 140/154/154 88/155/155
f 88/155/155 140/154/154 141/156/156
f 88/155/155 141/156/156 89/157/157
f 89/157/157 141/156/156 142/158/158
f 89/157/157 142/158/158 90/159/159
f 90/159/159 142/158/158 143/160/160
f 90/159/159 143/160/160 91/161/161
f 91/161/161 143/160/160 144/162/162
f 91/161/161 144/162/162 92/163/163
f 92/163/163 144/162/162 121/164/164
f 92/163/163 121/164/164 93/165/165
f 93/165/165 121/164/164 122/166/166
f 93/165/165 122/166/166 94/167/167
f 94/167/167 122/166/166 123/168/168
f 94/167/167 123/168/168 95/169/169
f 95/169/169 123/168/168 124/170/170
f 95/169/169 124/170/170 96/171/171
f 96/171/171 124/170/170 125/172/172
f 96/171/171 125/172/172 97/173/173
f 97/173/173 125/172/172 126/174/174
f 97/173/173 126/174/174 98/175/175
f 98/175/175 126/174/174 127/176/176
f 98/175/175 127/176/176 99/177/177
f 99/177/177 127/176/176 128/178/178
f 99/177/177 128/178/178 100/179/179
f 100/179/179 128/178/178 129/180/180
f 100/179/179 129/180/180 101/181/181
f 101/181/181 129/180/180 130/182/182
f 101/181/181 130/182/182 102/183/183
f 102/183/183 130/182/182 131/184/184
f 102/183/183 131/184/184 103/185/185
f 103/185/185 131/184/184 132/186/186
f 103/185/185 132/186/186 120/187/187
f 120/187/187 132/186/186 133/188/188
f 120/187/187 133/188/188 119/141/141
f 119/141/141 133/188/188 134/142/142
f 6/189/189 156/190/190 7/191/191
f 7/191/191 156/190/190 157/192/192
f 7/191/191 157/192/192 158/193/193
f 6/189/189 5/194/194 156/190/190
f 156/190/190 5/194/194 155/195/195
f 155/195/195 5/194/194 4/196/196
f 155/195/195 4/196/196 3/197/197
f 155/195/195 3/197/197 186/198/198
f 186/198/198 3/197/197 2/199/199
f 186/198/198 2/199/199 1/200/200
f 145/201/201 184/202/202 1/200/200
f 1/200/200 184/202/202 185/203/203
f 1/200/200 185/203/203 186/198/198
f 146/204/204 179/205/205 145/201/201
f 145/201/201 179/205/205 180/206/206
f 145/201/201 180/206/206 181/207/207
f 73/208/208 174/209/209 146/204/204
f 146/204/204 174/209/209 175/210/210
f 146/204/204 175/210/210 176/211/211
f 118/212/212 172/213/213 73/208/208
f 73/208/208 172/213/213 173/214/214
f 73/208/208 173/214/214 174/209/209
f 118/212/212 117/215/215 172/213/213
f 172/213/213 117/215/215 171/216/216
f 171/216/216 117/215/215 116/217/217
f 171/216/216 116/217/217 115/218/218
f 171/216/216 115/218/218 170/219/219
f 170/219/219 115/218/218 114/220/220
f 170/219/219 114/220/220 113/221/221
f 147/222/222 168/223/223 113/221/221
f 113/221/221 168/223/223 169/224/224
f 113/221/221 169/224/224 170/219/219
f 168/223/223 147/222/222 150/225/225
f 150/225/225 147/222/222 148/226/226
f 150/225/225 148/226/226 149/227/227
f 151/228/228 163/229/229 150/225/225
f 150/225/225 163/229/229 164/230/230
f 150/225/225 164/230/230 165/231/231
f 152/232/232 153/233/233 151/228/228
f 151/228/228 153/233/233 154/234/234
f 151/228/228 154/234/234 158/193/193
f 158/193/193 154/234/234 7/191/191
f 158/193/193 159/235/235 151/228/228
f 151/228/228 159/235/235 160/236/236
f 151/228/228 160/236/236 161/237/237
f 161/237/237 162/238/238 151/228/228
f 151/228/228 162/238/238 163/229/229
f 165/231/231 166/239/239 150/225/225
f 150/225/225 166/239/239 167/240/240
f 150/225/225 167/240/240 168/223/223
f 176/211/211 177/241/241 146/204/204
f 146/204/204 177/241/241 178/242/242
f 146/204/204 178/242/242 179/205/205
f 181/207/207 182/243/243 145/201/201
f 145/201/201 182/243/243 183/244/244
f 145/201/201 183/244/244 184/202/202
f 113/245/245 112/246/246 147/247/247
f 147/247/247 112/246/246 187/248/248
f 147/247/247 187/248/248 192/249/249
f 192/249/249 187/248/248 188/250/250
f 192/249/249 188/250/250 191/251/251
f 191/251/251 188/250/250 190/252/252
f 190/252/252 188/250/250 189/253/253
f 112/254/254 111/255/255 187/256/256
f 187/256/256 111/255/255 197/257/257
f 197/257/257 111/255/255 110/258/258
f 197/257/257 110/258/258 196/259/259
f 196/259/259 110/258/258 109/260/260
f 196/259/259 109/260/260 195/261/261
f 195/261/261 109/260/260 108/262/262
f 195/261/261 108/262/262 107/263/263
f 195/261/261 107/263/263 194/264/264
f 194/264/264 107/263/263 106/265/265
f 194/264/264 106/265/265 193/266/266
f 193/266/266 106/265/265 105/267/267
f 193/266/266 105/267/267 104/268/268
f 1/269/200 46/270/269 145/271/201
f 145/271/201 46/270/269 200/272/270
f 145/271/201 200/272/270 201/273/271
f 46/270/269 45/274/272 200/272/270
f 200/272/270 45/274/272 199/275/273
f 199/275/273 45/274/272 44/276/274
f 199/275/273 44/276/274 43/277/275
f 199/275/273 43/277/275 198/278/276
f 198/278/276 43/277/275 42/279/277
f 198/278/276 42/279/277 41/280/278
f 41/280/278 40/281/279 198/278/276
f 198/278/276 40/281/279 39/282/280
f 201/273/271 202/283/281 145/271/201
f 145/271/201 202/283/281 203/284/282
f 145/271/201 203/284/282 211/285/283
f 211/285/283 203/284/282 204/286/284
f 211/285/283 204/286/284 205/287/285
f 211/285/283 205/287/285 210/288/286
f 210/288/286 205/287/285 206/289/287
f 210/288/286 206/289/287 209/290/288
f 209/290/288 206/289/287 208/291/289
f 208/291/289 206/289/287 207/292/290
f 211/285/283 212/293/291 145/271/201
f 145/271/201 212/293/291 146/294/204
f 146/294/204 212/293/291 213/295/292
f 146/294/204 213/295/292 214/296/293
f 214/296/293 215/297/294 146/294/204
f 146/294/204 215/297/294 74/298/295
f 146/294/204 74/298/295 73/299/208
f 74/298/295 215/297/294 75/300/296
f 75/300/296 215/297/294 216/301/297
f 75/300/296 216/301/297 76/302/298
f 76/302/298 216/301/297 77/303/299
f 77/303/299 216/301/297 217/304/300
f 77/303/299 217/304/300 78/305/301
f 78/305/301 217/304/300 79/306/302
f 79/306/302 217/304/300 80/307/303
f 80/307/303 217/304/300 81/308/304
f 16/309/305 15/310/306 223/311/307
f 223/311/307 15/310/306 14/312/308
f 223/311/307 14/312/308 222/313/309
f 222/313/309 14/312/308 13/314/310
f 222/313/309 13/314/310 221/315/311
f 221/315/311 13/314/310 12/316/312
f 221/315/311 12/316/312 11/317/313
f 221/315/311 11/317/313 220/318/314
f 220/318/314 11/317/313 10/319/315
f 220/318/314 10/319/315 219/320/316
f 219/320/316 10/319/315 9/321/317
f 219/320/316 9/321/317 218/322/318
f 218/322/318 9/321/317 8/323/319
f 225/324/320 50/325/321 224/326/322
f 224/326/322 50/325/321 49/327/323
f 224/328/322 49/329/323 247/330/324
f 247/330/324 49/329/323 72/331/325
f 247/330/324 72/331/325 246/332/326
f 246/332/326 72/331/325 71/333/327
f 246/332/326 71/333/327 245/334/328
f 245/334/328 71/333/327 70/335/329
f 245/334/328 70/335/329 244/336/330
f 244/336/330 70/335/329 69/337/331
f 244/336/330 69/337/331 243/338/332
f 243/338/332 69/337/331 68/339/333
f 243/338/332 68/339/333 242/340/334
f 242/340/334 68/339/333 67/341/335
f 242/340/334 67/341/335 241/342/336
f 241/342/336 67/341/335 66/343/337
f 241/342/336 66/343/337 240/344/338
f 240/344/338 66/343/337 65/345/339
f 240/344/338 65/345/339 239/346/340
f 239/346/340 65/345/339 64/347/341
f 239/346/340 64/347/341 238/348/342
f 238/348/342 64/347/341 63/349/343
f 238/348/342 63/349/343 237/350/344
f 237/350/344 63/349/343 62/351/345
f 237/350/344 62/351/345 236/352/346
f 236/352/346 62/351/345 61/353/347
f 236/352/346 61/353/347 235/354/348
f 235/354/348 61/353/347 60/355/349
f 235/354/348 60/355/349 234/356/350
f 234/356/350 60/355/349 59/357/351
f 234/356/350 59/357/351 233/358/352
f 233/358/352 59/357/351 58/359/353
f 233/358/352 58/359/353 232/360/354
f 232/360/354 58/359/353 57/361/355
f 232/360/354 57/361/355 231/362/356
f 231/362/356 57/361/355 56/363/357
f 231/362/356 56/363/357 230/364/358
f 230/364/358 56/363/357 55/365/359
f 230/364/358 55/365/359 229/366/360
f 229/366/360 55/365/359 54/367/361
f 229/366/360 54/367/361 228/368/362
f 228/368/362 54/367/361 53/369/363
f 228/368/362 53/369/363 227/370/364
f 227/370/364 53/369/363 52/371/365
f 227/370/364 52/371/365 226/372/366
f 226/372/366 52/371/365 51/373/367
f 226/372/366 51/373/367 225/324/320
f 225/324/320 51/373/367 50/325/321
f 249/374/368 122/375/369 248/376/370
f 248/376/370 122/375/369 121/377/371
f 248/378/370 121/379/371 271/380/372
f 271/380/372 121/379/371 144/381/373
f 271/380/372 144/381/373 270/382/374
f 270/382/374 144/381/373 143/383/375
f 270/382/374 143/383/375 269/384/376
f 269/384/376 143/383/375 142/385/377
f 269/384/376 142/385/377 268/386/378
f 268/386/378 142/385/377 141/387/379
f 268/386/378 141/387/379 267/388/380
f 267/388/380 141/387/379 140/389/381
f 267/388/380 140/389/381 266/390/382
f 266/390/382 140/389/381 139/391/383
f 266/390/382 139/391/383 265/392/384
f 265/392/384 139/391/383 138/393/385
f 265/392/384 138/393/385 264/394/386
f 264/394/386 138/393/385 137/395/387
f 264/394/386 137/395/387 263/396/388
f 263/396/388 137/395/387 136/397/389
f 263/396/388 136/397/389 262/398/390
f 262/398/390 136/397/389 135/399/391
f 262/398/390 135/399/391 261/400/392
f 261/400/392 135/399/391 134/401/393
f 261/400/392 134/401/393 260/402/394
f 260/402/394 134/401/393 133/403/395
f 260/402/394 133/403/395 259/404/396
f 259/404/396 133/403/395 132/405/397
f 259/404/396 132/405/397 258/406/398
f 258/406/398 132/405/397 131/407/399
f 258/406/398 131/407/399 257/408/400
f 257/408/400 131/407/399 130/409/401
f 257/408/400 130/409/401 256/410/402
f 256/410/402 130/409/401 129/411/403
f 256/410/402 129/411/403 255/412/404
f 255/412/404 129/411/403 128/413/405
f 255/412/404 128/413/405 254/414/406
f 254/414/406 128/413/405 127/415/407
f 254/414/406 127/415/407 253/416/408
f 253/416/408 127/415/407 126/417/409
f 253/416/408 126/417/409 252/418/410
f 252/418/410 126/417/409 125/419/411
f 252/418/410 125/419/411 251/420/412
f 251/420/412 125/419/411 124/421/413
f 251/420/412 124/421/413 250/422/414
f 250/422/414 124/421/413 123/423/415
f 250/422/414 123/423/415 249/374/368
f 249/374/368 123/423/415 122/375/369
f 7/424/416 154/425/417 8/426/418
f 8/426/418 154/425/417 218/427/419
f 218/427/419 154/425/417 272/428/420
f 218/427/419 272/428/420 276/429/421
f 276/429/421 272/428/420 273/430/422
f 276/429/421 273/430/422 274/431/423
f 274/431/423 275/432/424 276/429/421
f 47/433/425 17/434/426 281/435/427
f 281/435/427 17/434/426 16/436/428
f 281/435/427 16/436/428 223/437/429
f 281/435/427 223/437/429 280/438/430
f 280/438/430 223/437/429 222/439/431
f 280/438/430 222/439/431 279/440/432
f 279/440/432 222/439/431 221/441/433
f 279/440/432 221/441/433 278/442/434
f 278/442/434 221/441/433 220/443/435
f 278/442/434 220/443/435 277/444/436
f 277/444/436 220/443/435 219/445/437
f 277/444/436 219/445/437 276/446/438
f 276/446/438 219/445/437 218/447/439
f 281/435/427 282/448/440 47/433/425
f 47/433/425 282/448/440 48/449/441
f 48/449/441 282/448/440 38/450/442
f 38/450/442 282/448/440 283/451/443
f 38/450/442 283/451/443 39/452/444
f 39/452/444 283/451/443 198/453/445
f 198/453/445 283/451/443 284/454/446
f 198/453/445 284/454/446 199/455/447
f 199/455/447 284/454/446 285/456/448
f 199/455/447 285/456/448 200/457/449
f 200/457/449 285/456/448 286/458/450
f 200/457/449 286/458/450 201/459/451
f 201/459/451 286/458/450 287/460/452
f 201/459/451 287/460/452 202/461/453
f 202/461/453 287/460/452 288/462/454
f 202/461/453 288/462/454 203/463/455
f 203/463/455 288/462/454 289/464/456
f 203/463/455 289/464/456 204/465/457
f 204/465/457 289/464/456 290/466/458
f 204/465/457 290/466/458 205/467/459
f 205/467/459 290/466/458 291/468/460
f 205/467/459 291/468/460 206/469/461
f 206/469/461 291/468/460 292/470/462
f 206/469/461 292/470/462 207/471/463
f 207/471/463 292/470/462 208/472/464
f 208/472/464 292/470/462 293/473/465
f 208/472/464 293/473/465 209/474/466
f 209/474/466 293/473/465 294/475/467
f 209/474/466 294/475/467 210/476/468
f 210/476/468 294/475/467 295/477/469
f 210/476/468 295/477/469 211/478/470
f 211/478/470 295/477/469 296/479/471
f 211/478/470 296/479/471 212/480/472
f 212/480/472 296/479/471 297/481/473
f 212/480/472 297/481/473 213/482/474
f 213/482/474 297/481/473 298/483/475
f 213/482/474 298/483/475 214/484/476
f 214/484/476 298/483/475 299/485/477
f 214/484/476 299/485/477 215/486/478
f 215/486/478 299/485/477 300/487/479
f 215/486/478 300/487/479 216/488/480
f 216/488/480 300/487/479 301/489/481
f 216/488/480 301/489/481 217/490/482
f 217/490/482 301/489/481 302/491/483
f 217/490/482 302/491/483 81/492/484
f 81/492/484 302/491/483 82/493/485
f 82/493/485 302/491/483 303/494/486
f 82/493/485 303/494/486 119/495/487
f 119/495/487 303/494/486 120/496/488
f 120/496/488 303/494/486 304/497/489
f 120/496/488 304/497/489 103/498/490
f 103/498/490 304/497/489 104/499/491
f 104/499/491 304/497/489 193/500/492
f 193/500/492 304/497/489 305/501/493
f 193/500/492 305/501/493 194/502/494
f 194/502/494 305/501/493 306/503/495
f 194/502/494 306/503/495 195/504/496
f 195/504/496 306/503/495 307/505/497
f 195/504/496 307/505/497 196/506/498
f 196/506/498 307/505/497 308/507/499
f 196/506/498 308/507/499 197/508/500
f 197/508/500 308/507/499 188/509/501
f 197/508/500 188/509/501 187/510/502
f 310/511/503 307/512/504 309/513/505
f 309/513/505 307/512/504 306/514/506
f 309/513/505 306/514/506 253/515/507
f 253/515/507 306/514/506 305/516/508
f 253/515/507 305/516/508 254/517/509
f 254/517/509 305/516/508 255/518/510
f 255/518/510 305/516/508 256/519/511
f 256/519/511 305/516/508 304/520/512
f 256/519/511 304/520/512 257/521/513
f 257/521/513 304/520/512 258/522/514
f 258/522/514 304/520/512 259/523/515
f 259/523/515 304/520/512 303/524/516
f 259/523/515 303/524/516 260/525/517
f 260/525/517 303/524/516 261/526/518
f 261/526/518 303/524/516 262/527/519
f 262/527/519 303/524/516 263/528/520
f 263/528/520 303/524/516 302/529/521
f 263/528/520 302/529/521 264/530/522
f 264/530/522 302/529/521 265/531/523
f 265/531/523 302/529/521 266/532/524
f 266/532/524 302/529/521 301/533/525
f 266/532/524 301/533/525 267/534/526
f 267/534/526 301/533/525 300/535/527
f 267/534/526 300/535/527 268/536/528
f 268/536/528 300/535/527 329/537/529
f 268/536/528 329/537/529 269/538/530
f 269/538/530 329/537/529 270/539/531
f 270/539/531 329/537/529 271/540/532
f 271/540/532 329/537/529 248/541/533
f 248/541/533 329/537/529 309/513/505
f 248/541/533 309/513/505 249/542/534
f 249/542/534 309/513/505 250/543/535
f 250/543/535 309/513/505 251/544/536
f 251/544/536 309/513/505 252/545/537
f 252/545/537 309/513/505 253/515/507
f 307/512/504 310/511/503 308/546/538
f 308/546/538 310/511/503 311/547/539
f 308/546/538 311/547/539 189/548/540
f 189/548/540 188/549/541 308/546/538
f 300/535/527 299/550/542 329/537/529
f 329/537/529 299/550/542 328/551/543
f 328/551/543 299/550/542 298/552/544
f 328/551/543 298/552/544 327/553/545
f 327/553/545 298/552/544 326/554/546
f 326/554/546 298/552/544 297/555/547
f 326/554/546 297/555/547 325/556/548
f 325/556/548 297/555/547 324/557/549
f 324/557/549 297/555/547 296/558/550
f 324/557/549 296/558/550 323/559/551
f 323/559/551 296/558/550 295/560/552
f 323/559/551 295/560/552 294/561/553
f 294/561/553 293/562/554 323/559/551
f 323/559/551 293/562/554 292/563/555
f 323/559/551 292/563/555 322/564/556
f 322/564/556 292/563/555 291/565/557
f 322/564/556 291/565/557 290/566/558
f 290/566/558 289/567/559 322/564/556
f 322/564/556 289/567/559 288/568/560
f 322/564/556 288/568/560 321/569/561
f 321/569/561 288/568/560 320/570/562
f 320/570/562 288/568/560 319/571/563
f 319/571/563 288/568/560 287/572/564
f 319/571/563 287/572/564 318/573/565
f 318/573/565 287/572/564 317/574/566
f 317/574/566 287/572/564 286/575/567
f 317/574/566 286/575/567 316/576/568
f 316/576/568 286/575/567 285/577/569
f 316/576/568 285/577/569 240/578/570
f 240/578/570 285/577/569 241/579/571
f 241/579/571 285/577/569 284/580/572
f 241/579/571 284/580/572 242/581/573
f 242/581/573 284/580/572 283/582/574
f 242/581/573 283/582/574 243/583/575
f 243/583/575 283/582/574 244/584/576
f 244/584/576 283/582/574 245/585/577
f 245/585/577 283/582/574 282/586/578
f 245/585/577 282/586/578 246/587/579
f 246/587/579 282/586/578 247/588/580
f 247/588/580 282/586/578 224/589/581
f 224/589/581 282/586/578 225/590/582
f 225/590/582 282/586/578 281/591/583
f 225/590/582 281/591/583 226/592/584
f 226/592/584 281/591/583 227/593/585
f 227/593/585 281/591/583 228/594/586
f 228/594/586 281/591/583 280/595/587
f 228/594/586 280/595/587 229/596/588
f 229/596/588 280/595/587 230/597/589
f 230/597/589 280/595/587 231/598/590
f 231/598/590 280/595/587 279/599/591
f 231/598/590 279/599/591 315/600/592
f 315/600/592 279/599/591 278/601/593
f 315/600/592 278/601/593 314/602/594
f 314/602/594 278/601/593 277/603/595
f 314/602/594 277/603/595 313/604/596
f 313/604/596 277/603/595 312/605/597
f 312/605/597 277/603/595 275/606/598
f 275/606/598 277/603/595 276/607/599
f 316/576/568 236/608/600 315/600/592
f 315/600/592 236/608/600 235/609/601
f 315/600/592 235/609/601 234/610/602
f 240/578/570 239/611/603 316/576/568
f 316/576/568 239/611/603 238/612/604
f 316/576/568 238/612/604 237/613/605
f 237/613/605 236/608/600 316/576/568
f 234/610/602 233/614/606 315/600/592
f 315/600/592 233/614/606 232/615/607
f 315/600/592 232/615/607 231/598/590
f 147/616/608 192/617/609 148/618/610
f 148/618/610 192/617/609 330/619/611
f 148/618/610 330/619/611 149/620/612
f 149/620/612 330/619/611 331/621/613
f 149/620/612 331/621/613 150/622/614
f 150/622/614 331/621/613 332/623/615
f 330/624/611 192/625/609 345/626/616
f 345/626/616 192/625/609 191/627/617
f 345/626/616 191/627/617 346/628/618
f 346/628/618 191/627/617 190/629/619
f 346/628/618 190/629/619 347/630/620
f 347/630/620 190/629/619 189/631/621
f 347/630/620 189/631/621 348/632/622
f 348/632/622 189/631/621 351/633/623
f 348/632/622 351/633/623 352/634/624
f 352/634/624 351/633/623 355/635/625
f 352/634/624 355/635/625 334/636/626
f 334/636/626 355/635/625 333/637/627
f 333/637/627 355/635/625 354/638/628
f 333/637/627 354/638/628 309/639/629
f 309/639/629 354/638/628 310/640/630
f 310/640/630 354/638/628 311/641/631
f 311/641/631 354/638/628 351/633/623
f 311/641/631 351/633/623 189/631/621
f 352/634/624 334/636/626 353/642/632
f 353/642/632 334/636/626 335/643/633
f 353/642/632 335/643/633 336/644/634
f 353/642/632 336/644/634 350/645/635
f 350/645/635 336/644/634 337/646/636
f 350/645/635 337/646/636 338/647/637
f 339/648/638 342/649/639 338/647/637
f 338/647/637 342/649/639 349/650/640
f 338/647/637 349/650/640 350/645/635
f 350/645/635 349/650/640 353/642/632
f 342/649/639 339/648/638 343/651/641
f 343/651/641 339/648/638 340/652/642
f 343/651/641 340/652/642 344/653/643
f 344/653/643 340/652/642 356/654/644
f 344/653/643 356/654/644 357/655/645
f 357/655/645 356/654/644 341/656/646
f 357/655/645 341/656/646 332/657/615
f 340/652/642 341/656/646 356/654/644
f 332/657/615 331/658/613 357/655/645
f 357/655/645 331/658/613 330/624/611
f 357/655/645 330/624/611 345/626/616
f 342/649/639 343/651/641 349/650/640
f 349/650/640 343/651/641 348/632/622
f 349/650/640 348/632/622 352/634/624
f 347/630/620 348/632/622 344/653/643
f 344/653/643 348/632/622 343/651/641
f 346/628/618 347/630/620 345/626/616
f 345/626/616 347/630/620 344/653/643
f 345/626/616 344/653/643 357/655/645
f 353/642/632 349/650/640 352/634/624
f 354/638/628 355/635/625 351/633/623
f 333/659/627 309/660/629 362/661/647
f 362/661/647 309/660/629 329/662/648
f 362/661/647 329/662/648 358/663/649
f 362/661/647 358/663/649 363/664/650
f 363/664/650 358/663/649 359/665/651
f 363/664/650 359/665/651 364/666/652
f 364/666/652 359/665/651 360/667/653
f 364/666/652 360/667/653 361/668/654
f 361/668/654 336/669/634 364/666/652
f 364/666/652 336/669/634 335/670/633
f 364/666/652 335/670/633 363/664/650
f 363/664/650 335/670/633 334/671/626
f 363/664/650 334/671/626 362/661/647
f 362/661/647 334/671/626 333/659/627
f 358/672/655 329/673/656 374/674/657
f 374/674/657 329/673/656 328/675/658
f 374/674/657 328/675/658 377/676/659
f 377/676/659 328/675/658 327/677/660
f 377/676/659 327/677/660 380/678/661
f 380/678/661 327/677/660 326/679/662
f 380/678/661 326/679/662 383/680/663
f 383/680/663 326/679/662 325/681/664
f 383/680/663 325/681/664 386/682/665
f 386/682/665 325/681/664 324/683/666
f 386/682/665 324/683/666 365/684/667
f 365/684/667 324/683/666 323/685/668
f 365/684/667 366/686/669 386/682/665
f 386/682/665 366/686/669 387/687/670
f 386/682/665 387/687/670 383/680/663
f 383/680/663 387/687/670 384/688/671
f 383/680/663 384/688/671 380/678/661
f 380/678/661 384/688/671 381/689/672
f 380/678/661 381/689/672 377/676/659
f 377/676/659 381/689/672 378/690/673
f 377/676/659 378/690/673 374/674/657
f 374/674/657 378/690/673 375/691/674
f 374/674/657 375/691/674 358/672/655
f 358/672/655 375/691/674 359/692/675
f 359/692/675 375/691/674 376/693/676
f 359/692/675 376/693/676 360/694/677
f 360/694/677 376/693/676 373/695/678
f 360/694/677 373/695/678 361/696/679
f 366/686/669 367/697/680 387/687/670
f 387/687/670 367/697/680 388/698/681
f 387/687/670 388/698/681 384/688/671
f 384/688/671 388/698/681 385/699/682
f 384/688/671 385/699/682 381/689/672
f 381/689/672 385/699/682 382/700/683
f 381/689/672 382/700/683 378/690/673
f 378/690/673 382/700/683 379/701/684
f 378/690/673 379/701/684 375/691/674
f 375/691/674 379/701/684 376/693/676
f 367/697/680 368/702/685 388/698/681
f 388/698/681 368/702/685 369/703/686
f 388/698/681 369/703/686 385/699/682
f 385/699/682 369/703/686 370/704/687
f 385/699/682 370/704/687 382/700/683
f 382/700/683 370/704/687 371/705/688
f 382/700/683 371/705/688 379/701/684
f 379/701/684 371/705/688 372/706/689
f 379/701/684 372/706/689 376/693/676
f 376/693/676 372/706/689 373/695/678
f 365/707/690 323/708/691 393/709/692
f 393/709/692 323/708/691 322/710/693
f 393/709/692 322/710/693 389/711/694
f 393/709/692 389/711/694 394/712/695
f 394/712/695 389/711/694 390/713/696
f 394/712/695 390/713/696 395/714/697
f 395/714/697 390/713/696 391/715/698
f 395/714/697 391/715/698 392/716/699
f 392/716/699 368/717/700 395/714/697
f 395/714/697 368/717/700 367/718/701
f 395/714/697 367/718/701 394/712/695
f 394/712/695 367/718/701 366/719/702
f 394/712/695 366/719/702 393/709/692
f 393/709/692 366/719/702 365/707/690
f 389/720/703 322/721/704 405/722/705
f 405/722/705 322/721/704 321/723/706
f 405/722/705 321/723/706 408/724/707
f 408/724/707 321/723/706 320/725/708
f 408/724/707 320/725/708 411/726/709
f 411/726/709 320/725/708 319/727/710
f 411/726/709 319/727/710 414/728/711
f 414/728/711 319/727/710 318/729/712
f 414/728/711 318/729/712 417/730/713
f 417/730/713 318/729/712 317/731/714
f 417/730/713 317/731/714 396/732/715
f 396/732/715 317/731/714 316/733/716
f 396/732/715 397/734/717 417/730/713
f 417/730/713 397/734/717 418/735/718
f 417/730/713 418/735/718 414/728/711
f 414/728/711 418/735/718 415/736/719
f 414/728/711 415/736/719 411/726/709
f 411/726/709 415/736/719 412/737/720
f 411/726/709 412/737/720 408/724/707
f 408/724/707 412/737/720 409/738/721
f 408/724/707 409/738/721 405/722/705
f 405/722/705 409/738/721 406/739/722
f 405/722/705 406/739/722 389/720/703
f 389/720/703 406/739/722 390/740/723
f 390/740/723 406/739/722 407/741/724
f 390/740/723 407/741/724 391/742/725
f 391/742/725 407/741/724 404/743/726
f 391/742/725 404/743/726 392/744/727
f 397/734/717 398/745/728 418/735/718
f 418/735/718 398/745/728 419/746/729
f 418/735/718 419/746/729 415/736/719
f 415/736/719 419/746/729 416/747/730
f 415/736/719 416/747/730 412/737/720
f 412/737/720 416/747/730 413/748/731
f 412/737/720 413/748/731 409/738/721
f 409/738/721 413/748/731 410/749/732
f 409/738/721 410/749/732 406/739/722
f 406/739/722 410/749/732 407/741/724
f 398/745/728 399/750/733 419/746/729
f 419/746/729 399/750/733 400/751/734
f 419/746/729 400/751/734 416/747/730
f 416/747/730 400/751/734 401/752/735
f 416/747/730 401/752/735 413/748/731
f 413/748/731 401/752/735 402/753/736
f 413/748/731 402/753/736 410/749/732
f 410/749/732 402/753/736 403/754/737
f 410/749/732 403/754/737 407/741/724
f 407/741/724 403/754/737 404/743/726
f 396/755/738 316/756/739 424/757/740
f 424/757/740 316/756/739 315/758/741
f 424/757/740 315/758/741 420/759/742
f 424/757/740 420/759/742 425/760/743
f 425/760/743 420/759/742 421/761/744
f 425/760/743 421/761/744 426/762/745
f 426/762/745 421/761/744 422/763/746
f 426/762/745 422/763/746 423/764/747
f 423/764/747 399/765/748 426/762/745
f 426/762/745 399/765/748 398/766/749
f 426/762/745 398/766/749 425/760/743
f 425/760/743 398/766/749 397/767/750
f 425/760/743 397/767/750 424/757/740
f 424/757/740 397/767/750 396/755/738
f 433/768/751 332/769/615 434/770/752
f 434/770/752 332/769/615 341/771/646
f 434/770/752 341/771/646 435/772/753
f 435/772/753 341/771/646 340/773/642
f 435/772/753 340/773/642 436/774/754
f 436/774/754 340/773/642 339/775/638
f 436/774/754 339/775/638 437/776/755
f 437/776/755 339/775/638 338/777/637
f 437/776/755 338/777/637 438/778/756
f 438/778/756 338/777/637 337/779/636
f 438/778/756 337/779/636 427/780/757
f 427/780/757 337/779/636 336/781/634
f 427/780/757 423/782/747 438/778/756
f 438/778/756 423/782/747 428/783/758
f 438/778/756 428/783/758 437/776/755
f 437/776/755 428/783/758 429/784/759
f 437/776/755 429/784/759 436/774/754
f 436/774/754 429/784/759 430/785/760
f 436/774/754 430/785/760 435/772/753
f 435/772/753 430/785/760 431/786/761
f 435/772/753 431/786/761 434/770/752
f 434/770/752 431/786/761 432/787/762
f 434/770/752 432/787/762 433/768/751
f 274/788/763 441/789/764 275/790/765
f 275/790/765 441/789/764 444/791/766
f 275/790/765 444/791/766 445/792/767
f 445/792/767 444/791/766 453/793/768
f 445/792/767 453/793/768 313/794/769
f 313/794/769 453/793/768 454/795/770
f 313/794/769 454/795/770 314/796/771
f 314/796/771 454/795/770 315/797/741
f 315/797/741 454/795/770 420/798/742
f 420/798/742 454/795/770 453/793/768
f 420/798/742 453/793/768 457/799/772
f 457/799/772 453/793/768 452/800/773
f 457/799/772 452/800/773 456/801/774
f 456/801/774 452/800/773 451/802/775
f 456/801/774 451/802/775 455/803/776
f 455/803/776 451/802/775 428/804/758
f 455/803/776 428/804/758 423/805/747
f 441/789/764 274/788/763 446/806/777
f 446/806/777 274/788/763 273/807/778
f 446/806/777 273/807/778 449/808/779
f 449/808/779 273/807/778 448/809/780
f 449/808/779 448/809/780 439/810/781
f 439/810/781 448/809/780 272/811/782
f 272/811/782 448/809/780 273/807/778
f 439/810/781 440/812/783 449/808/779
f 449/808/779 440/812/783 450/813/784
f 449/808/779 450/813/784 446/806/777
f 446/806/777 450/813/784 447/814/785
f 446/806/777 447/814/785 441/789/764
f 441/789/764 447/814/785 442/815/786
f 441/789/764 442/815/786 444/791/766
f 444/791/766 442/815/786 443/816/787
f 444/791/766 443/816/787 452/800/773
f 452/800/773 443/816/787 451/802/775
f 440/812/783 433/817/751 450/813/784
f 450/813/784 433/817/751 432/818/762
f 450/813/784 432/818/762 447/814/785
f 447/814/785 432/818/762 431/819/761
f 447/814/785 431/819/761 442/815/786
f 442/815/786 431/819/761 430/820/760
f 442/815/786 430/820/760 443/816/787
f 443/816/787 430/820/760 429/821/759
f 443/816/787 429/821/759 451/802/775
f 451/802/775 429/821/759 428/804/758
f 423/805/747 422/822/746 455/803/776
f 455/803/776 422/822/746 456/801/774
f 422/822/746 421/823/744 456/801/774
f 456/801/774 421/823/744 457/799/772
f 421/823/744 420/798/742 457/799/772
f 313/794/769 312/824/788 445/792/767
f 445/792/767 312/824/788 275/790/765
f 453/793/768 444/791/766 452/800/773
f 427/825/757 458/826/789 423/827/747
f 423/827/747 458/826/789 459/828/790
f 423/827/747 459/828/790 460/829/791
f 460/829/791 461/830/792 423/827/747
f 423/827/747 461/830/792 462/831/793
f 423/827/747 462/831/793 463/832/794
f 463/832/794 464/833/795 423/827/747
f 423/827/747 464/833/795 465/834/796
f 423/827/747 465/834/796 399/835/748
f 399/835/748 465/834/796 466/836/797
f 399/835/748 466/836/797 467/837/798
f 467/837/798 468/838/799 399/835/748
f 399/835/748 468/838/799 469/839/800
f 399/835/748 469/839/800 392/840/699
f 392/840/699 469/839/800 470/841/801
f 392/840/699 470/841/801 471/842/802
f 471/842/802 472/843/803 392/840/699
f 392/840/699 472/843/803 473/844/804
f 392/840/699 473/844/804 368/845/700
f 368/845/700 473/844/804 474/846/805
f 368/845/700 474/846/805 475/847/806
f 475/847/806 476/848/807 368/845/700
f 368/845/700 476/848/807 477/849/808
f 368/845/700 477/849/808 361/850/654
f 361/850/654 477/849/808 478/851/809
f 361/850/654 478/851/809 479/852/810
f 479/852/810 480/853/811 361/850/654
f 361/850/654 480/853/811 481/854/812
f 361/850/654 481/854/812 336/855/634
f 336/855/634 481/854/812 482/856/813
f 336/855/634 482/856/813 483/857/814
f 483/857/814 484/858/815 336/855/634
f 336/855/634 484/858/815 485/859/816
f 336/855/634 485/859/816 486/860/817
f 486/860/817 487/861/818 336/855/634
f 336/855/634 487/861/818 488/862/819
f 336/855/634 488/862/819 427/825/757
f 373/863/820 372/864/821 361/850/654
f 361/850/654 372/864/821 371/865/822
f 361/850/654 371/865/822 370/866/823
f 370/866/823 369/867/824 361/850/654
f 361/850/654 369/867/824 368/845/700
f 392/840/699 404/868/825 399/835/748
f 399/835/748 404/868/825 403/869/826
f 399/835/748 403/869/826 402/870/827
f 402/870/827 401/871/828 399/835/748
f 399/835/748 401/871/828 400/872/829
f 332/873/615 433/874/751 150/875/614
f 150/875/614 433/874/751 151/876/830
f 272/877/782 154/878/831 439/879/781
f 439/879/781 154/878/831 153/880/832
f 439/879/781 153/880/832 152/881/833
f 151/882/830 433/883/751 152/881/833
f 152/881/833 433/883/751 440/884/783
f 152/881/833 440/884/783 439/879/781
f 488/885/834 163/886/835 427/887/836
f 427/887/836 163/886/835 162/888/837
f 427/887/836 162/888/837 458/889/838
f 458/889/838 162/888/837 161/890/839
f 458/889/838 161/890/839 459/891/840
f 459/891/840 161/890/839 160/892/841
f 459/891/840 160/892/841 460/893/842
f 460/893/842 160/892/841 159/894/843
f 460/893/842 159/894/843 461/895/844
f 461/895/844 159/894/843 158/896/845
f 461/895/844 158/896/845 462/897/846
f 462/897/846 158/896/845 157/898/847
f 462/897/846 157/898/847 463/899/848
f 463/899/848 157/898/847 156/900/849
f 463/899/848 156/900/849 464/901/850
f 464/901/850 156/900/849 465/902/851
f 465/902/851 156/900/849 155/903/852
f 465/904/851 155/905/852 466/906/853
f 466/906/853 155/905/852 186/907/854
f 466/906/853 186/907/854 185/908/855
f 163/886/835 488/885/834 164/909/856
f 164/909/856 488/885/834 487/910/857
f 164/909/856 487/910/857 165/911/858
f 165/911/858 487/910/857 486/912/859
f 165/911/858 486/912/859 166/913/860
f 166/913/860 486/912/859 485/914/861
f 166/913/860 485/914/861 167/915/862
f 167/915/862 485/914/861 484/916/863
f 167/915/862 484/916/863 168/917/864
f 168/917/864 484/916/863 483/918/865
f 168/917/864 483/918/865 169/919/866
f 169/919/866 483/918/865 482/920/867
f 169/919/866 482/920/867 170/921/868
f 170/921/868 482/920/867 481/922/869
f 170/921/868 481/922/869 171/923/870
f 171/923/870 481/922/869 480/924/871
f 171/923/870 480/924/871 172/925/872
f 172/925/872 480/924/871 479/926/873
f 172/925/872 479/926/873 173/927/874
f 173/927/874 479/926/873 478/928/875
f 173/927/874 478/928/875 174/929/876
f 174/929/876 478/928/875 477/930/877
f 174/929/876 477/930/877 175/931/878
f 175/931/878 477/930/877 476/932/879
f 175/931/878 476/932/879 176/933/880
f 176/933/880 476/932/879 475/934/881
f 176/933/880 475/934/881 177/935/882
f 177/935/882 475/934/881 474/936/883
f 177/935/882 474/936/883 178/937/884
f 178/937/884 474/936/883 473/938/885
f 178/937/884 473/938/885 179/939/886
f 179/939/886 473/938/885 472/940/887
f 179/939/886 472/940/887 180/941/888
f 180/941/888 472/940/887 471/942/889
f 180/941/888 471/942/889 181/943/890
f 181/943/890 471/942/889 470/944/891
f 181/943/890 470/944/891 182/945/892
f 182/945/892 470/944/891 469/946/893
f 182/945/892 469/946/893 183/947/894
f 183/947/894 469/946/893 468/948/895
f 183/947/894 468/948/895 184/949/896
f 184/949/896 468/948/895 467/950/897
f 184/949/896 467/950/897 185/908/855
f 185/908/855 467/950/897 466/906/853
g Cuerpo1:1

v -1.268000 3.990000 -0.000000
v -1.233821 3.990000 0.292421
v -1.133126 3.990000 0.569077
v -0.971344 3.990000 0.815055
v -0.757197 3.990000 1.017092
v -0.502229 3.990000 1.164298
v -0.220186 3.990000 1.248736
v 0.073728 3.990000 1.265855
v 0.363666 3.990000 1.214731
v 0.634000 3.990000 1.098120
v 0.870154 3.990000 0.922310
v 1.059399 3.990000 0.696777
v 1.191530 3.990000 0.433682
v 1.259426 3.990000 0.147206
v 1.259426 3.990000 -0.147206
v 1.191530 3.990000 -0.433682
v 1.059399 3.990000 -0.696777
v 0.870154 3.990000 -0.922310
v 0.634000 3.990000 -1.098120
v 0.363666 3.990000 -1.214731
v 0.073728 3.990000 -1.265855
v -0.220186 3.990000 -1.248736
v -0.502229 3.990000 -1.164298
v -0.757197 3.990000 -1.017092
v -0.971344 3.990000 -0.815055
v -1.133126 3.990000 -0.569077
v -1.233821 3.990000 -0.292421
v 0.000000 3.990000 0.600000
v -0.155291 3.990000 0.579555
v -0.300000 3.990000 0.519615
v -0.424264 3.990000 0.424264
v -0.519615 3.990000 0.300000
v -0.579555 3.990000 0.155291
v -0.600000 3.990000 -0.000000
v -0.579555 3.990000 -0.155291
v -0.519615 3.990000 -0.300000
v -0.424264 3.990000 -0.424264
v -0.300000 3.990000 -0.519615
v -0.155291 3.990000 -0.579555
v -0.000000 3.990000 -0.600000
v 0.155291 3.990000 -0.579555
v 0.300000 3.990000 -0.519615
v 0.424264 3.990000 -0.424264
v 0.519615 3.990000 -0.300000
v 0.579555 3.990000 -0.155291
v 0.600000 3.990000 -0.000000
v 0.579555 3.990000 0.155291
v 0.519615 3.990000 0.300000
v 0.424264 3.990000 0.424264
v 0.300000 3.990000 0.519615
v 0.155291 3.990000 0.579555
v 1.429534 3.990000 0.392183
v 1.455049 3.990000 0.283209
v 1.472270 3.990000 0.172621
v 1.481097 3.990000 0.061048
v 1.481097 4.090000 0.061048
v 1.472270 4.090000 0.172621
v 1.455049 4.090000 0.283209
v 1.429534 4.090000 0.392183
v 1.269782 3.990000 0.472256
v 1.269782 4.090000 0.472256
v 1.269782 3.990000 -0.472256
v 1.134015 3.990000 -0.741203
v 0.942167 3.990000 -0.973496
v 0.703725 3.990000 -1.157646
v 0.430482 3.990000 -1.284546
v 0.135950 3.990000 -1.347921
v -0.165305 3.990000 -1.344636
v -0.458385 3.990000 -1.274855
v -0.728797 3.990000 -1.142028
v -0.963167 3.990000 -0.952723
v -1.149905 3.990000 -0.716304
v -1.279776 3.990000 -0.444460
v -1.346358 3.990000 -0.150637
v -1.346358 3.990000 0.150637
v -1.279776 3.990000 0.444460
v -1.149905 3.990000 0.716304
v -0.963167 3.990000 0.952723
v -0.728797 3.990000 1.142028
v -0.458385 3.990000 1.274855
v -0.165305 3.990000 1.344636
v 0.135950 3.990000 1.347921
v 0.430482 3.990000 1.284546
v 0.703725 3.990000 1.157646
v 0.942167 3.990000 0.973496
v 1.134015 3.990000 0.741203
v 1.134015 4.090000 0.741203
v 0.942167 4.090000 0.973496
v 0.703725 4.090000 1.157646
v 0.430482 4.090000 1.284546
v 0.135950 4.090000 1.347921
v -0.165305 4.090000 1.344636
v -0.458385 4.090000 1.274855
v -0.728797 4.090000 1.142028
v -0.963167 4.090000 0.952723
v -1.149905 4.090000 0.716304
v -1.279776 4.090000 0.444460
v -1.346358 4.090000 0.150637
v -1.346358 4.090000 -0.150637
v -1.279776 4.090000 -0.444460
v -1.149905 4.090000 -0.716304
v -0.963167 4.090000 -0.952723
v -0.728797 4.090000 -1.142028
v -0.458385 4.090000 -1.274855
v -0.165305 4.090000 -1.344636
v 0.135950 4.090000 -1.347921
v 0.430482 4.090000 -1.284546
v 0.703725 4.090000 -1.157646
v 0.942167 4.090000 -0.973496
v 1.134015 4.090000 -0.741203
v 1.269782 4.090000 -0.472256
v 1.429534 3.990000 -0.392183
v 1.429534 4.090000 -0.392183
v 1.481097 3.990000 -0.061048
v 1.472270 3.990000 -0.172621
v 1.455049 3.990000 -0.283209
v 1.455049 4.090000 -0.283209
v 1.472270 4.090000 -0.172621
v 1.481097 4.090000 -0.061048
v 1.460000 3.990000 -0.061048
v 1.460000 4.090000 -0.061048
v 1.460000 3.990000 0.061048
v 1.444200 3.990000 0.058968
v 1.429476 3.990000 0.052869
v 1.416832 3.990000 0.043168
v 1.407131 3.990000 0.030524
v 1.401032 3.990000 0.015800
v 1.398952 3.990000 -0.000000
v 1.401032 3.990000 -0.015800
v 1.407131 3.990000 -0.030524
v 1.416832 3.990000 -0.043168
v 1.429476 3.990000 -0.052869
v 1.444200 3.990000 -0.058968
v 1.444200 4.090000 -0.058968
v 1.429476 4.090000 -0.052869
v 1.416832 4.090000 -0.043168
v 1.407131 4.090000 -0.030524
v 1.401032 4.090000 -0.015800
v 1.398952 4.090000 -0.000000
v 1.401032 4.090000 0.015800
v 1.407131 4.090000 0.030524
v 1.416832 4.090000 0.043168
v 1.429476 4.090000 0.052869
v 1.444200 4.090000 0.058968
v 1.460000 4.090000 0.061048
v -1.268000 4.090000 -0.000000
v -1.233821 4.090000 -0.292421
v -1.133126 4.090000 -0.569077
v -0.971344 4.090000 -0.815055
v -0.757197 4.090000 -1.017092
v -0.502229 4.090000 -1.164298
v -0.220186 4.090000 -1.248736
v 0.073728 4.090000 -1.265855
v 0.363666 4.090000 -1.214731
v 0.634000 4.090000 -1.098120
v 0.870154 4.090000 -0.922310
v 1.059399 4.090000 -0.696777
v 1.191530 4.090000 -0.433682
v 1.259426 4.090000 -0.147206
v 1.259426 4.090000 0.147206
v 1.191530 4.090000 0.433682
v 1.059399 4.090000 0.696777
v 0.870154 4.090000 0.922310
v 0.634000 4.090000 1.098120
v 0.363666 4.090000 1.214731
v 0.073728 4.090000 1.265855
v -0.220186 4.090000 1.248736
v -0.502229 4.090000 1.164298
v -0.757197 4.090000 1.017092
v -0.971344 4.090000 0.815055
v -1.133126 4.090000 0.569077
v -1.233821 4.090000 0.292421
v -1.322859 1.089975 -2.740000
v -1.401582 1.169092 -2.740000
v -1.460793 1.263701 -2.740000
v -1.497543 1.369087 -2.740000
v -1.510000 1.480000 -2.740000
v -1.510000 1.480000 -1.530000
v -1.492963 1.350590 -1.530000
v -1.443013 1.230000 -1.530000
v -1.363553 1.126447 -1.530000
v -1.260000 1.046987 -1.530000
v -1.139410 0.997037 -1.530000
v -1.010000 0.980000 -1.530000
v -1.010000 0.980000 -3.300000
v -1.058801 0.982387 -3.300000
v -1.107135 0.989526 -3.300000
v -1.154542 1.001348 -3.300000
v -1.154542 1.001348 -3.270000
v -1.214274 1.023632 -3.270000
v -1.270686 1.053335 -3.270000
v -1.322859 1.089975 -3.270000
v -1.601436 0.980000 -1.530000
v -1.572906 0.980000 -0.968479
v -1.575734 0.980000 -0.810000
v 1.010000 0.980000 -0.810000
v 1.010000 0.980000 -3.300000
v -1.322859 2.890025 -3.270000
v -1.270686 2.926665 -3.270000
v -1.214274 2.956368 -3.270000
v -1.154542 2.978652 -3.270000
v -1.154542 2.978652 -3.300000
v -1.107135 2.990474 -3.300000
v -1.058801 2.997613 -3.300000
v -1.010000 3.000000 -3.300000
v -1.010000 3.000000 -1.530000
v -1.139410 2.982963 -1.530000
v -1.260000 2.933013 -1.530000
v -1.363553 2.853553 -1.530000
v -1.443013 2.750000 -1.530000
v -1.492963 2.629410 -1.530000
v -1.510000 2.500000 -1.530000
v -1.510000 2.500000 -2.740000
v -1.497543 2.610913 -2.740000
v -1.460793 2.716299 -2.740000
v -1.401582 2.810908 -2.740000
v -1.322859 2.890025 -2.740000
v -0.000000 3.381318 -2.900000
v -0.037529 3.376377 -2.900000
v -0.072500 3.361892 -2.900000
v -0.102530 3.338849 -2.900000
v -0.125574 3.308818 -2.900000
v -0.140059 3.273847 -2.900000
v -0.145000 3.236318 -2.900000
v -0.140059 3.198789 -2.900000
v -0.125574 3.163818 -2.900000
v -0.102530 3.133788 -2.900000
v -0.072500 3.110744 -2.900000
v -0.037529 3.096259 -2.900000
v -0.000000 3.091318 -2.900000
v 0.037529 3.096259 -2.900000
v 0.072500 3.110744 -2.900000
v 0.102530 3.133788 -2.900000
v 0.125574 3.163818 -2.900000
v 0.140059 3.198789 -2.900000
v 0.145000 3.236318 -2.900000
v 0.140059 3.273847 -2.900000
v 0.125574 3.308818 -2.900000
v 0.102530 3.338849 -2.900000
v 0.072500 3.361892 -2.900000
v 0.037529 3.376377 -2.900000
v -0.000000 3.381318 -3.300000
v 0.037529 3.376377 -3.300000
v 0.072500 3.361892 -3.300000
v 0.102530 3.338849 -3.300000
v 0.125574 3.308818 -3.300000
v 0.140059 3.273847 -3.300000
v 0.145000 3.236318 -3.300000
v 0.140059 3.198789 -3.300000
v 0.125574 3.163818 -3.300000
v 0.102530 3.133788 -3.300000
v 0.072500 3.110744 -3.300000
v 0.037529 3.096259 -3.300000
v -0.000000 3.091318 -3.300000
v -0.037529 3.096259 -3.300000
v -0.072500 3.110744 -3.300000
v -0.102530 3.133788 -3.300000
v -0.125574 3.163818 -3.300000
v -0.140059 3.198789 -3.300000
v -0.145000 3.236318 -3.300000
v -0.140059 3.273847 -3.300000
v -0.125574 3.308818 -3.300000
v -0.102530 3.338849 -3.300000
v -0.072500 3.361892 -3.300000
v -0.037529 3.376377 -3.300000
v -0.000000 0.888682 -2.900000
v -0.037529 0.883741 -2.900000
v -0.072500 0.869256 -2.900000
v -0.102530 0.846212 -2.900000
v -0.125574 0.816182 -2.900000
v -0.140059 0.781211 -2.900000
v -0.145000 0.743682 -2.900000
v -0.140059 0.706153 -2.900000
v -0.125574 0.671182 -2.900000
v -0.102530 0.641151 -2.900000
v -0.072500 0.618108 -2.900000
v -0.037529 0.603623 -2.900000
v -0.000000 0.598682 -2.900000
v 0.037529 0.603623 -2.900000
v 0.072500 0.618108 -2.900000
v 0.102530 0.641151 -2.900000
v 0.125574 0.671182 -2.900000
v 0.140059 0.706153 -2.900000
v 0.145000 0.743682 -2.900000
v 0.140059 0.781211 -2.900000
v 0.125574 0.816182 -2.900000
v 0.102530 0.846212 -2.900000
v 0.072500 0.869256 -2.900000
v 0.037529 0.883741 -2.900000
v -0.000000 0.888682 -3.300000
v 0.037529 0.883741 -3.300000
v 0.072500 0.869256 -3.300000
v 0.102530 0.846212 -3.300000
v 0.125574 0.816182 -3.300000
v 0.140059 0.781211 -3.300000
v 0.145000 0.743682 -3.300000
v 0.140059 0.706153 -3.300000
v 0.125574 0.671182 -3.300000
v 0.102530 0.641151 -3.300000
v 0.072500 0.618108 -3.300000
v 0.037529 0.603623 -3.300000
v -0.000000 0.598682 -3.300000
v -0.037529 0.603623 -3.300000
v -0.072500 0.618108 -3.300000
v -0.102530 0.641151 -3.300000
v -0.125574 0.671182 -3.300000
v -0.140059 0.706153 -3.300000
v -0.145000 0.743682 -3.300000
v -0.140059 0.781211 -3.300000
v -0.125574 0.816182 -3.300000
v -0.102530 0.846212 -3.300000
v -0.072500 0.869256 -3.300000
v -0.037529 0.883741 -3.300000
v -1.581260 0.979131 -0.490000
v -1.551686 0.840000 -0.490000
v -1.545976 0.840000 -0.810000
v -1.554741 0.922775 -1.304797
v -1.465206 0.488269 -1.146649
v -1.474619 0.476646 -0.480721
v -1.573929 0.941074 -0.447489
v 1.165000 0.840000 -0.810000
v 1.165000 3.140000 -0.810000
v -1.545976 3.140000 -0.810000
v -1.575734 3.000000 -0.810000
v 1.010000 3.000000 -0.810000
v 1.165000 3.140000 -0.490000
v -1.551686 3.140000 -0.490000
v 1.165000 0.840000 -0.490000
v -1.299999 0.979131 -0.490000
v -1.299999 3.015603 -0.490000
v -1.578128 3.015603 -0.490000
v 0.900002 2.008544 0.299982
v 0.900002 2.086190 0.289760
v 0.900002 2.158544 0.259790
v 0.900002 2.220677 0.212114
v 0.900002 2.268352 0.149982
v 0.900002 2.298322 0.077628
v 0.900002 2.308544 -0.000018
v 0.900002 2.298322 -0.077664
v 0.900002 2.268352 -0.150018
v 0.900002 2.220677 -0.212150
v 0.900002 2.158544 -0.259825
v 0.900002 2.086190 -0.289796
v 0.900002 2.008544 -0.300018
v 0.900002 1.930899 -0.289796
v 0.900002 1.858544 -0.259825
v 0.900002 1.796412 -0.212150
v 0.900002 1.748737 -0.150018
v 0.900002 1.718767 -0.077664
v 0.900002 1.708544 -0.000018
v 0.900002 1.718767 0.077628
v 0.900002 1.748737 0.149982
v 0.900002 1.796412 0.212114
v 0.900002 1.858544 0.259790
v 0.900002 1.930899 0.289760
v 1.300002 2.008544 0.299982
v 1.300002 1.930899 0.289760
v 1.300002 1.858544 0.259790
v 1.300002 1.796412 0.212114
v 1.300002 1.748737 0.149982
v 1.300002 1.718767 0.077628
v 1.300002 1.708544 -0.000018
v 1.300002 1.718767 -0.077664
v 1.300002 1.748737 -0.150018
v 1.300002 1.796412 -0.212150
v 1.300002 1.858544 -0.259825
v 1.300002 1.930899 -0.289796
v 1.300002 2.008544 -0.300018
v 1.300002 2.086190 -0.289796
v 1.300002 2.158544 -0.259825
v 1.300002 2.220677 -0.212150
v 1.300002 2.268352 -0.150018
v 1.300002 2.298322 -0.077664
v 1.300002 2.308544 -0.000018
v 1.300002 2.298322 0.077628
v 1.300002 2.268352 0.149982
v 1.300002 2.220677 0.212114
v 1.300002 2.158544 0.259790
v 1.300002 2.086190 0.289760
v 0.900002 2.005915 0.144988
v 0.900002 2.043445 0.140047
v 0.900002 2.078417 0.125561
v 0.900002 2.108448 0.102518
v 0.900002 2.131492 0.072488
v 0.900002 2.145978 0.037516
v 0.900002 2.150919 -0.000012
v 0.900002 2.145978 -0.037541
v 0.900002 2.131492 -0.072512
v 0.900002 2.108448 -0.102543
v 0.900002 2.078417 -0.125586
v 0.900002 2.043445 -0.140072
v 0.900002 2.005915 -0.145012
v 0.900002 1.968386 -0.140072
v 0.900002 1.933414 -0.125586
v 0.900002 1.903383 -0.102543
v 0.900002 1.880339 -0.072512
v 0.900002 1.865853 -0.037541
v 0.900002 1.860912 -0.000012
v 0.900002 1.865853 0.037516
v 0.900002 1.880339 0.072488
v 0.900002 1.903383 0.102518
v 0.900002 1.933414 0.125561
v 0.900002 1.968386 0.140047
v -0.899999 1.991456 -0.299982
v -0.899999 2.069101 -0.289760
v -0.899999 2.141456 -0.259790
v -0.899999 2.203588 -0.212114
v -0.899999 2.251263 -0.149982
v -0.899999 2.281233 -0.077628
v -0.899999 2.291456 0.000018
v -0.899999 2.281233 0.077664
v -0.899999 2.251263 0.150018
v -0.899999 2.203588 0.212150
v -0.899999 2.141456 0.259825
v -0.899999 2.069101 0.289796
v -0.899999 1.991456 0.300018
v -0.899999 1.913810 0.289796
v -0.899999 1.841456 0.259825
v -0.899999 1.779324 0.212150
v -0.899999 1.731648 0.150018
v -0.899999 1.701678 0.077664
v -0.899999 1.691456 0.000018
v -0.899999 1.701678 -0.077628
v -0.899999 1.731648 -0.149982
v -0.899999 1.779324 -0.212114
v -0.899999 1.841456 -0.259790
v -0.899999 1.913810 -0.289760
v -1.299999 1.991456 -0.299982
v -1.299999 1.913810 -0.289760
v -1.299999 1.841456 -0.259790
v -1.299999 1.779324 -0.212114
v -1.299999 1.731648 -0.149982
v -1.299999 1.701678 -0.077628
v -1.299999 1.691456 0.000018
v -1.299999 1.701678 0.077664
v -1.299999 1.731648 0.150018
v -1.299999 1.779324 0.212150
v -1.299999 1.841456 0.259825
v -1.299999 1.913810 0.289796
v -1.299999 1.991456 0.300018
v -1.299999 2.069101 0.289796
v -1.299999 2.141456 0.259825
v -1.299999 2.203588 0.212150
v -1.299999 2.251263 0.150018
v -1.299999 2.281233 0.077664
v -1.299999 2.291456 0.000018
v -1.299999 2.281233 -0.077628
v -1.299999 2.251263 -0.149982
v -1.299999 2.203588 -0.212114
v -1.299999 2.141456 -0.259790
v -1.299999 2.069101 -0.289760
v -0.899999 1.994085 0.145012
v -0.899999 1.956555 0.140072
v -0.899999 1.921583 0.125586
v -0.899999 1.891552 0.102543
v -0.899999 1.868508 0.072512
v -0.899999 1.854022 0.037541
v -0.899999 1.849081 0.000012
v -0.899999 1.854022 -0.037516
v -0.899999 1.868508 -0.072488
v -0.899999 1.891552 -0.102518
v -0.899999 1.921583 -0.125561
v -0.899999 1.956555 -0.140047
v -0.899999 1.994085 -0.144988
v -0.899999 2.031614 -0.140047
v -0.899999 2.066586 -0.125561
v -0.899999 2.096617 -0.102518
v -0.899999 2.119661 -0.072488
v -0.899999 2.134147 -0.037516
v -0.899999 2.139088 0.000012
v -0.899999 2.134147 0.037541
v -0.899999 2.119661 0.072512
v -0.899999 2.096617 0.102543
v -0.899999 2.066586 0.125586
v -0.899999 2.031614 0.140072
v 0.383502 2.002521 -0.145005
v 0.384553 1.974467 -0.142224
v 0.387528 1.946830 -0.133874
v 0.391976 1.921545 -0.120207
v 0.396978 1.900052 -0.102512
v 0.401915 1.882393 -0.080969
v 0.406208 1.868762 -0.055633
v 0.409023 1.860445 -0.027957
v 0.410000 1.857692 0.000106
v 0.409008 1.860490 0.028175
v 0.406180 1.868852 0.055839
v 0.401879 1.882522 0.081150
v 0.396940 1.900208 0.102657
v 0.391939 1.921737 0.120326
v 0.387500 1.947047 0.133953
v 0.384540 1.974696 0.142259
v 0.383506 2.002744 0.144995
v 0.384572 2.030802 0.142171
v 0.387556 2.058435 0.133792
v 0.392002 2.083721 0.120120
v 0.396996 2.105227 0.102440
v 0.401926 2.122917 0.080917
v 0.406212 2.136586 0.055601
v 0.409024 2.144932 0.027941
v 0.410000 2.147698 -0.000117
v 0.409008 2.144887 -0.028181
v 0.406181 2.136496 -0.055830
v 0.401885 2.122788 -0.081120
v 0.396953 2.105071 -0.102607
v 0.391959 2.083529 -0.120260
v 0.387521 2.058218 -0.133893
v 0.384552 2.030573 -0.142227
v -0.383506 1.997479 -0.144995
v -0.384557 2.025532 -0.142214
v -0.387531 2.053169 -0.133864
v -0.391979 2.078453 -0.120197
v -0.396981 2.099947 -0.102501
v -0.401917 2.117606 -0.080959
v -0.406209 2.131238 -0.055623
v -0.409024 2.139555 -0.027946
v -0.410000 2.142308 0.000117
v -0.409007 2.139510 0.028187
v -0.406178 2.131148 0.055851
v -0.401876 2.117477 0.081162
v -0.396937 2.099792 0.102668
v -0.391936 2.078262 0.120337
v -0.387496 2.052952 0.133964
v -0.384536 2.025303 0.142269
v -0.383502 1.997256 0.145005
v -0.384568 1.969198 0.142182
v -0.387553 1.941564 0.133802
v -0.391999 1.916278 0.120130
v -0.396993 1.894773 0.102451
v -0.401924 1.877082 0.080927
v -0.406211 1.863413 0.055611
v -0.409023 1.855067 0.027951
v -0.410000 1.852302 -0.000106
v -0.409009 1.855113 -0.028169
v -0.406183 1.863504 -0.055817
v -0.401887 1.877211 -0.081108
v -0.396956 1.894929 -0.102596
v -0.391963 1.916470 -0.120249
v -0.387525 1.941781 -0.133882
v -0.384555 1.969426 -0.142217
v -1.113630 0.841162 -3.270000
v -0.858427 0.639777 -3.270000
v -0.567786 0.494133 -3.270000
v -0.253705 0.410242 -3.270000
v 0.070850 0.391569 -3.270000
v 0.392480 0.438885 -3.270000
v 0.697907 0.550234 -3.270000
v 0.974523 0.721022 -3.270000
v 1.210907 0.944197 -3.270000
v 1.397301 1.210546 -3.270000
v 1.526011 1.509073 -3.270000
v 1.591722 1.827454 -3.270000
v 1.591722 2.152546 -3.270000
v 1.526011 2.470927 -3.270000
v 1.397301 2.769454 -3.270000
v 1.210907 3.035803 -3.270000
v 0.974523 3.258978 -3.270000
v 0.697907 3.429766 -3.270000
v 0.392480 3.541115 -3.270000
v 0.070850 3.588431 -3.270000
v -0.253705 3.569758 -3.270000
v -0.567786 3.485867 -3.270000
v -0.858427 3.340223 -3.270000
v -1.113630 3.138838 -3.270000
v -1.113630 3.138838 -2.740000
v -0.858427 3.340223 -2.740000
v -0.567786 3.485867 -2.740000
v -0.253705 3.569758 -2.740000
v 0.070850 3.588431 -2.740000
v 0.392480 3.541115 -2.740000
v 0.697907 3.429766 -2.740000
v 0.974523 3.258978 -2.740000
v 1.210907 3.035803 -2.740000
v 1.397301 2.769454 -2.740000
v 1.526011 2.470927 -2.740000
v 1.591722 2.152546 -2.740000
v 1.591722 1.827454 -2.740000
v 1.526011 1.509073 -2.740000
v 1.397301 1.210546 -2.740000
v 1.210907 0.944197 -2.740000
v 0.974523 0.721022 -2.740000
v 0.697907 0.550234 -2.740000
v 0.392480 0.438885 -2.740000
v 0.070850 0.391569 -2.740000
v -0.253705 0.410242 -2.740000
v -0.567786 0.494133 -2.740000
v -0.858427 0.639777 -2.740000
v -1.113630 0.841162 -2.740000
v -0.921146 0.780913 -3.270000
v -0.646658 0.614415 -3.270000
v -0.343322 0.509281 -3.270000
v -0.024672 0.470200 -3.270000
v 0.295079 0.498917 -3.270000
v 0.601667 0.594150 -3.270000
v 0.881415 0.751651 -3.270000
v 1.121843 0.964394 -3.270000
v 1.312227 1.222889 -3.270000
v 1.444073 1.515604 -3.270000
v 1.511500 1.829481 -3.270000
v 1.511500 2.150519 -3.270000
v 1.444073 2.464396 -3.270000
v 1.312227 2.757111 -3.270000
v 1.121843 3.015606 -3.270000
v 0.881415 3.228349 -3.270000
v 0.601667 3.385850 -3.270000
v 0.295079 3.481083 -3.270000
v -0.024672 3.509800 -3.270000
v -0.343322 3.470719 -3.270000
v -0.646658 3.365585 -3.270000
v -0.921146 3.199087 -3.270000
v -0.921146 0.780913 -3.300000
v -0.646658 0.614415 -3.300000
v -0.343322 0.509281 -3.300000
v -0.024672 0.470200 -3.300000
v 0.295079 0.498917 -3.300000
v 0.601667 0.594150 -3.300000
v 0.881415 0.751651 -3.300000
v 1.121843 0.964394 -3.300000
v 1.312227 1.222889 -3.300000
v 1.444073 1.515604 -3.300000
v 1.511500 1.829481 -3.300000
v 1.511500 2.150519 -3.300000
v 1.444073 2.464396 -3.300000
v 1.312227 2.757111 -3.300000
v 1.121843 3.015606 -3.300000
v 0.881415 3.228349 -3.300000
v 0.601667 3.385850 -3.300000
v 0.295079 3.481083 -3.300000
v -0.024672 3.509800 -3.300000
v -0.343322 3.470719 -3.300000
v -0.646658 3.365585 -3.300000
v -0.921146 3.199087 -3.300000
v 1.010000 3.000000 -3.300000
v 1.464841 0.795704 -2.740000
v 1.213844 0.541317 -2.740000
v 0.919449 0.338724 -2.740000
v 0.592182 0.195168 -2.740000
v 0.243742 0.115783 -2.740000
v -0.113412 0.103406 -2.740000
v -0.466511 0.158480 -2.740000
v -0.802932 0.279035 -2.740000
v -1.110645 0.460762 -2.740000
v -1.378650 0.697164 -2.740000
v -1.597364 0.979788 -2.740000
v -1.758968 1.298530 -2.740000
v -1.857684 1.641993 -2.740000
v -1.889983 1.997899 -2.740000
v -1.854711 2.353523 -2.740000
v -1.753127 2.696149 -2.740000
v -1.588864 3.013529 -2.740000
v -1.367795 3.294315 -2.740000
v -1.097823 3.528468 -2.740000
v -0.788601 3.707617 -2.740000
v -0.451185 3.825356 -2.740000
v -0.097638 3.877476 -2.740000
v 0.259400 3.862114 -2.740000
v 0.607164 3.779819 -2.740000
v 0.933220 3.633533 -2.740000
v 1.225911 3.428486 -2.740000
v 1.474773 3.172009 -2.740000
v 1.670907 2.873272 -2.740000
v 1.807302 2.542956 -2.740000
v 1.879081 2.192870 -2.740000
v 1.883677 1.835532 -2.740000
v 1.820927 1.483715 -2.740000
v 1.693074 1.150000 -2.740000
v 1.820000 1.150000 -2.740000
v 1.902106 1.140775 -2.740000
v 1.980119 1.113560 -2.740000
v 2.050146 1.069711 -2.740000
v 2.108698 1.011416 -2.740000
v 2.152853 0.941582 -2.740000
v 2.146447 0.758134 -2.740000
v 2.132512 0.672961 -2.740000
v 2.097581 0.594040 -2.740000
v 2.043903 0.526457 -2.740000
v 1.974938 0.474567 -2.740000
v 1.895130 0.441714 -2.740000
v 1.809621 0.430013 -2.740000
v 1.723921 0.440219 -2.740000
v 1.643552 0.471675 -2.740000
v 1.573692 0.522354 -2.740000
v 1.518843 0.588989 -2.740000
v 1.482540 0.667289 -2.740000
v 1.467120 0.752206 -2.740000
v 1.490000 -0.010000 -2.020000
v 1.443413 -0.010000 -2.026133
v 1.400000 -0.010000 -2.044115
v 1.362721 -0.010000 -2.072721
v 1.334115 -0.010000 -2.110000
v 1.316133 -0.010000 -2.153413
v 1.310000 -0.010000 -2.200000
v 1.316133 -0.010000 -2.246587
v 1.334115 -0.010000 -2.290000
v 1.362721 -0.010000 -2.327279
v 1.400000 -0.010000 -2.355885
v 1.443413 -0.010000 -2.373867
v 1.490000 -0.010000 -2.380000
v 1.536587 -0.010000 -2.373867
v 1.580000 -0.010000 -2.355885
v 1.617279 -0.010000 -2.327279
v 1.645885 -0.010000 -2.290000
v 1.663867 -0.010000 -2.246587
v 1.670000 -0.010000 -2.200000
v 1.663867 -0.010000 -2.153413
v 1.645885 -0.010000 -2.110000
v 1.617279 -0.010000 -2.072721
v 1.580000 -0.010000 -2.044115
v 1.536587 -0.010000 -2.026133
v 2.080000 1.990000 -1.560000
v 2.080000 1.933060 -1.567496
v 2.080000 1.880000 -1.589474
v 2.080000 1.834437 -1.624437
v 2.080000 1.799474 -1.670000
v 2.080000 1.777496 -1.723060
v 2.080000 1.770000 -1.780000
v 2.080000 1.777496 -1.836940
v 2.080000 1.799474 -1.890000
v 2.080000 1.834437 -1.935563
v 2.080000 1.880000 -1.970526
v 2.080000 1.933060 -1.992504
v 2.080000 1.990000 -2.000000
v 2.080000 2.046940 -1.992504
v 2.080000 2.100000 -1.970526
v 2.080000 2.145563 -1.935563
v 2.080000 2.180526 -1.890000
v 2.080000 2.202504 -1.836940
v 2.080000 2.210000 -1.780000
v 2.080000 2.202504 -1.723060
v 2.080000 2.180526 -1.670000
v 2.080000 2.145563 -1.624437
v 2.080000 2.100000 -1.589474
v 2.080000 2.046940 -1.567496
v 1.539727 0.050000 -2.544877
v 1.160000 0.050000 -2.574532
v 1.160000 0.497854 -2.598075
v 1.234786 0.559125 -2.595455
v 1.306341 0.624140 -2.593285
v 1.374478 0.692729 -2.591569
v 1.379333 0.670601 -2.590027
v 1.417833 0.570294 -2.581747
v 1.479830 0.482545 -2.572293
v 1.561512 0.412747 -2.562244
v 1.657858 0.365196 -2.552220
v 1.626056 0.307911 -2.551693
v 1.599603 0.247998 -2.550609
v 1.578697 0.185904 -2.548978
v 1.160000 0.497854 -2.340000
v 1.160000 0.050000 -2.340000
v 1.693074 1.150000 -2.340000
v 1.820000 1.150000 -2.340000
v 1.428145 0.752058 -2.647449
v 1.464841 0.795704 -2.683349
v 1.467120 0.752206 -2.680885
v 1.476575 0.688467 -2.675674
v 1.491506 0.642400 -2.671102
v 1.512808 0.598961 -2.666072
v 1.540015 0.559041 -2.660689
v 1.572670 0.523320 -2.655048
v 1.610053 0.492605 -2.649269
v 1.651313 0.467561 -2.643486
v 1.695747 0.448598 -2.637793
v 1.742508 0.436106 -2.632303
v 1.806654 0.430000 -2.625510
v 1.796451 0.294583 -2.494860
v 1.764269 0.318095 -2.518896
v 1.716414 0.342526 -2.540261
v 1.775558 0.363114 -2.562370
v 1.402407 0.674840 -2.610349
v 1.430946 0.595421 -2.603601
v 1.475099 0.523502 -2.595983
v 1.723986 0.369675 -2.566978
v 1.698611 0.375388 -2.569383
v 1.533006 0.462114 -2.587816
v 1.602227 0.413842 -2.579445
v 2.189465 1.990000 -1.500000
v 1.890000 1.990000 -1.327069
v 1.862372 1.668022 -1.330600
v 1.780297 1.355458 -1.302120
v 2.178989 1.690000 -1.512106
v 2.178989 2.290000 -1.512106
v 1.780297 2.624542 -1.302120
v 1.862372 2.311978 -1.330600
v 1.902106 1.140775 -2.340000
v 1.980119 1.113560 -2.340000
v 2.050146 1.069711 -2.340000
v 2.108698 1.011416 -2.340000
v 2.152853 0.941582 -2.340000
v 2.189465 1.990000 -2.000000
v 2.189465 1.990000 -2.340000
v 2.178989 2.290000 -2.340000
v 2.189465 1.990000 -1.560000
v 2.187477 2.046940 -1.567496
v 2.185624 2.100000 -1.589474
v 2.184033 2.145563 -1.624437
v 2.182812 2.180526 -1.670000
v 2.182044 2.202504 -1.723060
v 2.181782 2.210000 -1.780000
v 2.182044 2.202504 -1.836940
v 2.182812 2.180526 -1.890000
v 2.184033 2.145563 -1.935563
v 2.185624 2.100000 -1.970526
v 2.187477 2.046940 -1.992504
v 2.187477 1.933060 -1.992504
v 2.185624 1.880000 -1.970526
v 2.184033 1.834437 -1.935563
v 2.182812 1.799474 -1.890000
v 2.182044 1.777496 -1.836940
v 2.181782 1.770000 -1.780000
v 2.182044 1.777496 -1.723060
v 2.182812 1.799474 -1.670000
v 2.184033 1.834437 -1.624437
v 2.185624 1.880000 -1.589474
v 2.187477 1.933060 -1.567496
v 2.178989 1.690000 -1.596063
v 2.178937 1.688510 -1.614904
v 2.178784 1.684136 -1.633314
v 2.178370 1.672284 -1.660047
v 2.177762 1.654875 -1.684379
v 2.176958 1.631850 -1.706475
v 2.175980 1.603851 -1.725475
v 2.173773 1.540653 -1.750871
v 2.171412 1.473045 -1.761229
v 2.146447 0.758134 -1.798696
v 1.880694 0.438159 -2.618688
v 1.951180 0.462246 -2.613286
v 2.014729 0.501104 -2.609565
v 2.068291 0.552868 -2.607702
v 2.109296 0.615054 -2.607787
v 2.086814 0.571143 -2.603932
v 2.055935 0.510829 -2.588747
v 2.026206 0.452762 -2.564498
v 1.969875 0.342737 -2.498601
v 1.853051 0.114555 -2.314211
v 1.849441 0.107504 -2.307927
v 1.849544 0.110087 -2.310406
v 1.849625 0.112668 -2.312887
v 1.849685 0.115248 -2.315370
v 1.840759 0.222535 -2.420279
v 1.824813 0.260588 -2.459190
v 1.812272 0.278257 -2.477685
v 1.840388 0.242819 -2.439929
v 1.820808 0.121369 -2.386937
v 1.776305 0.132247 -2.449343
v 1.718780 0.147245 -2.498933
v 1.651600 0.165487 -2.532805
v 1.697325 0.250159 -2.529880
v 1.834841 0.189338 -2.405854
v 1.774458 0.215714 -2.479906
v 1.737175 0.232290 -2.508441
v 1.807271 0.201284 -2.445428
v 1.656477 0.268607 -2.544077
v 1.861420 0.114447 -1.832430
v 1.842940 0.050000 -1.835807
v 1.842940 0.050000 -2.228442
v 1.861420 0.114447 -2.230386
v 1.889876 0.186482 -2.233202
v 1.889876 0.186481 -1.828655
v 1.878844 0.163100 -1.829880
v 1.869345 0.139055 -1.831140
v 2.109296 0.615054 -1.806194
v 1.853114 0.114678 -2.301671
v 1.832843 0.050000 -2.306607
v 1.803165 0.050000 -2.379870
v 1.755707 0.050000 -2.443786
v 1.693347 0.050000 -2.494477
v 1.619868 0.050000 -2.528870
v 1.857592 0.114104 -2.278133
v 1.860365 0.114027 -2.254327
v 1.780297 2.624542 -1.420083
v 1.862372 2.311978 -1.420083
v 1.890000 1.990000 -1.420083
v 1.862372 1.668022 -1.420083
v 1.780297 1.355458 -1.420083
v 1.795328 2.611929 -2.340000
v 1.795328 2.611929 -2.020000
v 1.579068 0.935993 -1.789374
v 1.521751 0.854717 -1.793634
v 1.460249 0.776551 -1.797730
v 1.394731 0.701709 -1.801653
v 1.412840 0.539006 -1.810180
v 1.429332 0.376145 -1.818715
v 1.444337 0.213140 -1.827258
v 1.457943 0.050000 -1.835807
v 2.128628 0.660761 -1.803799
v 2.141100 0.708796 -1.801281
v 2.046549 1.342774 -1.768056
v 1.916271 1.218939 -1.774546
v 1.747669 1.077466 -1.781960
v 1.782786 1.357546 -1.471654
v 1.785047 1.359444 -1.523243
v 1.787081 1.361150 -1.574848
v 1.787713 1.361681 -1.574820
v 2.175024 1.686674 -1.596237
v 2.177007 1.688337 -1.596150
v 1.787008 1.359201 -1.598915
v 1.785081 1.352207 -1.621972
v 1.781558 1.341098 -1.643178
v 1.776728 1.326871 -1.662263
v 1.762922 1.289208 -1.696523
v 1.742132 1.237723 -1.726926
v 1.674955 1.096698 -1.771115
v 2.076457 1.420058 -1.761127
v 2.112986 1.631219 -1.625217
v 1.984043 1.522668 -1.617554
v 2.177402 1.685332 -1.624704
v 2.145201 1.658296 -1.625504
v 2.151229 1.652644 -1.654728
v 2.161080 1.642380 -1.682904
v 2.142687 1.600217 -1.709058
v 1.919561 1.468360 -1.612853
v 1.790132 1.359540 -1.610428
v 1.797709 1.352576 -1.646776
v 1.810042 1.339875 -1.681820
v 1.826820 1.321691 -1.713313
v 1.847172 1.298956 -1.739253
v 1.869811 1.273135 -1.758287
v 1.893288 1.245927 -1.769933
v 2.016919 1.360261 -1.764106
v 1.994734 1.386121 -1.753061
v 1.973344 1.410666 -1.735011
v 1.954122 1.432285 -1.710413
v 1.938289 1.449589 -1.680549
v 1.926671 1.461694 -1.647319
v 1.701367 1.131794 -1.765694
v 1.724765 1.104520 -1.777343
v 2.055399 1.444605 -1.750643
v 2.035095 1.467904 -1.733508
v 2.016849 1.488425 -1.710159
v 2.001820 1.504850 -1.681813
v 1.990792 1.516341 -1.650270
v 2.080760 1.604110 -1.624062
v 2.048526 1.576976 -1.622255
v 2.054913 1.570987 -1.653221
v 2.065351 1.560111 -1.683076
v 2.079577 1.544565 -1.709906
v 2.096846 1.525141 -1.732006
v 2.116063 1.503089 -1.748224
v 2.135995 1.479856 -1.758147
v 2.146664 1.532010 -1.746984
v 2.127912 1.553529 -1.731159
v 2.111060 1.572482 -1.709594
v 2.097179 1.587653 -1.683412
v 2.086993 1.598265 -1.654279
v 2.166114 1.509338 -1.756668
v 2.159206 1.581638 -1.730197
v 2.129080 1.615087 -1.683394
v 2.119095 1.625490 -1.654837
v 2.174505 1.627707 -1.708225
v 1.124403 0.458427 -2.013877
v 1.108228 0.446683 -2.015948
v 1.091929 0.435107 -2.017989
v 1.075506 0.423703 -2.020000
v 0.792457 0.263150 -2.048310
v 0.486164 0.153252 -2.067688
v 0.165609 0.097231 -2.077566
v -0.159803 0.096732 -2.077654
v -0.480528 0.151769 -2.067949
v -0.787157 0.260727 -2.048737
v -0.750000 0.050000 -2.085894
v -0.704000 0.050000 -2.085894
v 0.704000 0.050000 -2.085894
v 1.145807 0.050000 -2.085894
v 1.317964 0.623019 -1.817364
v 1.242013 0.553122 -1.857535
v 1.206506 0.522868 -1.887354
v 1.174175 0.496570 -1.923657
v 1.146340 0.474876 -1.966090
v 1.169129 0.050000 -2.017947
v 1.207066 0.050000 -1.956966
v 1.257707 0.050000 -1.906023
v 1.318501 0.050000 -1.867683
v 1.386387 0.050000 -1.843878
v 1.288685 0.377680 -1.850927
v 1.381628 0.385160 -1.821661
v 1.334615 0.381174 -1.832542
v 1.245592 0.374834 -1.876559
v 1.207012 0.372756 -1.908602
v 1.174232 0.371504 -1.945800
v 1.148108 0.371080 -1.986565
v -0.787157 0.260727 -2.340000
v -0.750000 0.050000 -2.340000
v 1.391444 3.290000 -0.001254
v 1.300002 3.290000 -0.001254
v 1.300002 3.311634 0.001825
v 1.300002 3.333268 0.004900
v 1.300002 3.354903 0.007971
v 1.388020 3.354903 0.007971
v 1.389168 3.333269 0.004900
v 1.390310 3.311634 0.001825
v -1.390121 3.315212 0.002334
v -1.299999 3.315212 0.002334
v -1.299999 3.308909 0.001438
v -1.299999 3.302606 0.000541
v -1.299999 3.296303 -0.000356
v -1.299999 3.290000 -0.001254
v -1.391444 3.290000 -0.001254
v -1.299999 0.636125 0.186987
v -1.299999 0.673433 -0.011071
v -1.299999 0.730133 -0.150729
v -1.299999 0.809752 -0.285219
v -1.299999 0.909774 -0.412524
v -1.567260 0.909774 -0.412524
v -1.535206 0.809752 -0.285219
v -1.488515 0.730133 -0.150729
v -1.424490 0.673433 -0.011071
v -1.373495 0.651084 0.079284
v -1.347623 0.644631 0.120066
v -1.460355 0.908523 -0.411119
v -1.353451 0.908523 -0.411119
v -1.353451 0.857064 -0.349595
v -1.353451 0.809752 -0.285219
v -1.353451 0.730133 -0.150729
v -1.353451 0.698635 -0.081284
v -1.353451 0.685150 -0.046069
v -1.353451 0.673433 -0.011071
v -1.353451 0.655347 0.057879
v -1.513808 0.809752 -0.285219
v -1.513808 0.857064 -0.349595
v -1.513808 0.908523 -0.411119
v -1.460355 0.730133 -0.150729
v -1.460355 0.809752 -0.285219
v -1.460355 0.857064 -0.349595
v -1.406903 0.908523 -0.411119
v -1.406903 0.673433 -0.011071
v -1.406903 0.685150 -0.046069
v -1.406903 0.698635 -0.081284
v -1.406903 0.730133 -0.150729
v -1.406903 0.809752 -0.285219
v -1.406903 0.857064 -0.349595
v -1.254407 1.129998 0.243985
v -1.299999 1.129998 0.243985
v -1.299999 0.628893 0.243985
v -1.254109 0.628893 0.243985
v -1.254407 0.630000 0.243985
v -1.293453 0.635055 0.195418
v -1.286826 0.633993 0.203786
v -1.280118 0.632940 0.212092
v -1.299999 0.630000 -1.201518
v -1.299782 0.630000 -1.198235
v -1.299999 0.630000 -1.198235
v -1.299999 0.630202 -1.198309
v 1.299782 0.630000 -1.198235
v 1.300002 0.630000 -1.201566
v 1.300002 0.630000 -1.198235
v 1.300002 0.630205 -1.198310
v 1.279490 0.630000 0.211881
v 1.286422 0.630000 0.202912
v 1.293260 0.630000 0.193871
v 1.300002 0.630000 0.184758
v 1.300002 0.630000 0.243985
v 1.254407 0.630000 0.243985
v -1.242597 0.630000 0.259102
v -1.242597 1.129998 0.259102
v -1.244156 0.464762 0.200058
v -1.217913 0.464180 0.233447
v -1.372379 0.468387 -0.007582
v -1.450476 0.472414 -0.238278
v -1.129024 0.488269 -1.146649
v -1.063366 0.479482 -0.643243
v -1.162167 0.475909 -0.438533
v -1.221967 0.472081 -0.219235
v -1.240759 0.468127 0.007293
v 0.760002 3.290000 1.165554
v 0.760002 3.290000 0.243985
v 1.300002 3.290000 0.243985
v 1.364293 3.290000 0.273539
v 1.283413 3.290000 0.537559
v 1.151989 3.290000 0.780409
v 0.975198 3.290000 0.992525
v -0.860002 3.190000 1.700000
v -0.860002 3.190140 1.700000
v -0.860002 3.190280 1.700000
v -0.860001 3.190419 1.700000
v -0.860001 3.190417 0.243985
v -0.860002 3.190278 0.243985
v -0.860002 3.190139 0.243985
v -0.860002 3.190000 0.243985
v 1.129024 0.488269 -1.146649
v 1.465206 0.488269 -1.146649
v 1.474619 0.476646 -0.480721
v 1.450476 0.472414 -0.238278
v 1.372379 0.468387 -0.007582
v 1.244156 0.464762 0.200058
v 1.217913 0.464180 0.233447
v 1.240759 0.468127 0.007293
v 1.221967 0.472081 -0.219235
v 1.162167 0.475909 -0.438533
v 1.063366 0.479482 -0.643243
v 1.242597 0.630000 0.259102
v 1.553060 3.144841 -0.355391
v 1.536857 3.229716 -0.252351
v 1.524384 3.298030 -0.137659
v 1.515925 3.348208 -0.013953
v 1.509330 3.379632 0.120777
v 1.492335 3.390000 0.254016
v 1.362731 3.390000 0.254016
v 1.380184 3.381281 0.131920
v 1.300002 3.304713 -0.123915
v 1.300002 3.234086 -0.246083
v 1.300002 3.144841 -0.355391
v -0.196334 3.590000 1.361641
v -0.201571 3.390000 1.371470
v -0.201571 3.390000 1.641571
v -0.196334 3.590000 1.636334
v 0.196334 3.590000 1.361641
v 0.065644 3.590000 1.374155
v -0.065644 3.590000 1.374155
v 0.196334 3.590000 1.636334
v 0.201571 3.390000 1.371470
v 0.201571 3.390000 1.641571
v -0.067403 3.390000 1.384564
v 0.067403 3.390000 1.384564
v 1.456073 3.390000 0.414054
v 1.294866 3.390000 0.494857
v 1.322314 3.390000 0.415989
v 1.344963 3.390000 0.335612
v 1.482179 3.390000 0.307788
v 1.470087 3.390000 0.361157
v 1.290145 3.503182 -0.490588
v 1.451016 3.504591 -0.409871
v 1.129024 3.491731 -1.146649
v 1.092781 3.497018 -0.843725
v 1.170028 3.498957 -0.732665
v 1.236027 3.501018 -0.614574
v 1.460608 3.505215 -0.374122
v 1.469320 3.505843 -0.338149
v 1.477145 3.506475 -0.301972
v 1.465206 3.491731 -1.146649
v -1.476209 3.505318 -0.368219
v -1.466445 3.508122 -0.207603
v -1.432826 3.510868 -0.050255
v -1.376070 3.513499 0.100458
v -1.371658 3.509107 -0.151162
v -1.321619 3.504802 -0.397795
v -1.227618 3.500727 -0.631238
v -1.092781 3.497018 -0.843725
v -1.129024 3.491731 -1.146649
v -1.465206 3.491731 -1.146649
v -1.555879 3.132044 -0.349815
v -1.534575 3.208774 -0.230868
v -1.500257 3.273306 -0.104034
v -1.451689 3.322441 0.024217
v -1.390886 3.356427 0.146798
v -1.377113 3.420957 0.143617
v -1.377051 3.361769 0.171449
v -1.386269 3.358258 0.155002
v -1.381658 3.360038 0.163219
v -1.299999 3.138572 -0.340709
v -1.299999 3.239119 -0.175484
v -1.562818 3.095333 -0.398263
v -1.570239 3.056493 -0.445023
v -0.860001 3.290000 0.243985
v -0.860001 3.290000 1.093854
v -1.083554 3.290000 0.872943
v -1.251825 3.290000 0.607496
v -1.356231 3.290000 0.311056
v -1.299999 3.290000 0.243985
v -1.244737 0.580555 -1.180239
v -1.187790 0.533288 -1.163035
v -1.432198 0.767037 -1.248113
v -1.554741 3.057225 -1.304797
v -1.572906 3.000000 -0.968479
v -1.358422 3.292759 -1.219069
v 1.554741 3.057225 -1.304797
v 1.357682 3.293484 -1.218806
v 1.493714 3.434482 -0.230984
v 1.505728 3.383992 -0.159135
v 1.510012 3.366874 -0.122973
v 1.513142 3.355198 -0.086699
v 1.515113 3.348974 -0.050347
v 1.598862 2.908703 -0.601384
v 1.574391 2.995025 -0.944510
v 1.675412 2.783551 -0.731759
v 1.300002 2.783551 -0.731759
v 1.300002 2.584175 -0.895719
v 1.300002 2.352078 -1.008701
v 1.300002 2.100042 -1.064482
v 1.300002 1.841945 -1.059991
v 1.300002 1.592002 -0.995475
v 1.300002 1.363977 -0.874486
v 1.300002 1.170426 -0.703688
v 1.660567 1.170426 -0.703688
v 1.742062 1.332454 -0.851841
v 1.810218 1.524396 -0.966608
v 1.856579 1.739796 -1.041169
v 1.874772 1.969714 -1.069826
v 1.861915 2.200878 -1.049601
v 1.820109 2.419385 -0.982743
v 1.755194 2.616004 -0.874507
v 1.573929 0.941074 -0.447489
v 1.599380 1.073201 -0.595082
v 1.300002 0.968425 -0.478041
v 1.441066 0.948697 -0.456004
v 1.569027 0.917509 -0.421165
v 1.570740 0.925357 -0.429931
v 1.572374 0.933212 -0.438706
v 1.554741 0.922775 -1.304797
v 1.574584 0.985622 -0.941411
v 1.432063 0.766866 -1.248051
v 1.562187 0.889392 -0.388799
v 1.524891 0.787720 -0.251764
v 1.469822 0.707641 -0.107039
v 1.394874 0.653521 0.040646
v 1.300002 0.630479 0.184932
v 1.300002 0.805870 -0.255720
v 1.300002 0.689240 -0.006990
v 1.300002 0.644782 0.134630
v 1.418805 0.885417 -0.379641
v 1.457090 0.763865 -0.203573
v 1.460856 0.877847 -0.371421
v 1.539093 0.858926 -0.350672
v 1.497994 0.808692 -0.279266
v 1.428137 0.823305 -0.294022
v 1.390397 0.828812 -0.299215
v 1.362141 0.778336 -0.214002
v 1.395586 0.774618 -0.212027
v 1.416699 0.724857 -0.124122
v 1.363474 0.732270 -0.126056
v 1.334285 0.734512 -0.124677
v 1.339589 0.666064 0.041588
v 1.383129 0.658170 0.036991
v 1.482189 3.970000 -0.060000
v 1.496875 3.690000 -0.060000
v 1.497944 3.690000 -0.020005
v 1.497944 3.690000 0.020005
v 1.496875 3.690000 0.060000
v 1.482189 3.970000 0.060000
v 1.460000 3.970000 0.060000
v 1.444471 3.970000 0.057956
v 1.430000 3.970000 0.051962
v 1.417574 3.970000 0.042426
v 1.408038 3.970000 0.030000
v 1.402044 3.970000 0.015529
v 1.400000 3.970000 -0.000000
v 1.402044 3.970000 -0.015529
v 1.408038 3.970000 -0.030000
v 1.417574 3.970000 -0.042426
v 1.430000 3.970000 -0.051962
v 1.444471 3.970000 -0.057956
v 1.460000 3.970000 -0.060000
v -1.900000 2.180000 -1.780000
v -1.900000 2.173526 -1.829176
v -1.900000 2.154545 -1.875000
v -1.900000 2.124350 -1.914350
v -1.900000 2.085000 -1.944545
v -1.900000 2.039176 -1.963526
v -1.900000 1.990000 -1.970000
v -1.900000 1.940824 -1.963526
v -1.900000 1.895000 -1.944545
v -1.900000 1.855650 -1.914350
v -1.900000 1.825455 -1.875000
v -1.900000 1.806474 -1.829176
v -1.900000 1.800000 -1.780000
v -1.900000 1.806474 -1.730824
v -1.900000 1.825455 -1.685000
v -1.900000 1.855650 -1.645650
v -1.900000 1.895000 -1.615455
v -1.900000 1.940824 -1.596474
v -1.900000 1.990000 -1.590000
v -1.900000 2.039176 -1.596474
v -1.900000 2.085000 -1.615455
v -1.900000 2.124350 -1.645650
v -1.900000 2.154545 -1.685000
v -1.900000 2.173526 -1.730824
v 1.460000 3.690000 -0.060000
v 1.444471 3.690000 -0.057956
v 1.430000 3.690000 -0.051962
v 1.417574 3.690000 -0.042426
v 1.408038 3.690000 -0.030000
v 1.402044 3.690000 -0.015529
v 1.400000 3.690000 -0.000000
v 1.402044 3.690000 0.015529
v 1.408038 3.690000 0.030000
v 1.417574 3.690000 0.042426
v 1.430000 3.690000 0.051962
v 1.444471 3.690000 0.057956
v 1.460000 3.690000 0.060000
v -0.849998 0.630000 0.942700
v -0.849998 1.005264 0.942700
v -0.981795 1.129998 0.804524
v -1.097624 1.129998 0.637496
v -1.185307 1.129998 0.454122
v -1.161030 0.630000 0.513019
v -1.028210 0.630000 0.744288
v -1.054702 2.750000 0.243985
v -0.995204 2.826401 0.243985
v -0.930183 2.898160 0.243985
v -0.860002 2.964881 0.243985
v -1.299999 2.750000 0.243985
v 0.760002 3.005700 0.243985
v 0.822986 2.957561 0.243985
v 0.882852 2.905594 0.243985
v 0.939368 2.850002 0.243985
v 1.300002 2.850002 0.243985
v 1.300002 1.230000 0.243985
v 1.254407 1.230000 0.243985
v 1.242597 1.230000 0.259102
v 1.199192 1.230000 0.416076
v 1.136045 1.230000 0.566199
v 1.054196 1.230000 0.707001
v 0.961089 1.114686 0.829143
v 0.850002 1.006446 0.942697
v 0.850002 0.630000 0.942697
v 1.028212 0.630000 0.744285
v 1.161031 0.630000 0.513017
v 0.939368 2.850002 3.201080
v 1.060271 2.850002 3.176014
v 1.180507 2.850002 3.147926
v 1.300002 2.850002 3.116832
v -0.981795 1.129998 3.195977
v -1.088413 1.129998 3.173073
v -1.194498 1.129998 3.147817
v -1.299999 1.129998 3.120219
v -0.860002 2.964881 3.194044
v -0.860002 2.987619 3.189397
v -0.860002 3.010335 3.184643
v -0.860002 3.033028 3.179782
v -0.860002 3.114918 3.155600
v -0.860002 3.190000 3.120944
v -0.860001 3.190422 3.120711
v -0.860001 3.225169 3.099892
v -0.860001 3.258413 3.076683
v -0.860001 3.290000 3.051192
v 0.760002 3.005700 3.202400
v 0.822986 2.957561 3.201962
v 0.882852 2.905594 3.201522
v 1.054196 1.230000 3.194793
v 1.300002 1.230000 3.134497
v 1.218414 1.230000 3.155994
v 1.136470 1.230000 3.176094
v -0.661166 0.000000 3.093099
v -0.661166 0.000000 0.950985
v -0.869293 0.000000 0.765403
v -1.027034 0.000000 0.535456
v -1.125245 0.000000 0.274473
v -1.158234 0.000000 -0.002419
v -1.124089 0.000000 -0.279171
v -1.024789 -0.000000 -0.539741
v -0.866089 -0.000000 -0.769027
v -0.657188 -0.000000 -0.953738
v -0.410195 -0.000000 -1.083168
v -0.139426 -0.000000 -1.149814
v 0.139424 -0.000000 -1.149814
v 0.410193 -0.000000 -1.083168
v 0.657186 -0.000000 -0.953739
v 0.866087 -0.000000 -0.769029
v 1.024787 -0.000000 -0.539743
v 1.124088 -0.000000 -0.279173
v 1.158234 0.000000 -0.002421
v 1.125246 0.000000 0.274471
v 1.027035 0.000000 0.535454
v 0.869295 0.000000 0.765401
v 0.661168 0.000000 0.950983
v 0.661168 0.000000 3.093100
v 0.221022 0.000000 3.133993
v -0.221020 0.000000 3.133993
v -0.000000 -0.000000 -0.600000
v -0.155291 -0.000000 -0.579555
v -0.300000 -0.000000 -0.519615
v -0.424264 -0.000000 -0.424264
v -0.519615 -0.000000 -0.300000
v -0.579555 -0.000000 -0.155291
v -0.600000 -0.000000 0.000000
v -0.579555 -0.000000 0.155291
v -0.519615 0.000000 0.300000
v -0.424264 0.000000 0.424264
v -0.300000 0.000000 0.519615
v -0.155291 0.000000 0.579555
v 0.000000 0.000000 0.600000
v 0.155291 0.000000 0.579555
v 0.300000 0.000000 0.519615
v 0.424264 0.000000 0.424264
v 0.519615 0.000000 0.300000
v 0.579555 0.000000 0.155291
v 0.600000 0.000000 -0.000000
v 0.579555 -0.000000 -0.155291
v 0.519615 -0.000000 -0.300000
v 0.424264 -0.000000 -0.424264
v 0.300000 -0.000000 -0.519615
v 0.155291 -0.000000 -0.579555
v 0.850002 1.006446 3.203628
v 0.957423 1.110808 3.198162
v 0.850002 0.630000 3.150975
v 0.837773 0.396662 3.120501
v 0.837773 0.396662 0.898087
v 0.760002 3.290000 3.068449
v 0.760002 3.167804 3.149495
v 0.760002 3.033028 3.196580
v 0.760002 3.023923 3.198537
v 0.760002 3.014813 3.200477
v 1.300002 2.338684 3.181436
v 1.300002 1.823393 3.191168
v 1.300002 1.310000 3.145917
v -0.321829 3.290000 3.118584
v 0.220516 3.290000 3.124361
v 0.503775 3.290000 1.297046
v 0.225966 3.290000 1.372974
v -0.061524 3.290000 1.390084
v -0.346377 3.290000 1.347643
v -0.616392 3.290000 1.247469
v -1.054702 2.750000 3.194044
v -0.995204 2.826401 3.194044
v -0.930183 2.898160 3.194044
v -1.299999 2.750000 3.133851
v -1.218579 2.750000 3.155308
v -1.136805 2.750000 3.175374
v -0.849998 1.005264 3.203462
v -0.849998 0.630000 3.150975
v -0.837769 0.396657 0.898089
v -0.837769 0.396657 3.120501
v 0.785910 1.310000 3.256803
v 0.262959 1.310000 3.312561
v -0.262956 1.310000 3.312561
v -0.785907 1.310000 3.256803
v -1.299999 1.310000 3.145917
v -0.699273 0.050000 -2.340000
v -0.704000 0.050000 -2.334367
v 1.820328 1.481565 -2.340000
v 1.883307 1.831082 -2.340000
v 1.879788 2.186211 -2.340000
v 1.809894 2.534412 -2.340000
v 1.676094 2.863389 -2.340000
v 1.483112 3.161528 -2.340000
v 1.237762 3.418301 -2.340000
v 0.948708 3.624642 -2.340000
v 0.626155 3.773264 -2.340000
v 0.281493 3.858920 -2.340000
v -0.073108 3.878586 -2.340000
v -0.425128 3.831566 -2.340000
v -0.762137 3.719522 -2.340000
v -1.072235 3.546410 -2.340000
v -1.344473 3.318342 -2.340000
v -1.569239 3.043371 -2.340000
v -1.738596 2.731205 -2.340000
v -1.846564 2.392869 -2.340000
v -1.889330 2.040307 -2.340000
v -1.865386 1.685969 -2.340000
v -1.775576 1.342366 -2.340000
v -1.623071 1.021631 -2.340000
v -1.413257 0.735088 -2.340000
v -1.153541 0.492855 -2.340000
v -0.853095 0.303486 -2.340000
v -0.522526 0.173667 -2.340000
v -0.173507 0.107981 -2.340000
v 0.181638 0.108748 -2.340000
v 0.530370 0.175942 -2.340000
v 0.860375 0.307188 -2.340000
v 0.699273 0.050000 -2.340000
v -1.096755 0.438508 -2.340000
v -1.367631 0.671067 -2.340000
v -1.590220 0.950193 -2.340000
v -1.756664 1.266031 -2.340000
v -1.861086 1.607430 -2.340000
v -1.899799 1.962336 -2.340000
v -1.871436 2.318220 -2.340000
v -1.776999 2.662514 -2.340000
v -1.619822 2.983065 -2.340000
v -1.405454 3.268553 -2.340000
v -1.141464 3.508901 -2.340000
v -0.837173 3.695620 -2.340000
v -0.503325 3.822120 -2.340000
v -0.151705 3.883934 -2.340000
v 0.205271 3.878879 -2.340000
v 0.554999 3.807134 -2.340000
v 0.885132 3.671232 -2.340000
v 1.184014 3.475971 -2.340000
v 1.441093 3.228246 -2.340000
v 1.647291 2.936802 -2.340000
v 0.704000 0.050000 -2.032000
v 0.654000 0.050000 -1.982000
v 0.654000 0.030000 -1.982000
v 0.704000 0.030000 -2.032000
v -0.654000 0.050000 -1.982000
v -0.704000 0.050000 -2.032000
v -0.704000 0.030000 -2.032000
v -0.654000 0.030000 -1.982000
v -0.363633 0.050000 -2.740000
v -0.363633 0.030000 -2.740000
v -0.704000 0.030000 -2.334367
v 0.704000 0.050000 -2.334367
v 0.704000 0.030000 -2.334367
v 0.363633 0.030000 -2.740000
v 1.490000 0.050000 -2.020000
v 1.536587 0.050000 -2.026133
v 1.580000 0.050000 -2.044115
v 1.617279 0.050000 -2.072721
v 1.645885 0.050000 -2.110000
v 1.663867 0.050000 -2.153413
v 1.670000 0.050000 -2.200000
v 1.663867 0.050000 -2.246587
v 1.645885 0.050000 -2.290000
v 1.617279 0.050000 -2.327279
v 1.580000 0.050000 -2.355885
v 1.536587 0.050000 -2.373867
v 1.490000 0.050000 -2.380000
v 1.443413 0.050000 -2.373867
v 1.400000 0.050000 -2.355885
v 1.362721 0.050000 -2.327279
v 1.334115 0.050000 -2.290000
v 1.316133 0.050000 -2.246587
v 1.310000 0.050000 -2.200000
v 1.316133 0.050000 -2.153413
v 1.334115 0.050000 -2.110000
v 1.362721 0.050000 -2.072721
v 1.400000 0.050000 -2.044115
v 1.443413 0.050000 -2.026133
v 0.757620 0.247585 -2.020000
v 0.412018 0.135211 -2.020000
v 0.051343 0.090694 -2.020000
v -0.311211 0.115661 -2.020000
v -0.662380 0.209199 -2.020000
v -0.989315 0.367886 -2.020000
v -1.280058 0.585916 -2.020000
v -1.523971 0.855314 -2.020000
v -1.712131 1.166223 -2.020000
v -1.837654 1.507269 -2.020000
v -1.895948 1.865976 -2.020000
v -1.884880 2.229220 -2.020000
v -1.804856 2.583712 -2.020000
v -1.658803 2.916484 -2.020000
v -1.452064 3.215361 -2.020000
v -1.192203 3.469410 -2.020000
v -0.888726 3.669335 -2.020000
v -0.552735 3.807824 -2.020000
v -0.196524 3.879809 -2.020000
v 0.166878 3.882657 -2.020000
v 0.524174 3.816264 -2.020000
v 0.862294 3.683059 -2.020000
v 1.168867 3.487915 -2.020000
v 1.432679 3.237971 -2.020000
v 1.644077 2.942371 -2.020000
v -0.868045 0.342403 -0.855285
v -0.749019 0.278779 -0.946987
v -0.617866 0.222379 -1.025744
v -0.475426 0.175286 -1.089970
v -0.323782 0.139765 -1.137714
v -0.165698 0.117535 -1.167266
v -0.002930 0.109730 -1.177584
v 0.159192 0.116942 -1.168069
v 0.318021 0.138685 -1.139133
v 0.471026 0.174066 -1.091654
v 0.614352 0.221056 -1.027582
v 0.746839 0.277713 -0.948461
v 0.866980 0.341794 -0.856217
v 0.881739 3.643551 -1.052346
v 0.758190 3.708686 -1.140480
v 0.623470 3.765750 -1.216010
v 0.478297 3.812972 -1.277435
v 0.324016 3.848463 -1.323084
v 0.164162 3.870404 -1.351101
v 0.000342 3.877919 -1.360633
v -0.163720 3.870444 -1.351153
v -0.323726 3.848512 -1.323156
v -0.478278 3.812979 -1.277438
v -0.624133 3.765493 -1.215690
v -0.759416 3.708084 -1.139716
v -0.883441 3.642580 -1.050985
v -1.888868 2.180000 -1.780000
v -1.889670 2.176486 -1.816374
v -1.891030 2.166083 -1.851378
v -1.892801 2.149208 -1.883695
v -1.894770 2.126451 -1.912216
v -1.896689 2.098728 -1.935814
v -1.898319 2.066937 -1.953726
v -1.899442 2.032362 -1.965217
v -1.899920 1.996150 -1.969900
v -1.899681 1.959762 -1.967579
v -1.898763 1.924444 -1.958332
v -1.897282 1.891600 -1.942535
v -1.895433 1.862348 -1.920730
v -1.893455 1.837849 -1.893798
v -1.891590 1.818906 -1.862625
v -1.890072 1.806269 -1.828405
v -1.889069 1.800401 -1.792338
v -1.889055 1.800354 -1.791585
v -1.888716 1.800657 -1.764221
v -1.888728 1.804888 -1.737178
v -1.889136 1.814259 -1.707784
v -1.889886 1.828260 -1.680300
v -1.891112 1.851132 -1.650325
v -1.892450 1.879470 -1.625458
v -1.893593 1.910217 -1.607563
v -1.894435 1.943769 -1.595710
v -1.894863 1.990000 -1.590000
v -1.894582 2.027219 -1.593681
v -1.893800 2.062989 -1.604579
v -1.892637 2.096040 -1.622344
v -1.891311 2.124951 -1.646253
v -1.890157 2.146816 -1.672721
v -1.889247 2.163563 -1.702697
v -1.888791 2.173290 -1.729952
v -1.888689 2.178765 -1.758372
v 0.220489 3.033028 3.251027
v -0.321734 3.033028 3.245404
v -1.299999 2.271201 3.185848
v -1.299999 1.789603 3.189883
v 0.266470 2.462420 3.336495
v 0.266488 1.885513 3.357801
v 0.798593 1.885513 3.300708
v 0.795194 2.462420 3.279705
v -0.263454 2.462420 3.336656
v -0.264972 1.885513 3.357881
v -0.790392 2.462420 3.280479
v -0.793437 1.885513 3.301539
v 0.224186 3.169399 3.203556
v -0.327185 3.169399 3.197683
v 0.000000 0.350000 0.410000
v -0.106116 0.350000 0.396030
v -0.205000 0.350000 0.355070
v -0.289914 0.350000 0.289914
v -0.355070 0.350000 0.205000
v -0.396030 0.350000 0.106116
v -0.410000 0.350000 -0.000000
v -0.396030 0.350000 -0.106116
v -0.355070 0.350000 -0.205000
v -0.289914 0.350000 -0.289914
v -0.205000 0.350000 -0.355070
v -0.106116 0.350000 -0.396030
v -0.000000 0.350000 -0.410000
v 0.106116 0.350000 -0.396030
v 0.205000 0.350000 -0.355070
v 0.289914 0.350000 -0.289914
v 0.355070 0.350000 -0.205000
v 0.396030 0.350000 -0.106116
v 0.410000 0.350000 -0.000000
v 0.396030 0.350000 0.106116
v 0.355070 0.350000 0.205000
v 0.289914 0.350000 0.289914
v 0.205000 0.350000 0.355070
v 0.106116 0.350000 0.396030
v 0.000000 3.540000 0.410000
v 0.106116 3.540000 0.396030
v 0.205000 3.540000 0.355070
v 0.289914 3.540000 0.289914
v 0.355070 3.540000 0.205000
v 0.396030 3.540000 0.106116
v 0.410000 3.540000 -0.000000
v 0.396030 3.540000 -0.106116
v 0.355070 3.540000 -0.205000
v 0.289914 3.540000 -0.289914
v 0.205000 3.540000 -0.355070
v 0.106116 3.540000 -0.396030
v -0.000000 3.540000 -0.410000
v -0.106116 3.540000 -0.396030
v -0.205000 3.540000 -0.355070
v -0.289914 3.540000 -0.289914
v -0.355070 3.540000 -0.205000
v -0.396030 3.540000 -0.106116
v -0.410000 3.540000 -0.000000
v -0.396030 3.540000 0.106116
v -0.355070 3.540000 0.205000
v -0.289914 3.540000 0.289914
v -0.205000 3.540000 0.355070
v -0.106116 3.540000 0.396030
v 0.000000 1.945000 0.410000
v -0.106116 1.945000 0.396030
v -0.205000 1.945000 0.355070
v -0.289914 1.945000 0.289914
v -0.355070 1.945000 0.205000
v -0.355070 1.945000 -0.205000
v -0.289914 1.945000 -0.289914
v -0.205000 1.945000 -0.355070
v -0.106116 1.945000 -0.396030
v -0.000000 1.945000 -0.410000
v 0.106116 1.945000 -0.396030
v 0.205000 1.945000 -0.355070
v 0.289914 1.945000 -0.289914
v 0.355070 1.945000 -0.205000
v 0.355070 1.945000 0.205000
v 0.289914 1.945000 0.289914
v 0.205000 1.945000 0.355070
v 0.106116 1.945000 0.396030
v 0.000000 3.540000 0.600000
v 0.155291 3.540000 0.579555
v 0.300000 3.540000 0.519615
v 0.424264 3.540000 0.424264
v 0.519615 3.540000 0.300000
v 0.579555 3.540000 0.155291
v 0.600000 3.540000 -0.000000
v 0.579555 3.540000 -0.155291
v 0.519615 3.540000 -0.300000
v 0.424264 3.540000 -0.424264
v 0.300000 3.540000 -0.519615
v 0.155291 3.540000 -0.579555
v -0.000000 3.540000 -0.600000
v -0.155291 3.540000 -0.579555
v -0.300000 3.540000 -0.519615
v -0.424264 3.540000 -0.424264
v -0.519615 3.540000 -0.300000
v -0.579555 3.540000 -0.155291
v -0.600000 3.540000 -0.000000
v -0.579555 3.540000 0.155291
v -0.519615 3.540000 0.300000
v -0.424264 3.540000 0.424264
v -0.300000 3.540000 0.519615
v -0.155291 3.540000 0.579555
v -0.000000 0.350000 -0.600000
v 0.155291 0.350000 -0.579555
v 0.300000 0.350000 -0.519615
v 0.424264 0.350000 -0.424264
v 0.519615 0.350000 -0.300000
v 0.579555 0.350000 -0.155291
v 0.600000 0.350000 -0.000000
v 0.579555 0.350000 0.155291
v 0.519615 0.350000 0.300000
v 0.424264 0.350000 0.424264
v 0.300000 0.350000 0.519615
v 0.155291 0.350000 0.579555
v 0.000000 0.350000 0.600000
v -0.155291 0.350000 0.579555
v -0.300000 0.350000 0.519615
v -0.424264 0.350000 0.424264
v -0.519615 0.350000 0.300000
v -0.579555 0.350000 0.155291
v -0.600000 0.350000 -0.000000
v -0.579555 0.350000 -0.155291
v -0.519615 0.350000 -0.300000
v -0.424264 0.350000 -0.424264
v -0.300000 0.350000 -0.519615
v -0.155291 0.350000 -0.579555
v -1.761676 1.296318 -1.530000
v -1.860125 1.636968 -1.530000
v -1.893329 1.990000 -1.530000
v -1.860125 2.343032 -1.530000
v -1.761676 2.683682 -1.530000
v -1.601436 3.000000 -1.530000
v 1.885872 1.990000 -1.306982
v 1.364870 0.688599 -1.306982
v 1.586497 3.009580 -1.306982
v 1.750783 2.690908 -1.306982
v 1.364870 3.291401 -1.306982
v 1.093913 3.526186 -1.306982
v 0.783420 3.705450 -1.306982
v -1.482396 3.155769 -1.306982
v -1.482396 0.824231 -1.306982
v -0.616808 0.207849 -1.306982
v -0.942936 0.356787 -1.306982
v -0.268388 0.123323 -1.306982
v 0.444611 0.157287 -1.306982
v 0.089733 0.106264 -1.306982
v 0.783420 0.274550 -1.306982
v 1.093913 0.453814 -1.306982
v 1.586497 0.970420 -1.306982
v 1.750783 1.289092 -1.306982
v 1.851792 1.633096 -1.306982
v 1.851792 2.346904 -1.306982
v 0.444611 3.822713 -1.306982
v -0.616808 3.772151 -1.306982
v -0.942936 3.623213 -1.306982
v -1.234984 3.415247 -1.306982
v -1.234984 0.564753 -1.306982
v 0.363633 0.050000 -2.740000
vt -1.233821 1.452421 0.000000
vt -1.268000 1.160000 0.000000
vt -0.600000 1.160000 0.000000
vt -1.233821 0.867579 0.000000
vt -0.579555 1.004709 0.000000
vt -1.133126 0.590923 0.000000
vt -0.519615 0.860000 0.000000
vt -0.971344 0.344945 0.000000
vt -0.424264 0.735736 0.000000
vt -0.757197 0.142908 0.000000
vt -0.300000 0.640385 0.000000
vt -0.502229 -0.004298 0.000000
vt -0.155291 0.580445 0.000000
vt -0.220186 -0.088736 0.000000
vt -0.000000 0.560000 0.000000
vt 0.073728 -0.105855 0.000000
vt 0.155291 0.580445 0.000000
vt 0.363666 -0.054731 0.000000
vt 0.300000 0.640385 0.000000
vt 0.634000 0.061880 0.000000
vt 0.870154 0.237690 0.000000
vt 0.424264 0.735736 0.000000
vt 1.059399 0.463223 0.000000
vt 0.519615 0.860000 0.000000
vt 1.191530 0.726318 0.000000
vt 0.579555 1.004709 0.000000
vt 1.259426 1.012794 0.000000
vt 0.600000 1.160000 0.000000
vt 1.259426 1.307206 0.000000
vt 0.579555 1.315291 0.000000
vt 1.191530 1.593682 0.000000
vt 0.519615 1.460000 0.000000
vt 1.059399 1.856777 0.000000
vt 0.424264 1.584264 0.000000
vt 0.870154 2.082310 0.000000
vt 0.300000 1.679615 0.000000
vt 0.634000 2.258120 0.000000
vt 0.363666 2.374731 0.000000
vt 0.155291 1.739555 0.000000
vt 0.073728 2.425855 0.000000
vt 0.000000 1.760000 0.000000
vt -0.220186 2.408736 0.000000
vt -0.155291 1.739555 0.000000
vt -0.502229 2.324298 0.000000
vt -0.300000 1.679615 0.000000
vt -0.757197 2.177092 0.000000
vt -0.424264 1.584264 0.000000
vt -0.971344 1.975055 0.000000
vt -0.519615 1.460000 0.000000
vt -1.133126 1.729077 0.000000
vt -0.579555 1.315291 0.000000
vt -0.100000 -0.335843 0.000000
vt 0.000000 -0.335843 0.000000
vt -0.100000 -0.223895 0.000000
vt 0.000000 -0.223895 0.000000
vt -0.100000 -0.111948 0.000000
vt 0.000000 -0.111948 0.000000
vt -0.100000 0.000000 0.000000
vt 0.000000 0.000000 0.000000
vt 0.000000 0.000000 0.000000
vt 0.178697 0.000000 0.000000
vt -0.000000 0.100000 0.000000
vt 0.178697 0.100000 0.000000
vt -0.100000 -3.773717 0.000000
vt -0.000000 -3.773717 0.000000
vt -0.100000 -3.471820 0.000000
vt -0.000000 -3.471820 0.000000
vt -0.100000 -3.169922 0.000000
vt -0.000000 -3.169922 0.000000
vt -0.100000 -2.868025 0.000000
vt -0.000000 -2.868025 0.000000
vt -0.100000 -2.566128 0.000000
vt -0.000000 -2.566128 0.000000
vt -0.100000 -2.264230 0.000000
vt -0.000000 -2.264230 0.000000
vt -0.100000 -1.962333 0.000000
vt -0.000000 -1.962333 0.000000
vt -0.100000 -1.660435 0.000000
vt -0.000000 -1.660435 0.000000
vt -0.100000 -1.358538 0.000000
vt -0.000000 -1.358538 0.000000
vt -0.100000 -1.056641 0.000000
vt -0.000000 -1.056641 0.000000
vt -0.100000 -0.754743 0.000000
vt -0.000000 -0.754743 0.000000
vt -0.100000 -0.452846 0.000000
vt -0.000000 -0.452846 0.000000
vt -0.100000 -0.150949 0.000000
vt -0.000000 -0.150949 0.000000
vt -0.100000 0.150949 0.000000
vt -0.000000 0.150949 0.000000
vt -0.100000 0.452846 0.000000
vt -0.000000 0.452846 0.000000
vt -0.100000 0.754743 0.000000
vt -0.000000 0.754743 0.000000
vt -0.100000 1.056641 0.000000
vt -0.000000 1.056641 0.000000
vt -0.100000 1.358538 0.000000
vt -0.000000 1.358538 0.000000
vt -0.100000 1.660435 0.000000
vt -0.000000 1.660435 0.000000
vt -0.100000 1.962333 0.000000
vt -0.000000 1.962333 0.000000
vt -0.100000 2.264230 0.000000
vt -0.000000 2.264230 0.000000
vt -0.100000 2.566128 0.000000
vt -0.000000 2.566128 0.000000
vt -0.100000 2.868025 0.000000
vt -0.000000 2.868025 0.000000
vt -0.100000 3.169922 0.000000
vt -0.000000 3.169922 0.000000
vt -0.100000 3.471820 0.000000
vt -0.000000 3.471820 0.000000
vt -0.100000 3.773717 0.000000
vt 0.000000 3.773717 0.000000
vt 0.000000 -0.000000 0.000000
vt 0.178697 -0.000000 0.000000
vt 0.000000 0.100000 0.000000
vt 0.178697 0.100000 0.000000
vt -0.100000 -0.335843 0.000000
vt 0.000000 -0.335843 0.000000
vt -0.100000 -0.223895 0.000000
vt 0.000000 -0.223895 0.000000
vt -0.100000 -0.111948 0.000000
vt 0.000000 -0.111948 0.000000
vt -0.100000 0.000000 0.000000
vt 0.000000 0.000000 0.000000
vt 0.000000 0.000000 0.000000
vt 0.021097 0.000000 0.000000
vt -0.000000 0.100000 0.000000
vt 0.021097 0.100000 0.000000
vt 0.100000 0.000000 0.000000
vt 0.000000 0.000000 0.000000
vt 0.100000 -0.015982 0.000000
vt 0.000000 -0.015982 0.000000
vt 0.100000 -0.031965 0.000000
vt 0.000000 -0.031965 0.000000
vt 0.100000 -0.047947 0.000000
vt 0.000000 -0.047947 0.000000
vt 0.100000 -0.063929 0.000000
vt 0.000000 -0.063929 0.000000
vt 0.100000 -0.079912 0.000000
vt 0.000000 -0.079912 0.000000
vt 0.100000 -0.095894 0.000000
vt 0.000000 -0.095894 0.000000
vt 0.100000 -0.111877 0.000000
vt 0.000000 -0.111877 0.000000
vt 0.100000 -0.127859 0.000000
vt -0.000000 -0.127859 0.000000
vt 0.100000 -0.143841 0.000000
vt -0.000000 -0.143841 0.000000
vt 0.100000 -0.159824 0.000000
vt -0.000000 -0.159824 0.000000
vt 0.100000 -0.175806 0.000000
vt -0.000000 -0.175806 0.000000
vt 0.100000 -0.191788 0.000000
vt 0.000000 -0.191788 0.000000
vt 0.000000 -0.000000 0.000000
vt 0.021097 -0.000000 0.000000
vt 0.000000 0.100000 0.000000
vt 0.021097 0.100000 0.000000
vt 0.021097 -0.061048 0.000000
vt 0.000000 -0.061048 0.000000
vt 0.012270 -0.172621 0.000000
vt -0.015800 -0.058968 0.000000
vt -0.030524 -0.052869 0.000000
vt -0.200574 -0.147206 0.000000
vt -0.043168 -0.043168 0.000000
vt -0.052869 -0.030524 0.000000
vt -0.058968 -0.015800 0.000000
vt -0.061048 0.000000 0.000000
vt -0.200574 0.147206 0.000000
vt -0.058968 0.015800 0.000000
vt -0.052869 0.030524 0.000000
vt -0.043168 0.043168 0.000000
vt -0.030524 0.052869 0.000000
vt 0.012270 0.172621 0.000000
vt -0.015800 0.058968 0.000000
vt 0.000000 0.061048 0.000000
vt 0.021097 0.061048 0.000000
vt -0.004951 0.283209 0.000000
vt -0.268470 0.433682 0.000000
vt -0.030466 0.392183 0.000000
vt -0.190218 0.472256 0.000000
vt -0.400601 0.696777 0.000000
vt -0.325985 0.741203 0.000000
vt -0.517833 0.973496 0.000000
vt -0.589846 0.922310 0.000000
vt -0.756275 1.157646 0.000000
vt -0.826000 1.098120 0.000000
vt -1.029518 1.284546 0.000000
vt -1.096334 1.214731 0.000000
vt -1.324050 1.347921 0.000000
vt -1.386272 1.265855 0.000000
vt -1.625305 1.344636 0.000000
vt -1.680186 1.248736 0.000000
vt -1.918385 1.274855 0.000000
vt -1.962229 1.164298 0.000000
vt -2.188797 1.142028 0.000000
vt -2.217197 1.017092 0.000000
vt -2.423167 0.952723 0.000000
vt -2.431344 0.815055 0.000000
vt -2.609905 0.716304 0.000000
vt -2.593126 0.569077 0.000000
vt -2.739776 0.444460 0.000000
vt -2.693821 0.292421 0.000000
vt -2.806358 0.150637 0.000000
vt -2.728000 0.000000 0.000000
vt -2.806358 -0.150637 0.000000
vt -2.693821 -0.292421 0.000000
vt -2.739776 -0.444460 0.000000
vt -2.593126 -0.569077 0.000000
vt -2.609905 -0.716304 0.000000
vt -2.431344 -0.815055 0.000000
vt -2.423167 -0.952723 0.000000
vt -2.217197 -1.017092 0.000000
vt -2.188797 -1.142028 0.000000
vt -1.962229 -1.164298 0.000000
vt -1.918385 -1.274855 0.000000
vt -1.680186 -1.248736 0.000000
vt -1.625305 -1.344636 0.000000
vt -1.386272 -1.265855 0.000000
vt -1.324050 -1.347921 0.000000
vt -1.096334 -1.214731 0.000000
vt -1.029518 -1.284546 0.000000
vt -0.826000 -1.098120 0.000000
vt -0.756275 -1.157646 0.000000
vt -0.589846 -0.922310 0.000000
vt -0.517833 -0.973496 0.000000
vt -0.400601 -0.696777 0.000000
vt -0.325985 -0.741203 0.000000
vt -0.190218 -0.472256 0.000000
vt -0.268470 -0.433682 0.000000
vt -0.030466 -0.392183 0.000000
vt -0.004951 -0.283209 0.000000
vt 0.560000 -0.057170 0.000000
vt 1.770000 -0.000000 0.000000
vt 0.560000 0.054674 0.000000
vt 1.770000 0.130900 0.000000
vt 0.030000 0.118470 0.000000
vt 0.030000 0.182267 0.000000
vt 1.770000 0.261799 0.000000
vt 0.030000 0.246064 0.000000
vt 0.000000 0.294942 0.000000
vt 0.000000 0.246064 0.000000
vt 1.770000 -0.130900 0.000000
vt 0.560000 -0.169013 0.000000
vt 1.770000 -0.261799 0.000000
vt 0.560000 -0.280856 0.000000
vt 1.770000 -0.392699 0.000000
vt 0.560000 -0.392699 0.000000
vt 0.000000 0.343821 0.000000
vt 1.770000 0.392699 0.000000
vt 0.000000 0.392699 0.000000
vt 0.030000 0.054674 0.000000
vt -0.000000 0.000000 0.000000
vt -0.000000 1.770000 0.000000
vt -2.020000 0.000000 0.000000
vt -2.020000 2.490000 0.000000
vt 0.565734 2.490000 0.000000
vt 0.562906 2.331521 0.000000
vt 0.591436 1.770000 0.000000
vt 0.030000 -0.054674 0.000000
vt 0.030000 -0.118470 0.000000
vt 0.560000 -0.054674 0.000000
vt 1.770000 -0.130900 0.000000
vt 1.770000 0.000000 0.000000
vt 0.030000 -0.182267 0.000000
vt 1.770000 -0.261799 0.000000
vt 0.030000 -0.246064 0.000000
vt 0.000000 -0.246064 0.000000
vt 0.000000 -0.294942 0.000000
vt 0.000000 -0.343821 0.000000
vt 1.770000 -0.392699 0.000000
vt 0.000000 -0.392699 0.000000
vt 0.560000 0.057170 0.000000
vt 1.770000 0.130900 0.000000
vt 0.560000 0.169013 0.000000
vt 1.770000 0.261799 0.000000
vt 0.560000 0.280856 0.000000
vt 1.770000 0.392699 0.000000
vt 0.560000 0.392699 0.000000
vt -1.520000 0.560000 0.000000
vt -0.500000 0.560000 0.000000
vt -1.520000 1.770000 0.000000
vt -0.500000 1.770000 0.000000
vt 0.600000 -0.417570 0.000000
vt 0.200000 -0.417570 0.000000
vt 0.600000 -0.455531 0.000000
vt 0.200000 -0.455531 0.000000
vt 0.600000 0.455531 0.000000
vt 0.200000 0.455531 0.000000
vt 0.600000 0.417570 0.000000
vt 0.200000 0.417570 0.000000
vt 0.600000 0.379609 0.000000
vt 0.200000 0.379609 0.000000
vt 0.600000 0.341648 0.000000
vt 0.200000 0.341648 0.000000
vt 0.600000 0.303687 0.000000
vt 0.200000 0.303687 0.000000
vt 0.600000 0.265726 0.000000
vt 0.200000 0.265726 0.000000
vt 0.600000 0.227765 0.000000
vt 0.200000 0.227765 0.000000
vt 0.600000 0.189805 0.000000
vt 0.200000 0.189805 0.000000
vt 0.600000 0.151844 0.000000
vt 0.200000 0.151844 0.000000
vt 0.600000 0.113883 0.000000
vt 0.200000 0.113883 0.000000
vt 0.600000 0.075922 0.000000
vt 0.200000 0.075922 0.000000
vt 0.600000 0.037961 0.000000
vt 0.200000 0.037961 0.000000
vt 0.600000 0.000000 0.000000
vt 0.200000 0.000000 0.000000
vt 0.600000 -0.037961 0.000000
vt 0.200000 -0.037961 0.000000
vt 0.600000 -0.075922 0.000000
vt 0.200000 -0.075922 0.000000
vt 0.600000 -0.113883 0.000000
vt 0.200000 -0.113883 0.000000
vt 0.600000 -0.151844 0.000000
vt 0.200000 -0.151844 0.000000
vt 0.600000 -0.189805 0.000000
vt 0.200000 -0.189805 0.000000
vt 0.600000 -0.227765 0.000000
vt 0.200000 -0.227765 0.000000
vt 0.600000 -0.265726 0.000000
vt 0.200000 -0.265726 0.000000
vt 0.600000 -0.303687 0.000000
vt 0.200000 -0.303687 0.000000
vt 0.600000 -0.341648 0.000000
vt 0.200000 -0.341648 0.000000
vt 0.600000 -0.379609 0.000000
vt 0.200000 -0.379609 0.000000
vt -0.140059 -0.037529 0.000000
vt 0.140059 -0.037529 0.000000
vt -0.145000 0.000000 0.000000
vt 0.145000 0.000000 0.000000
vt -0.140059 0.037529 0.000000
vt 0.140059 0.037529 0.000000
vt -0.125574 0.072500 0.000000
vt 0.125574 0.072500 0.000000
vt -0.102530 0.102530 0.000000
vt 0.102530 0.102530 0.000000
vt -0.072500 0.125574 0.000000
vt 0.072500 0.125574 0.000000
vt -0.037529 0.140059 0.000000
vt 0.037529 0.140059 0.000000
vt 0.000000 0.145000 0.000000
vt 0.125574 -0.072500 0.000000
vt -0.125574 -0.072500 0.000000
vt 0.102530 -0.102530 0.000000
vt -0.102530 -0.102530 0.000000
vt 0.072500 -0.125574 0.000000
vt -0.072500 -0.125574 0.000000
vt 0.037529 -0.140059 0.000000
vt -0.037529 -0.140059 0.000000
vt 0.000000 -0.145000 0.000000
vt 0.600000 -0.417570 0.000000
vt 0.200000 -0.417570 0.000000
vt 0.600000 -0.455531 0.000000
vt 0.200000 -0.455531 0.000000
vt 0.600000 0.455531 0.000000
vt 0.200000 0.455531 0.000000
vt 0.600000 0.417570 0.000000
vt 0.200000 0.417570 0.000000
vt 0.600000 0.379609 0.000000
vt 0.200000 0.379609 0.000000
vt 0.600000 0.341648 0.000000
vt 0.200000 0.341648 0.000000
vt 0.600000 0.303687 0.000000
vt 0.200000 0.303687 0.000000
vt 0.600000 0.265726 0.000000
vt 0.200000 0.265726 0.000000
vt 0.600000 0.227765 0.000000
vt 0.200000 0.227765 0.000000
vt 0.600000 0.189805 0.000000
vt 0.200000 0.189805 0.000000
vt 0.600000 0.151844 0.000000
vt 0.200000 0.151844 0.000000
vt 0.600000 0.113883 0.000000
vt 0.200000 0.113883 0.000000
vt 0.600000 0.075922 0.000000
vt 0.200000 0.075922 0.000000
vt 0.600000 0.037961 0.000000
vt 0.200000 0.037961 0.000000
vt 0.600000 0.000000 0.000000
vt 0.200000 0.000000 0.000000
vt 0.600000 -0.037961 0.000000
vt 0.200000 -0.037961 0.000000
vt 0.600000 -0.075922 0.000000
vt 0.200000 -0.075922 0.000000
vt 0.600000 -0.113883 0.000000
vt 0.200000 -0.113883 0.000000
vt 0.600000 -0.151844 0.000000
vt 0.200000 -0.151844 0.000000
vt 0.600000 -0.189805 0.000000
vt 0.200000 -0.189805 0.000000
vt 0.600000 -0.227765 0.000000
vt 0.200000 -0.227765 0.000000
vt 0.600000 -0.265726 0.000000
vt 0.200000 -0.265726 0.000000
vt 0.600000 -0.303687 0.000000
vt 0.200000 -0.303687 0.000000
vt 0.600000 -0.341648 0.000000
vt 0.200000 -0.341648 0.000000
vt 0.600000 -0.379609 0.000000
vt 0.200000 -0.379609 0.000000
vt -0.140059 -0.037529 0.000000
vt 0.140059 -0.037529 0.000000
vt -0.145000 0.000000 0.000000
vt 0.145000 0.000000 0.000000
vt -0.140059 0.037529 0.000000
vt 0.140059 0.037529 0.000000
vt -0.125574 0.072500 0.000000
vt 0.125574 0.072500 0.000000
vt -0.102530 0.102530 0.000000
vt 0.102530 0.102530 0.000000
vt -0.072500 0.125574 0.000000
vt 0.072500 0.125574 0.000000
vt -0.037529 0.140059 0.000000
vt 0.037529 0.140059 0.000000
vt 0.000000 0.145000 0.000000
vt 0.125574 -0.072500 0.000000
vt -0.125574 -0.072500 0.000000
vt 0.102530 -0.102530 0.000000
vt -0.102530 -0.102530 0.000000
vt 0.072500 -0.125574 0.000000
vt -0.072500 -0.125574 0.000000
vt 0.037529 -0.140059 0.000000
vt -0.037529 -0.140059 0.000000
vt 0.000000 -0.145000 0.000000
vt 0.392505 0.658565 0.000000
vt 0.393033 0.800804 0.000000
vt 0.350131 0.697472 0.000000
vt 0.385130 1.172273 0.000000
vt 0.713084 0.800804 0.000000
vt 1.051121 1.160390 0.000000
vt 1.207645 0.716180 0.000000
vt 0.871057 0.657677 0.000000
vt 0.712553 0.657677 0.000000
vt -1.010000 1.575734 0.000000
vt -1.150000 1.545976 0.000000
vt -1.010000 -1.010000 0.000000
vt -1.150000 -1.165000 0.000000
vt 1.150000 -1.165000 0.000000
vt 1.010000 -1.010000 0.000000
vt 1.150000 1.545976 0.000000
vt 1.010000 1.575734 0.000000
vt -0.000000 0.000000 0.000000
vt -0.000000 0.320000 0.000000
vt -2.710976 0.000000 0.000000
vt -2.716686 0.320000 0.000000
vt -2.300000 0.000000 0.000000
vt -0.000000 -0.000000 0.000000
vt -2.300000 0.320000 0.000000
vt -0.000000 0.320000 0.000000
vt -2.330000 0.000000 0.000000
vt 0.380976 0.000000 0.000000
vt -2.330000 0.320000 0.000000
vt 0.386686 0.320000 0.000000
vt -1.578128 -1.025603 0.000000
vt -1.551686 -1.150000 0.000000
vt -1.299999 -1.025603 0.000000
vt 1.165000 -1.150000 0.000000
vt -1.299999 1.010869 0.000000
vt 1.165000 1.150000 0.000000
vt -1.551686 1.150000 0.000000
vt -1.581260 1.010869 0.000000
vt 0.400000 -0.863938 0.000000
vt 0.000000 -0.863938 0.000000
vt 0.400000 -0.942478 0.000000
vt 0.000000 -0.942478 0.000000
vt 0.400000 0.942478 0.000000
vt 0.000000 0.942478 0.000000
vt 0.400000 0.863938 0.000000
vt 0.000000 0.863938 0.000000
vt 0.400000 0.785398 0.000000
vt 0.000000 0.785398 0.000000
vt 0.400000 0.706858 0.000000
vt 0.000000 0.706858 0.000000
vt 0.400000 0.628319 0.000000
vt 0.000000 0.628319 0.000000
vt 0.400000 0.549779 0.000000
vt 0.000000 0.549779 0.000000
vt 0.400000 0.471239 0.000000
vt 0.000000 0.471239 0.000000
vt 0.400000 0.392699 0.000000
vt 0.000000 0.392699 0.000000
vt 0.400000 0.314159 0.000000
vt 0.000000 0.314159 0.000000
vt 0.400000 0.235619 0.000000
vt 0.000000 0.235619 0.000000
vt 0.400000 0.157080 0.000000
vt 0.000000 0.157080 0.000000
vt 0.400000 0.078540 0.000000
vt 0.000000 0.078540 0.000000
vt 0.400000 0.000000 0.000000
vt 0.000000 0.000000 0.000000
vt 0.400000 -0.078540 0.000000
vt 0.000000 -0.078540 0.000000
vt 0.400000 -0.157080 0.000000
vt 0.000000 -0.157080 0.000000
vt 0.400000 -0.235619 0.000000
vt 0.000000 -0.235619 0.000000
vt 0.400000 -0.314159 0.000000
vt 0.000000 -0.314159 0.000000
vt 0.400000 -0.392699 0.000000
vt 0.000000 -0.392699 0.000000
vt 0.400000 -0.471239 0.000000
vt 0.000000 -0.471239 0.000000
vt 0.400000 -0.549779 0.000000
vt 0.000000 -0.549779 0.000000
vt 0.400000 -0.628319 0.000000
vt 0.000000 -0.628319 0.000000
vt 0.400000 -0.706858 0.000000
vt 0.000000 -0.706858 0.000000
vt 0.400000 -0.785398 0.000000
vt 0.000000 -0.785398 0.000000
vt -0.289778 -0.077646 0.000000
vt -0.145005 -0.002629 0.000000
vt -0.300000 0.000000 0.000000
vt -0.140065 0.034900 0.000000
vt -0.289778 0.077646 0.000000
vt -0.125579 0.069872 0.000000
vt -0.259808 0.150000 0.000000
vt -0.102536 0.099904 0.000000
vt -0.212132 0.212132 0.000000
vt -0.072505 0.122947 0.000000
vt -0.150000 0.259808 0.000000
vt -0.037534 0.137433 0.000000
vt -0.077646 0.289778 0.000000
vt -0.000005 0.142374 0.000000
vt 0.000000 0.300000 0.000000
vt 0.077646 0.289778 0.000000
vt 0.037523 0.137433 0.000000
vt 0.150000 0.259808 0.000000
vt 0.072495 0.122947 0.000000
vt 0.212132 0.212132 0.000000
vt 0.102525 0.099904 0.000000
vt 0.259808 0.150000 0.000000
vt 0.125568 0.069873 0.000000
vt 0.289778 0.077646 0.000000
vt 0.140054 0.034901 0.000000
vt 0.300000 0.000000 0.000000
vt 0.144995 -0.002629 0.000000
vt 0.289778 -0.077646 0.000000
vt 0.140054 -0.040159 0.000000
vt 0.259808 -0.150000 0.000000
vt 0.125568 -0.075131 0.000000
vt 0.212132 -0.212132 0.000000
vt 0.102525 -0.105162 0.000000
vt 0.150000 -0.259808 0.000000
vt 0.072495 -0.128205 0.000000
vt 0.077646 -0.289778 0.000000
vt 0.037523 -0.142691 0.000000
vt 0.000000 -0.300000 0.000000
vt -0.000005 -0.147632 0.000000
vt -0.037534 -0.142691 0.000000
vt -0.140065 -0.040159 0.000000
vt -0.259808 -0.150000 0.000000
vt -0.125579 -0.075131 0.000000
vt -0.212132 -0.212132 0.000000
vt -0.102536 -0.105162 0.000000
vt -0.150000 -0.259808 0.000000
vt -0.072505 -0.128205 0.000000
vt -0.077646 -0.289778 0.000000
vt 0.400000 -0.863938 0.000000
vt -0.000000 -0.863938 0.000000
vt 0.400000 -0.942478 0.000000
vt 0.000000 -0.942478 0.000000
vt 0.400000 0.942478 0.000000
vt 0.000000 0.942478 0.000000
vt 0.400000 0.863938 0.000000
vt -0.000000 0.863938 0.000000
vt 0.400000 0.785398 0.000000
vt -0.000000 0.785398 0.000000
vt 0.400000 0.706858 0.000000
vt -0.000000 0.706858 0.000000
vt 0.400000 0.628319 0.000000
vt -0.000000 0.628319 0.000000
vt 0.400000 0.549779 0.000000
vt -0.000000 0.549779 0.000000
vt 0.400000 0.471239 0.000000
vt -0.000000 0.471239 0.000000
vt 0.400000 0.392699 0.000000
vt -0.000000 0.392699 0.000000
vt 0.400000 0.314159 0.000000
vt -0.000000 0.314159 0.000000
vt 0.400000 0.235619 0.000000
vt -0.000000 0.235619 0.000000
vt 0.400000 0.157080 0.000000
vt -0.000000 0.157080 0.000000
vt 0.400000 0.078540 0.000000
vt -0.000000 0.078540 0.000000
vt 0.400000 0.000000 0.000000
vt -0.000000 0.000000 0.000000
vt 0.400000 -0.078540 0.000000
vt -0.000000 -0.078540 0.000000
vt 0.400000 -0.157080 0.000000
vt -0.000000 -0.157080 0.000000
vt 0.400000 -0.235619 0.000000
vt -0.000000 -0.235619 0.000000
vt 0.400000 -0.314159 0.000000
vt -0.000000 -0.314159 0.000000
vt 0.400000 -0.392699 0.000000
vt -0.000000 -0.392699 0.000000
vt 0.400000 -0.471239 0.000000
vt -0.000000 -0.471239 0.000000
vt 0.400000 -0.549779 0.000000
vt -0.000000 -0.549779 0.000000
vt 0.400000 -0.628319 0.000000
vt -0.000000 -0.628319 0.000000
vt 0.400000 -0.706858 0.000000
vt -0.000000 -0.706858 0.000000
vt 0.400000 -0.785398 0.000000
vt -0.000000 -0.785398 0.000000
vt -0.289778 -0.077646 0.000000
vt -0.140065 -0.034900 0.000000
vt -0.300000 0.000000 0.000000
vt -0.145005 0.002629 0.000000
vt -0.289778 0.077646 0.000000
vt -0.140065 0.040159 0.000000
vt -0.259808 0.150000 0.000000
vt -0.125579 0.075131 0.000000
vt -0.212132 0.212132 0.000000
vt -0.102536 0.105162 0.000000
vt -0.150000 0.259808 0.000000
vt -0.072505 0.128205 0.000000
vt -0.077646 0.289778 0.000000
vt -0.037534 0.142691 0.000000
vt 0.000000 0.300000 0.000000
vt -0.000005 0.147632 0.000000
vt 0.037523 0.142691 0.000000
vt -0.125579 -0.069872 0.000000
vt -0.259808 -0.150000 0.000000
vt -0.102536 -0.099904 0.000000
vt -0.212132 -0.212132 0.000000
vt -0.072505 -0.122947 0.000000
vt -0.150000 -0.259808 0.000000
vt -0.037534 -0.137433 0.000000
vt -0.077646 -0.289778 0.000000
vt -0.000005 -0.142374 0.000000
vt 0.000000 -0.300000 0.000000
vt 0.077646 -0.289778 0.000000
vt 0.037523 -0.137433 0.000000
vt 0.150000 -0.259808 0.000000
vt 0.072495 -0.122947 0.000000
vt 0.212132 -0.212132 0.000000
vt 0.102525 -0.099904 0.000000
vt 0.259808 -0.150000 0.000000
vt 0.125568 -0.069873 0.000000
vt 0.289778 -0.077646 0.000000
vt 0.140054 -0.034901 0.000000
vt 0.300000 0.000000 0.000000
vt 0.144995 0.002629 0.000000
vt 0.289778 0.077646 0.000000
vt 0.140054 0.040159 0.000000
vt 0.259808 0.150000 0.000000
vt 0.125568 0.075131 0.000000
vt 0.212132 0.212132 0.000000
vt 0.102525 0.105162 0.000000
vt 0.150000 0.259808 0.000000
vt 0.072495 0.128205 0.000000
vt 0.077646 0.289778 0.000000
vt -0.384746 -0.028231 0.000000
vt -0.383512 -0.000000 0.000000
vt -0.900023 0.000000 0.000000
vt -0.384379 0.028245 0.000000
vt -0.899777 0.037961 0.000000
vt -0.387172 0.057187 0.000000
vt -0.899547 0.075922 0.000000
vt -0.391453 0.086005 0.000000
vt -0.899349 0.113883 0.000000
vt -0.396314 0.113917 0.000000
vt -0.401135 0.141840 0.000000
vt -0.899197 0.151844 0.000000
vt -0.405338 0.170675 0.000000
vt -0.899101 0.189805 0.000000
vt -0.408097 0.199630 0.000000
vt -0.899068 0.227765 0.000000
vt -0.409056 0.227877 0.000000
vt -0.408082 0.256134 0.000000
vt -0.899100 0.265726 0.000000
vt -0.405308 0.285092 0.000000
vt -0.899195 0.303687 0.000000
vt -0.401097 0.313923 0.000000
vt -0.899346 0.341648 0.000000
vt -0.396274 0.341834 0.000000
vt -0.391415 0.369757 0.000000
vt -0.899543 0.379609 0.000000
vt -0.387142 0.398579 0.000000
vt -0.899773 0.417570 0.000000
vt -0.384363 0.427519 0.000000
vt -0.900019 0.455531 0.000000
vt -0.900019 -0.455531 0.000000
vt -0.384363 -0.483543 0.000000
vt -0.383513 -0.455307 0.000000
vt -0.384764 -0.427067 0.000000
vt -0.900266 -0.417570 0.000000
vt -0.387930 -0.398159 0.000000
vt -0.900496 -0.379609 0.000000
vt -0.392542 -0.369389 0.000000
vt -0.900694 -0.341648 0.000000
vt -0.397678 -0.341529 0.000000
vt -0.402724 -0.313642 0.000000
vt -0.900846 -0.303687 0.000000
vt -0.407101 -0.284834 0.000000
vt -0.900941 -0.265726 0.000000
vt -0.409968 -0.255895 0.000000
vt -0.900974 -0.227765 0.000000
vt -0.410962 -0.227654 0.000000
vt -0.409952 -0.199402 0.000000
vt -0.900943 -0.189805 0.000000
vt -0.407070 -0.170461 0.000000
vt -0.900848 -0.151844 0.000000
vt -0.402684 -0.141657 0.000000
vt -0.900697 -0.113883 0.000000
vt -0.397637 -0.113782 0.000000
vt -0.392501 -0.085911 0.000000
vt -0.900500 -0.075922 0.000000
vt -0.387897 -0.057137 0.000000
vt -0.900270 -0.037961 0.000000
vt 0.899774 -0.417570 0.000000
vt 0.384363 -0.427519 0.000000
vt 0.900020 -0.455531 0.000000
vt 0.900020 0.455531 0.000000
vt 0.384363 0.483543 0.000000
vt 0.383513 0.455307 0.000000
vt 0.384764 0.427067 0.000000
vt 0.387142 -0.398581 0.000000
vt 0.899544 -0.379609 0.000000
vt 0.391414 -0.369759 0.000000
vt 0.899346 -0.341648 0.000000
vt 0.396274 -0.341835 0.000000
vt 0.401097 -0.313924 0.000000
vt 0.899194 -0.303687 0.000000
vt 0.405308 -0.285093 0.000000
vt 0.899098 -0.265726 0.000000
vt 0.408082 -0.256135 0.000000
vt 0.899065 -0.227765 0.000000
vt 0.409056 -0.227877 0.000000
vt 0.408097 -0.199629 0.000000
vt 0.899097 -0.189805 0.000000
vt 0.405337 -0.170674 0.000000
vt 0.899192 -0.151844 0.000000
vt 0.401134 -0.141838 0.000000
vt 0.899343 -0.113883 0.000000
vt 0.396314 -0.113917 0.000000
vt 0.391453 -0.086003 0.000000
vt 0.899540 -0.075922 0.000000
vt 0.387172 -0.057185 0.000000
vt 0.899770 -0.037961 0.000000
vt 0.384379 -0.028245 0.000000
vt 0.900016 -0.000000 0.000000
vt 0.383512 -0.000000 0.000000
vt 0.384746 0.028231 0.000000
vt 0.900263 0.037961 0.000000
vt 0.387897 0.057138 0.000000
vt 0.900493 0.075922 0.000000
vt 0.392502 0.085912 0.000000
vt 0.900691 0.113883 0.000000
vt 0.397637 0.113783 0.000000
vt 0.402685 0.141659 0.000000
vt 0.900843 0.151844 0.000000
vt 0.407070 0.170463 0.000000
vt 0.900938 0.189805 0.000000
vt 0.409952 0.199403 0.000000
vt 0.900971 0.227765 0.000000
vt 0.410962 0.227654 0.000000
vt 0.409968 0.255895 0.000000
vt 0.900939 0.265726 0.000000
vt 0.407101 0.284833 0.000000
vt 0.900845 0.303687 0.000000
vt 0.402724 0.313641 0.000000
vt 0.900694 0.341648 0.000000
vt 0.397678 0.341528 0.000000
vt 0.392543 0.369388 0.000000
vt 0.900497 0.379609 0.000000
vt 0.387930 0.398158 0.000000
vt 0.900267 0.417570 0.000000
vt 0.053024 -4.070668 0.000000
vt 0.583024 -4.070668 0.000000
vt 0.053024 -3.745014 0.000000
vt 0.583024 -3.745014 0.000000
vt 0.583024 -3.419361 0.000000
vt 0.053024 -3.419361 0.000000
vt 0.583024 -3.093708 0.000000
vt 0.053024 -3.093708 0.000000
vt 0.583024 -2.768054 0.000000
vt 0.053024 -2.768054 0.000000
vt 0.583024 -2.442401 0.000000
vt 0.053024 -2.442401 0.000000
vt 0.583024 -2.116747 0.000000
vt 0.053024 -2.116747 0.000000
vt 0.583024 -1.791094 0.000000
vt 0.053024 -1.791094 0.000000
vt 0.583024 -1.465440 0.000000
vt 0.053024 -1.465440 0.000000
vt 0.583024 -1.139787 0.000000
vt 0.053024 -1.139787 0.000000
vt 0.583024 -0.814134 0.000000
vt 0.053024 -0.814134 0.000000
vt 0.583024 -0.488480 0.000000
vt 0.053024 -0.488480 0.000000
vt 0.583024 -0.162827 0.000000
vt 0.053024 -0.162827 0.000000
vt 0.583024 0.162827 0.000000
vt 0.053024 0.162827 0.000000
vt 0.583024 0.488480 0.000000
vt 0.053024 0.488480 0.000000
vt 0.583024 0.814134 0.000000
vt 0.053024 0.814134 0.000000
vt 0.583024 1.139787 0.000000
vt 0.053024 1.139787 0.000000
vt 0.583024 1.465440 0.000000
vt 0.053024 1.465440 0.000000
vt 0.583024 1.791094 0.000000
vt 0.053024 1.791094 0.000000
vt 0.583024 2.116747 0.000000
vt 0.053024 2.116747 0.000000
vt 0.583024 2.442401 0.000000
vt 0.053024 2.442401 0.000000
vt 0.583024 2.768054 0.000000
vt 0.053024 2.768054 0.000000
vt 0.583024 3.093708 0.000000
vt 0.053024 3.093708 0.000000
vt 0.583024 3.419361 0.000000
vt 0.053024 3.419361 0.000000
vt 0.583024 3.745014 0.000000
vt 0.053024 3.745014 0.000000
vt 0.053024 4.070668 0.000000
vt 0.583024 4.070668 0.000000
vt -1.214274 0.966368 0.000000
vt -1.154542 0.988652 0.000000
vt -1.113630 1.148838 0.000000
vt -0.921146 1.209087 0.000000
vt -0.858427 1.350223 0.000000
vt -0.646658 1.375585 0.000000
vt -0.567786 1.495867 0.000000
vt -0.343322 1.480719 0.000000
vt -0.253705 1.579758 0.000000
vt -0.024672 1.519800 0.000000
vt 0.070850 1.598431 0.000000
vt 0.295079 1.491083 0.000000
vt 0.392480 1.551115 0.000000
vt 0.601667 1.395850 0.000000
vt 0.697907 1.439766 0.000000
vt 0.881415 1.238349 0.000000
vt 0.974523 1.268978 0.000000
vt 1.121843 1.025606 0.000000
vt 1.210907 1.045803 0.000000
vt 1.312227 0.767111 0.000000
vt 1.397301 0.779454 0.000000
vt 1.444073 0.474396 0.000000
vt 1.526011 0.480927 0.000000
vt 1.511500 0.160519 0.000000
vt 1.591722 0.162546 0.000000
vt 1.591722 -0.162546 0.000000
vt 1.511500 -0.160519 0.000000
vt 1.526011 -0.480927 0.000000
vt 1.444073 -0.474396 0.000000
vt 1.397301 -0.779454 0.000000
vt 1.312227 -0.767111 0.000000
vt 1.210907 -1.045803 0.000000
vt 1.121843 -1.025606 0.000000
vt 0.974523 -1.268978 0.000000
vt 0.881415 -1.238349 0.000000
vt 0.697907 -1.439766 0.000000
vt 0.601667 -1.395850 0.000000
vt 0.392480 -1.551115 0.000000
vt 0.295079 -1.491083 0.000000
vt 0.070850 -1.598431 0.000000
vt -0.024672 -1.519800 0.000000
vt -0.253705 -1.579758 0.000000
vt -0.343322 -1.480719 0.000000
vt -0.567786 -1.495867 0.000000
vt -0.646658 -1.375585 0.000000
vt -0.858427 -1.350223 0.000000
vt -0.921146 -1.209087 0.000000
vt -1.113630 -1.148838 0.000000
vt -1.154542 -0.988652 0.000000
vt -1.214274 -0.966368 0.000000
vt -1.270686 -0.936665 0.000000
vt -1.322859 -0.900025 0.000000
vt -1.322859 0.900025 0.000000
vt -1.270686 0.936665 0.000000
vt 0.003024 -3.698835 0.000000
vt 0.033024 -3.698835 0.000000
vt 0.003024 -3.377197 0.000000
vt 0.033024 -3.377197 0.000000
vt 0.003024 -3.055559 0.000000
vt 0.033024 -3.055559 0.000000
vt 0.003024 -2.733921 0.000000
vt 0.033024 -2.733921 0.000000
vt 0.003024 -2.412283 0.000000
vt 0.033024 -2.412283 0.000000
vt 0.003024 -2.090646 0.000000
vt 0.033024 -2.090646 0.000000
vt 0.003024 -1.769008 0.000000
vt 0.033024 -1.769008 0.000000
vt 0.003024 -1.447370 0.000000
vt 0.033024 -1.447370 0.000000
vt 0.003024 -1.125732 0.000000
vt 0.033024 -1.125732 0.000000
vt 0.003024 -0.804094 0.000000
vt 0.033024 -0.804094 0.000000
vt 0.003024 -0.482457 0.000000
vt 0.033024 -0.482457 0.000000
vt 0.003024 -0.160819 0.000000
vt 0.033024 -0.160819 0.000000
vt 0.003024 0.160819 0.000000
vt 0.033024 0.160819 0.000000
vt 0.003024 0.482457 0.000000
vt 0.033024 0.482457 0.000000
vt 0.003024 0.804094 0.000000
vt 0.033024 0.804094 0.000000
vt 0.003024 1.125732 0.000000
vt 0.033024 1.125732 0.000000
vt 0.003024 1.447370 0.000000
vt 0.033024 1.447370 0.000000
vt 0.003024 1.769008 0.000000
vt 0.033024 1.769008 0.000000
vt 0.003024 2.090646 0.000000
vt 0.033024 2.090646 0.000000
vt 0.003024 2.412283 0.000000
vt 0.033024 2.412283 0.000000
vt 0.003024 2.733921 0.000000
vt 0.033024 2.733921 0.000000
vt 0.003024 3.055559 0.000000
vt 0.033024 3.055559 0.000000
vt 0.003024 3.377197 0.000000
vt 0.033024 3.377197 0.000000
vt 0.003024 3.698835 0.000000
vt 0.033024 3.698835 0.000000
vt 0.540000 1.010000 0.000000
vt -0.470000 1.101318 0.000000
vt -1.480000 1.010000 0.000000
vt -0.507529 1.106259 0.000000
vt -0.542500 1.120744 0.000000
vt 0.540000 -1.010000 0.000000
vt 1.041500 0.160519 0.000000
vt 0.974073 0.474396 0.000000
vt 0.842227 0.767111 0.000000
vt -1.480000 -1.010000 0.000000
vt -0.470000 -1.101318 0.000000
vt -0.432471 -1.106259 0.000000
vt -0.397500 -1.120744 0.000000
vt -1.528801 -1.007613 0.000000
vt -1.391146 -1.209087 0.000000
vt -0.595574 -1.173818 0.000000
vt -0.572530 -1.143788 0.000000
vt -1.577135 -1.000474 0.000000
vt -1.624542 -0.988652 0.000000
vt -1.116658 -1.375585 0.000000
vt -0.610059 -1.208789 0.000000
vt -0.813322 -1.480719 0.000000
vt -0.615000 -1.246318 0.000000
vt -0.610059 -1.283847 0.000000
vt -0.595574 -1.318818 0.000000
vt -0.572530 -1.348849 0.000000
vt -0.494672 -1.519800 0.000000
vt -0.542500 -1.371892 0.000000
vt -0.507529 -1.386377 0.000000
vt -0.470000 -1.391318 0.000000
vt -0.432471 -1.386377 0.000000
vt -0.397500 -1.371892 0.000000
vt -0.174921 -1.491083 0.000000
vt -0.367470 -1.348849 0.000000
vt -0.344426 -1.318818 0.000000
vt -0.329941 -1.283847 0.000000
vt -0.325000 -1.246318 0.000000
vt 0.131667 -1.395850 0.000000
vt -0.329941 -1.208789 0.000000
vt -0.344426 -1.173818 0.000000
vt 0.411415 -1.238349 0.000000
vt 0.651843 -1.025606 0.000000
vt 0.842227 -0.767111 0.000000
vt 0.974073 -0.474396 0.000000
vt 1.041500 -0.160519 0.000000
vt 0.651843 1.025606 0.000000
vt 0.411415 1.238349 0.000000
vt -0.344426 1.173818 0.000000
vt 0.131667 1.395850 0.000000
vt -0.329941 1.208789 0.000000
vt -0.325000 1.246318 0.000000
vt -0.174921 1.491083 0.000000
vt -0.329941 1.283847 0.000000
vt -0.344426 1.318818 0.000000
vt -0.367470 1.348849 0.000000
vt -0.397500 1.371892 0.000000
vt -0.494672 1.519800 0.000000
vt -0.432471 1.386377 0.000000
vt -0.470000 1.391318 0.000000
vt -0.507529 1.386377 0.000000
vt -0.542500 1.371892 0.000000
vt -0.572530 1.348849 0.000000
vt -0.813322 1.480719 0.000000
vt -0.595574 1.318818 0.000000
vt -0.610059 1.283847 0.000000
vt -0.615000 1.246318 0.000000
vt -0.610059 1.208789 0.000000
vt -1.116658 1.375585 0.000000
vt -0.595574 1.173818 0.000000
vt -1.391146 1.209087 0.000000
vt -1.528801 1.007613 0.000000
vt -1.577135 1.000474 0.000000
vt -1.624542 0.988652 0.000000
vt -0.542500 -1.120744 0.000000
vt -0.507529 -1.106259 0.000000
vt -0.367470 -1.143788 0.000000
vt -0.572530 1.143788 0.000000
vt -0.367470 1.143788 0.000000
vt -0.397500 1.120744 0.000000
vt -0.432471 1.106259 0.000000
vt -0.676156 1.448683 0.000000
vt -0.679093 1.045803 0.000000
vt -0.425159 1.194296 0.000000
vt -0.492699 0.779454 0.000000
vt -0.196926 0.840000 0.000000
vt -0.363989 0.480927 0.000000
vt -0.069073 0.506285 0.000000
vt -0.298278 0.162546 0.000000
vt -0.006323 0.154468 0.000000
vt -0.298278 -0.162546 0.000000
vt -0.010919 -0.202870 0.000000
vt -0.363989 -0.480927 0.000000
vt -0.082698 -0.552956 0.000000
vt -0.219093 -0.883272 0.000000
vt -0.492699 -0.779454 0.000000
vt -0.415227 -1.182009 0.000000
vt -0.679093 -1.045803 0.000000
vt -0.664089 -1.438486 0.000000
vt -0.915477 -1.268978 0.000000
vt -0.956780 -1.643533 0.000000
vt -1.192093 -1.439766 0.000000
vt -1.282836 -1.789819 0.000000
vt -1.497520 -1.551115 0.000000
vt -1.630600 -1.872114 0.000000
vt -1.819150 -1.598431 0.000000
vt -1.987638 -1.887476 0.000000
vt -2.143705 -1.579758 0.000000
vt -2.341185 -1.835356 0.000000
vt -2.457786 -1.495867 0.000000
vt -2.678601 -1.717617 0.000000
vt -2.748427 -1.350223 0.000000
vt -2.987823 -1.538468 0.000000
vt -3.003630 -1.148838 0.000000
vt -3.257795 -1.304315 0.000000
vt -3.212859 -0.900025 0.000000
vt -3.478864 -1.023529 0.000000
vt -3.291582 -0.820908 0.000000
vt -3.350793 -0.726299 0.000000
vt -0.915477 1.268978 0.000000
vt -0.970551 1.651276 0.000000
vt -1.192093 1.439766 0.000000
vt -1.297818 1.794832 0.000000
vt -1.497520 1.551115 0.000000
vt -1.646258 1.874217 0.000000
vt -1.819150 1.598431 0.000000
vt -2.003412 1.886594 0.000000
vt -2.143705 1.579758 0.000000
vt -2.356511 1.831520 0.000000
vt -2.457786 1.495867 0.000000
vt -2.692932 1.710965 0.000000
vt -2.748427 1.350223 0.000000
vt -3.000645 1.529238 0.000000
vt -3.003630 1.148838 0.000000
vt -3.268650 1.292836 0.000000
vt -3.212859 0.900025 0.000000
vt -3.487364 1.010212 0.000000
vt -3.291582 0.820908 0.000000
vt -3.350793 0.726299 0.000000
vt -3.648968 0.691470 0.000000
vt -3.387543 0.620913 0.000000
vt -3.400000 0.510000 0.000000
vt -3.747684 0.348007 0.000000
vt -3.779983 -0.007899 0.000000
vt -3.400000 -0.510000 0.000000
vt -3.744711 -0.363523 0.000000
vt -3.643127 -0.706149 0.000000
vt -3.387543 -0.620913 0.000000
vt -0.070000 0.840000 0.000000
vt 0.256447 1.231866 0.000000
vt -0.422880 1.237794 0.000000
vt 0.242512 1.317039 0.000000
vt -0.407460 1.322711 0.000000
vt 0.207581 1.395960 0.000000
vt -0.371157 1.401011 0.000000
vt 0.153903 1.463543 0.000000
vt -0.316308 1.467646 0.000000
vt 0.084938 1.515433 0.000000
vt -0.246448 1.518325 0.000000
vt 0.005130 1.548286 0.000000
vt -0.166079 1.549781 0.000000
vt -0.080379 1.559987 0.000000
vt 0.012106 0.849225 0.000000
vt 0.090119 0.876440 0.000000
vt 0.160146 0.920289 0.000000
vt 0.218698 0.978584 0.000000
vt 0.262853 1.048418 0.000000
vt 0.000000 -0.180000 0.000000
vt 0.046587 -0.173867 0.000000
vt -0.046587 -0.173867 0.000000
vt -0.090000 -0.155885 0.000000
vt 0.090000 -0.155885 0.000000
vt -0.127279 -0.127279 0.000000
vt 0.127279 -0.127279 0.000000
vt -0.155885 -0.090000 0.000000
vt 0.155885 -0.090000 0.000000
vt -0.173867 -0.046587 0.000000
vt 0.173867 -0.046587 0.000000
vt -0.180000 0.000000 0.000000
vt 0.180000 0.000000 0.000000
vt -0.173867 0.046587 0.000000
vt 0.173867 0.046587 0.000000
vt -0.155885 0.090000 0.000000
vt 0.155885 0.090000 0.000000
vt -0.127279 0.127279 0.000000
vt 0.127279 0.127279 0.000000
vt -0.090000 0.155885 0.000000
vt 0.090000 0.155885 0.000000
vt -0.046587 0.173867 0.000000
vt 0.046587 0.173867 0.000000
vt 0.000000 0.180000 0.000000
vt 0.432504 0.056940 0.000000
vt 0.007496 0.056940 0.000000
vt 0.440000 0.000000 0.000000
vt 0.000000 0.000000 0.000000
vt 0.432504 -0.056940 0.000000
vt 0.007496 -0.056940 0.000000
vt 0.410526 -0.110000 0.000000
vt 0.029474 -0.110000 0.000000
vt 0.375563 -0.155563 0.000000
vt 0.064437 -0.155563 0.000000
vt 0.330000 -0.190526 0.000000
vt 0.110000 -0.190526 0.000000
vt 0.276940 -0.212504 0.000000
vt 0.163060 -0.212504 0.000000
vt 0.220000 -0.220000 0.000000
vt 0.029474 0.110000 0.000000
vt 0.410526 0.110000 0.000000
vt 0.064437 0.155563 0.000000
vt 0.375563 0.155563 0.000000
vt 0.110000 0.190526 0.000000
vt 0.330000 0.190526 0.000000
vt 0.163060 0.212504 0.000000
vt 0.276940 0.212504 0.000000
vt 0.220000 0.220000 0.000000
vt -0.281454 -0.080110 0.000000
vt -0.662337 -0.080110 0.000000
vt -0.242922 -0.216200 0.000000
vt -0.343304 -0.513248 0.000000
vt -0.261087 -0.443354 0.000000
vt -0.664170 -0.528578 0.000000
vt -0.589407 -0.589933 0.000000
vt -0.405849 -0.601118 0.000000
vt -0.517900 -0.655038 0.000000
vt -0.444876 -0.701562 0.000000
vt -0.449837 -0.723721 0.000000
vt -0.164253 -0.395738 0.000000
vt -0.195917 -0.338375 0.000000
vt -0.222205 -0.278379 0.000000
vt -0.221926 0.652146 0.000000
vt -0.245468 1.100000 0.000000
vt -0.480001 0.652146 0.000000
vt -0.480001 1.100000 0.000000
vt 0.660000 -0.080000 0.000000
vt 0.533074 -0.080000 0.000000
vt 0.660000 -0.480000 0.000000
vt 0.533074 -0.480000 0.000000
vt -0.052251 -0.310734 0.000000
vt -0.001026 -0.354511 0.000000
vt -0.000899 -0.310883 0.000000
vt 0.127869 0.548882 0.000000
vt 0.127869 0.570485 0.000000
vt 0.097528 0.548882 0.000000
vt 0.049919 0.627292 0.000000
vt 0.000000 0.548882 0.000000
vt 0.000000 0.627292 0.000000
vt 0.000001 0.489994 0.000000
vt 0.097528 0.463938 0.000000
vt 0.127869 0.446177 0.000000
vt 0.097528 0.378995 0.000000
vt 0.127869 0.343472 0.000000
vt 0.000001 0.372414 0.000000
vt 0.000000 0.313559 0.000000
vt 0.000001 0.431160 0.000000
vt 0.097528 0.294051 0.000000
vt 0.000001 0.254724 0.000000
vt 0.127869 0.240768 0.000000
vt 0.097528 0.209107 0.000000
vt 0.127869 0.138063 0.000000
vt 0.000001 0.196030 0.000000
vt 0.000001 0.137282 0.000000
vt 0.097528 0.104561 0.000000
vt 0.000000 0.078424 0.000000
vt 0.097528 0.078422 0.000000
vt 0.097528 0.026151 0.000000
vt 0.137400 0.078421 0.000000
vt 0.162991 0.030523 0.000000
vt 0.195055 0.000015 0.000000
vt 0.000000 0.000015 0.000000
vt -2.646150 0.000000 0.000000
vt -2.300340 -0.000000 0.000000
vt -2.643132 0.300412 0.000000
vt -2.278181 0.322420 0.000000
vt -2.192863 0.635413 0.000000
vt -2.192863 -0.635413 0.000000
vt -2.278181 -0.322420 0.000000
vt -2.643132 -0.300412 0.000000
vt -2.300340 0.000000 0.000000
vt -2.646150 0.000000 0.000000
vt 0.528024 0.413979 0.000000
vt 0.128024 0.413979 0.000000
vt 0.528024 0.331183 0.000000
vt 0.128024 0.331183 0.000000
vt 0.528024 0.248387 0.000000
vt 0.128024 0.248387 0.000000
vt 0.528024 0.165591 0.000000
vt 0.128024 0.165591 0.000000
vt 0.528024 0.082796 0.000000
vt 0.128024 0.082796 0.000000
vt 0.528024 -0.000000 0.000000
vt 0.128024 -0.000000 0.000000
vt 0.120000 0.000000 0.000000
vt -0.220000 0.000000 0.000000
vt 0.127496 -0.056975 0.000000
vt 0.149474 -0.110067 0.000000
vt -0.220000 -0.300183 0.000000
vt 0.184437 -0.155658 0.000000
vt 0.230000 -0.190642 0.000000
vt 0.283060 -0.212633 0.000000
vt 0.340000 -0.220134 0.000000
vt 0.607894 -0.300183 0.000000
vt 0.396940 -0.212633 0.000000
vt 0.450000 -0.190642 0.000000
vt 0.495563 -0.155658 0.000000
vt 0.530526 -0.110067 0.000000
vt 0.620000 0.000000 0.000000
vt 0.552504 -0.056975 0.000000
vt 0.560000 0.000000 0.000000
vt -0.620000 -0.183559 0.000000
vt -0.220000 -0.183559 0.000000
vt -0.620000 0.000000 0.000000
vt 0.321304 0.000000 0.000000
vt 0.358771 -0.715346 0.000000
vt 0.184437 -1.076958 0.000000
vt 0.230000 -1.041975 0.000000
vt -0.220000 -1.232617 0.000000
vt 0.149474 -1.122550 0.000000
vt 0.127496 -1.175642 0.000000
vt 0.120000 -1.232617 0.000000
vt 0.369129 -0.782996 0.000000
vt 0.283060 -1.019983 0.000000
vt 0.394525 -0.846233 0.000000
vt 0.340000 -1.012483 0.000000
vt 0.413525 -0.874249 0.000000
vt 0.435621 -0.897287 0.000000
vt 0.396940 -1.019983 0.000000
vt 0.459953 -0.914708 0.000000
vt 0.450000 -1.041975 0.000000
vt 0.486686 -0.926566 0.000000
vt 0.505096 -0.930943 0.000000
vt 0.523937 -0.932434 0.000000
vt 0.495563 -1.076958 0.000000
vt 0.607894 -0.932434 0.000000
vt 0.530526 -1.122550 0.000000
vt 0.552504 -1.175642 0.000000
vt 0.560000 -1.232617 0.000000
vt 0.620000 -1.232617 0.000000
vt 0.185158 0.561382 0.000000
vt 0.000000 0.561382 0.000000
vt 0.207879 0.543905 0.000000
vt 0.000000 0.449105 0.000000
vt 0.232905 0.530820 0.000000
vt 0.258864 0.515769 0.000000
vt 0.286714 0.515769 0.000000
vt 0.436350 0.507934 0.000000
vt 0.434929 0.510474 0.000000
vt 0.438456 0.510576 0.000000
vt 0.441983 0.510694 0.000000
vt 0.445508 0.510827 0.000000
vt 0.000000 0.336829 0.000000
vt 0.164423 0.367852 0.000000
vt 0.064827 0.249694 0.000000
vt 0.000000 0.224553 0.000000
vt 0.027858 0.169080 0.000000
vt 0.000000 0.112276 0.000000
vt 0.005071 0.073681 0.000000
vt 0.000000 -0.000000 0.000000
vt 0.154439 0.205462 0.000000
vt 0.081004 0.200820 0.000000
vt 0.159622 0.177365 0.000000
vt 0.081004 0.150612 0.000000
vt 0.161682 0.130040 0.000000
vt 0.081004 0.100403 0.000000
vt 0.157019 0.069575 0.000000
vt 0.081004 0.050194 0.000000
vt 0.147659 -0.000002 0.000000
vt 0.098432 -0.000014 0.000000
vt 0.049222 -0.000011 0.000000
vt 0.000000 -0.000000 0.000000
vt 0.000000 0.085019 0.000000
vt 0.000000 0.164924 0.000000
vt 0.145754 0.232604 0.000000
vt 0.081004 0.250415 0.000000
vt 0.000000 0.242365 0.000000
vt 0.081004 0.300010 0.000000
vt 0.000000 0.319682 0.000000
vt 0.000000 0.399199 0.000000
vt 0.118232 0.283197 0.000000
vt 0.267570 -0.150268 0.000000
vt 0.264193 -0.083224 0.000000
vt -0.130386 -0.150268 0.000000
vt -0.128442 -0.083224 0.000000
vt -0.441251 0.740020 0.000000
vt -0.043295 0.740020 0.000000
vt -0.442541 0.765877 0.000000
vt -0.040479 0.817593 0.000000
vt -0.443801 0.791735 0.000000
vt -0.445026 0.817592 0.000000
vt 1.334098 0.481477 0.000000
vt 0.929551 0.481476 0.000000
vt 1.356559 0.000000 0.000000
vt 0.664151 0.305933 0.000000
vt 0.598255 0.182325 0.000000
vt 0.848542 0.562282 0.000000
vt 0.861082 0.562144 0.000000
vt 0.854826 0.570203 0.000000
vt 0.574006 0.117091 0.000000
vt 0.558821 0.049331 0.000000
vt 0.554966 0.000000 0.000000
vt 0.100778 0.000000 0.000000
vt 0.167850 -0.000000 0.000000
vt 0.100778 0.023973 0.000000
vt 0.100778 0.047946 0.000000
vt 0.168366 0.079014 0.000000
vt 0.100778 0.071918 0.000000
vt 0.108501 0.078584 0.000000
vt 0.105920 0.081067 0.000000
vt 0.103345 0.083556 0.000000
vt 0.100778 0.086053 0.000000
vt 0.174418 0.158028 0.000000
vt 0.100778 0.163659 0.000000
vt 0.185641 0.237042 0.000000
vt 0.100778 0.241265 0.000000
vt 0.201353 0.316056 0.000000
vt 0.100778 0.318871 0.000000
vt 0.220601 0.395070 0.000000
vt 0.100778 0.396477 0.000000
vt 0.100778 0.474084 0.000000
vt 0.242217 0.474084 0.000000
vt 0.000000 0.072273 0.000000
vt 0.000000 0.047719 0.000000
vt 0.078624 0.072273 0.000000
vt 0.000000 0.023793 0.000000
vt 0.000000 0.000406 0.000000
vt -0.129784 -3.615917 0.000000
vt -0.011820 -3.615917 0.000000
vt -0.101304 -3.292361 0.000000
vt -0.011820 -3.292361 0.000000
vt -0.011820 -2.968805 0.000000
vt -0.011820 -2.645249 0.000000
vt -0.101304 -2.645249 0.000000
vt -0.104835 -2.968805 0.000000
vt -0.011820 -2.321693 0.000000
vt -0.129784 -2.321693 0.000000
vt -0.220000 0.000000 0.000000
vt 0.100000 0.000000 0.000000
vt -0.220000 0.500833 0.000000
vt 0.607894 0.500833 0.000000
vt 0.699917 -0.019623 0.000000
vt 0.817880 -0.019623 0.000000
vt 0.072331 -1.108986 0.000000
vt 0.240932 -0.967318 0.000000
vt -0.069876 -0.216779 0.000000
vt 0.298249 -0.885931 0.000000
vt -0.058844 -0.193365 0.000000
vt 0.390668 -0.406703 0.000000
vt -0.049345 -0.169287 0.000000
vt 0.375663 -0.243474 0.000000
vt -0.041420 -0.144645 0.000000
vt -0.022940 -0.080110 0.000000
vt 0.362057 -0.080110 0.000000
vt 0.407160 -0.569787 0.000000
vt 0.359751 -0.807657 0.000000
vt 0.425269 -0.732713 0.000000
vt -0.289296 -0.645939 0.000000
vt -0.096271 -1.250653 0.000000
vt -0.326447 -0.789216 0.000000
vt -0.226549 -1.374658 0.000000
vt -0.351412 -1.505107 0.000000
vt -0.308628 -0.691709 0.000000
vt -0.321100 -0.739810 0.000000
vt 0.197880 0.520456 0.000000
vt 0.079917 0.520456 0.000000
vt -0.012106 0.000000 0.000000
vt 0.028346 0.517206 0.000000
vt -0.023243 0.514254 0.000000
vt -0.074848 0.511599 0.000000
vt -0.074820 0.510774 0.000000
vt -0.096237 0.005175 0.000000
vt -0.096150 0.002588 0.000000
vt -0.096063 0.000000 0.000000
vt 0.321143 0.198037 0.000000
vt 0.321143 0.200626 0.000000
vt 0.294452 0.199668 0.000000
vt 0.321143 0.203215 0.000000
vt 0.281000 0.203215 0.000000
vt 0.281000 0.245267 0.000000
vt 0.269121 0.203215 0.000000
vt 0.240857 0.245267 0.000000
vt 0.232497 0.212046 0.000000
vt 0.200714 0.245267 0.000000
vt 0.197832 0.224516 0.000000
vt 0.163375 0.240668 0.000000
vt 0.200714 0.287319 0.000000
vt 0.160571 0.287319 0.000000
vt 0.160571 0.329371 0.000000
vt 0.120429 0.329371 0.000000
vt 0.120429 0.371424 0.000000
vt 0.080286 0.371424 0.000000
vt 0.080286 0.455528 0.000000
vt 0.040143 0.455528 0.000000
vt 0.040143 0.539632 0.000000
vt 0.000000 0.528313 0.000000
vt 0.000000 0.707841 0.000000
vt 0.040143 0.707944 0.000000
vt 0.000000 0.928074 0.000000
vt 0.040143 0.928074 0.000000
vt 0.000000 1.148308 0.000000
vt 0.069144 0.971028 0.000000
vt 0.080286 0.928074 0.000000
vt 0.146817 0.827501 0.000000
vt 0.120429 0.708151 0.000000
vt 0.160571 0.708254 0.000000
vt 0.160571 0.539632 0.000000
vt 0.200714 0.539632 0.000000
vt 0.200714 0.455528 0.000000
vt 0.240857 0.455528 0.000000
vt 0.240857 0.371424 0.000000
vt 0.281000 0.371424 0.000000
vt 0.281000 0.329371 0.000000
vt 0.321143 0.707841 0.000000
vt 0.281000 0.287319 0.000000
vt 0.240857 0.287319 0.000000
vt 0.321143 0.708667 0.000000
vt 0.281000 0.708564 0.000000
vt 0.281000 0.539632 0.000000
vt 0.281000 0.455528 0.000000
vt 0.240857 0.539632 0.000000
vt 0.293879 0.710785 0.000000
vt 0.268592 0.717530 0.000000
vt 0.240857 0.708460 0.000000
vt 0.245586 0.728079 0.000000
vt 0.224719 0.741560 0.000000
vt 0.200714 0.708357 0.000000
vt 0.185616 0.777482 0.000000
vt 0.000000 0.348785 0.000000
vt 0.040143 0.371424 0.000000
vt 0.080286 0.329371 0.000000
vt 0.120429 0.287319 0.000000
vt 0.128980 0.260045 0.000000
vt 0.160571 0.245267 0.000000
vt 0.040143 0.329371 0.000000
vt 0.063723 0.303193 0.000000
vt 0.080286 0.708047 0.000000
vt 0.120429 0.539632 0.000000
vt 0.080286 0.539632 0.000000
vt 0.120429 0.455528 0.000000
vt 0.160571 0.455528 0.000000
vt 0.200714 0.371424 0.000000
vt 0.240857 0.329371 0.000000
vt 0.160571 0.371424 0.000000
vt 0.200714 0.329371 0.000000
vt -1.860296 -0.495962 0.000000
vt -1.844122 -0.484036 0.000000
vt -1.881701 -0.081234 0.000000
vt -1.827823 -0.472282 0.000000
vt -1.811399 -0.460702 0.000000
vt -1.528351 -0.297672 0.000000
vt -1.222058 -0.186079 0.000000
vt -1.439894 -0.081234 0.000000
vt -0.901503 -0.129194 0.000000
vt -0.576091 -0.128687 0.000000
vt -0.031894 -0.081234 0.000000
vt -0.255366 -0.184573 0.000000
vt 0.014106 -0.081234 0.000000
vt 0.051263 -0.295212 0.000000
vt 0.170213 0.404355 0.000000
vt 0.003920 0.404345 0.000000
vt 0.320422 0.353813 0.000000
vt 0.075753 0.304915 0.000000
vt 0.320422 0.303268 0.000000
vt 0.320422 0.252724 0.000000
vt 0.648140 0.267345 0.000000
vt 0.645323 0.202143 0.000000
vt 0.320422 0.202166 0.000000
vt 0.320422 0.151634 0.000000
vt 0.168512 0.159436 0.000000
vt 0.193553 0.108974 0.000000
vt 0.140193 0.208404 0.000000
vt 0.320422 0.101089 0.000000
vt 0.214771 0.056147 0.000000
vt 0.320422 0.050545 0.000000
vt 0.231607 -0.000000 0.000000
vt 0.645813 -0.000000 0.000000
vt 0.644119 0.070141 0.000000
vt 0.643956 0.136938 0.000000
vt 0.652247 0.334147 0.000000
vt 0.657425 0.404345 0.000000
vt 0.495720 0.404353 0.000000
vt 0.333712 0.404358 0.000000
vt -0.051263 0.000000 0.000000
vt 0.240000 0.000000 0.000000
vt -0.014106 0.213978 0.000000
vt 0.240000 0.213978 0.000000
vt 0.065556 0.000549 0.000000
vt 0.065556 0.091991 0.000000
vt 0.043704 0.001683 0.000000
vt 0.043704 0.091991 0.000000
vt 0.021852 0.002824 0.000000
vt 0.021852 0.091991 0.000000
vt 0.000000 0.003972 0.000000
vt 0.000000 0.091991 0.000000
vt 0.025466 0.091994 0.000000
vt 0.019099 0.091994 0.000000
vt 0.025466 0.001871 0.000000
vt 0.012733 0.091994 0.000000
vt 0.000000 0.000549 0.000000
vt 0.006366 0.091994 0.000000
vt 0.000000 0.091994 0.000000
vt -0.004099 0.268864 0.000000
vt -0.227559 0.268864 0.000000
vt -0.080895 0.221241 0.000000
vt -0.151247 0.215412 0.000000
vt -0.127213 0.195368 0.000000
vt -0.227559 0.161960 0.000000
vt -0.227559 0.144374 0.000000
vt -0.265715 0.161960 0.000000
vt -0.303870 0.161960 0.000000
vt -0.303870 0.215412 0.000000
vt -0.380182 0.215412 0.000000
vt -0.380182 0.268864 0.000000
vt -0.532805 0.268864 0.000000
vt -0.265715 0.215412 0.000000
vt -0.227559 0.215412 0.000000
vt -0.687212 0.268864 0.000000
vt -0.609116 0.215412 0.000000
vt -0.532805 0.215412 0.000000
vt -0.380182 0.161960 0.000000
vt -0.380182 0.108508 0.000000
vt -0.380182 0.080348 0.000000
vt -0.532805 0.108508 0.000000
vt -0.532805 0.055056 0.000000
vt -0.609116 0.108508 0.000000
vt -0.609116 0.055056 0.000000
vt -0.685428 0.108508 0.000000
vt -0.685428 0.055056 0.000000
vt -0.687212 0.001604 0.000000
vt -0.532805 0.033657 0.000000
vt -0.685428 0.161960 0.000000
vt -0.685428 0.215412 0.000000
vt -0.609116 0.161960 0.000000
vt -0.532805 0.161960 0.000000
vt -3.170590 2.244747 0.000000
vt -3.124998 2.244747 0.000000
vt -3.170590 2.744745 0.000000
vt -3.124998 2.745851 0.000000
vt -3.170888 2.745851 0.000000
vt -0.022807 -0.028900 0.000000
vt 0.023083 -0.028900 0.000000
vt 0.003202 0.003249 0.000000
vt 0.009909 0.011621 0.000000
vt 0.016536 0.020057 0.000000
vt 0.023083 0.028555 0.000000
vt -3.124998 1.445503 0.000000
vt -3.125215 1.442220 0.000000
vt -3.124998 1.442220 0.000000
vt -3.713298 0.730000 0.000000
vt -3.713224 0.729797 0.000000
vt -3.710015 0.730000 0.000000
vt -5.724779 1.442220 0.000000
vt -5.724999 1.445551 0.000000
vt -5.724999 1.442220 0.000000
vt -39.451566 1.360000 0.000000
vt -39.448310 1.359795 0.000000
vt -39.448235 1.360000 0.000000
vt -5.679405 0.000000 0.000000
vt -5.704487 0.032104 0.000000
vt -5.724999 0.000000 0.000000
vt -5.711419 0.041073 0.000000
vt -5.718257 0.050114 0.000000
vt -5.724999 0.059227 0.000000
vt -0.019184 3.038831 0.000000
vt -0.000000 3.038831 0.000000
vt -0.019184 3.538829 0.000000
vt -0.000000 3.538829 0.000000
vt -0.409953 -0.163574 0.000000
vt -0.410136 -0.162443 0.000000
vt -0.429137 -0.163574 0.000000
vt -0.424117 0.005950 0.000000
vt -0.381648 0.005355 0.000000
vt -0.368991 -0.166580 0.000000
vt 1.217913 -0.333498 0.000000
vt 1.244156 -0.300103 0.000000
vt 1.240759 -0.107309 0.000000
vt 1.372379 -0.092432 0.000000
vt 1.221967 0.119253 0.000000
vt 1.450476 0.138299 0.000000
vt 1.474619 0.380779 0.000000
vt 1.162167 0.338585 0.000000
vt 1.465206 1.046809 0.000000
vt 1.129024 1.046809 0.000000
vt 1.063366 0.543326 0.000000
vt -2.060002 -2.015554 0.000000
vt -2.060002 -1.093985 0.000000
vt -2.275198 -1.842525 0.000000
vt -2.451989 -1.630409 0.000000
vt -2.583413 -1.387559 0.000000
vt -2.600002 -1.093985 0.000000
vt -2.664293 -1.123539 0.000000
vt -2.691444 -0.848746 0.000000
vt -2.600002 -0.848746 0.000000
vt 1.601640 0.157083 0.000000
vt 0.145625 0.157083 0.000000
vt 1.601640 0.156944 0.000000
vt 0.145625 0.156943 0.000000
vt 1.601640 0.156805 0.000000
vt 0.145625 0.156803 0.000000
vt 1.601640 0.156666 0.000000
vt 0.145625 0.156663 0.000000
vt -1.063366 0.543326 0.000000
vt -1.129024 1.046809 0.000000
vt -1.162167 0.338585 0.000000
vt -1.465206 1.046809 0.000000
vt -1.474619 0.380779 0.000000
vt -1.221967 0.119253 0.000000
vt -1.450476 0.138299 0.000000
vt -1.372379 -0.092432 0.000000
vt -1.240759 -0.107309 0.000000
vt -1.244156 -0.300103 0.000000
vt -1.217913 -0.333498 0.000000
vt 0.429137 -0.163574 0.000000
vt 0.424117 0.005950 0.000000
vt 0.409953 -0.163574 0.000000
vt 0.381648 0.005355 0.000000
vt 0.369212 -0.163574 0.000000
vt -0.278387 0.673165 0.000000
vt -0.262185 0.539541 0.000000
vt -0.025330 0.673165 0.000000
vt -0.025330 0.531900 0.000000
vt -0.249711 0.405917 0.000000
vt -0.025330 0.390635 0.000000
vt -0.241253 0.272293 0.000000
vt -0.025330 0.249369 0.000000
vt -0.113348 0.249369 0.000000
vt -0.234658 0.133788 0.000000
vt -0.105512 0.122520 0.000000
vt -0.217663 -0.000000 0.000000
vt -0.088059 -0.000000 0.000000
vt 0.278359 -0.140048 0.000000
vt 0.268530 0.060021 0.000000
vt 0.003666 -0.140048 0.000000
vt -0.001571 0.060021 0.000000
vt -0.003666 0.278359 0.000000
vt -0.134356 0.265845 0.000000
vt -0.003666 0.003666 0.000000
vt -0.265644 0.265845 0.000000
vt -0.396334 0.003666 0.000000
vt -0.396334 0.278359 0.000000
vt -0.278359 -0.140048 0.000000
vt -0.003666 -0.140048 0.000000
vt -0.268530 0.060021 0.000000
vt 0.001571 0.060021 0.000000
vt 0.201571 -1.371470 0.000000
vt 0.067403 -1.384564 0.000000
vt 0.201571 -1.641571 0.000000
vt -0.067403 -1.384564 0.000000
vt -0.201571 -1.641571 0.000000
vt -0.201571 -1.371470 0.000000
vt -1.294866 -0.494857 0.000000
vt -1.322314 -0.415989 0.000000
vt -1.456073 -0.414054 0.000000
vt -1.344963 -0.335612 0.000000
vt -1.470087 -0.361157 0.000000
vt -1.362731 -0.254016 0.000000
vt -1.482179 -0.307788 0.000000
vt -1.492335 -0.254016 0.000000
vt -0.015326 0.660906 0.000000
vt -0.001402 0.060082 0.000000
vt 0.164997 0.660906 0.000000
vt 0.177294 0.060082 0.000000
vt -0.177294 0.060082 0.000000
vt 0.001402 0.060082 0.000000
vt -0.167304 0.547568 0.000000
vt 0.012681 0.546157 0.000000
vt 1.092781 0.743839 0.000000
vt 1.170028 0.632761 0.000000
vt 1.129024 1.046809 0.000000
vt 1.465206 1.046809 0.000000
vt 1.236027 0.514653 0.000000
vt 1.290145 0.390647 0.000000
vt 1.451016 0.309918 0.000000
vt 1.460608 0.274164 0.000000
vt 1.469320 0.238185 0.000000
vt 1.477145 0.202003 0.000000
vt -1.466445 0.107620 0.000000
vt -1.371658 0.051169 0.000000
vt -1.476209 0.268259 0.000000
vt -1.321619 0.297840 0.000000
vt -1.465206 1.046809 0.000000
vt -1.227618 0.531319 0.000000
vt -1.129024 1.046809 0.000000
vt -1.092781 0.743839 0.000000
vt -1.432826 -0.049752 0.000000
vt -1.376070 -0.200488 0.000000
vt 0.067439 0.019221 0.000000
vt 0.141104 -0.103581 0.000000
vt 0.449564 0.019221 0.000000
vt 0.446603 -0.141832 0.000000
vt 0.205189 -0.235281 0.000000
vt 0.448717 -0.302885 0.000000
vt 0.257134 -0.371480 0.000000
vt 0.455861 -0.463937 0.000000
vt 0.297107 -0.506783 0.000000
vt 0.363166 -0.506783 0.000000
vt -0.288601 0.151543 0.000000
vt -0.263774 0.091032 0.000000
vt -0.279176 0.153312 0.000000
vt -0.269761 0.155132 0.000000
vt -0.260356 0.157004 0.000000
vt -0.028793 -3.238713 0.000000
vt -0.306922 -3.238713 0.000000
vt -0.036682 -3.299505 0.000000
vt -0.044104 -3.360296 0.000000
vt -0.306922 -3.432291 0.000000
vt -0.051042 -3.421087 0.000000
vt -0.072346 -3.562707 0.000000
vt -0.306922 -3.625869 0.000000
vt -0.106665 -3.705088 0.000000
vt -0.216800 -3.819447 0.000000
vt -0.155232 -3.842495 0.000000
vt -0.229870 -3.994976 0.000000
vt -0.225263 -3.986565 0.000000
vt -0.306922 -3.819447 0.000000
vt -0.220652 -3.978157 0.000000
vt -0.216035 -3.969752 0.000000
vt -0.439999 -1.943854 0.000000
vt -0.216446 -1.722943 0.000000
vt -0.439999 -1.093985 0.000000
vt -0.048175 -1.457496 0.000000
vt -0.000001 -1.093985 0.000000
vt 0.056231 -1.161056 0.000000
vt 0.091444 -0.848746 0.000000
vt -0.000001 -0.848746 0.000000
vt 0.180218 -0.170268 0.000000
vt 0.235263 -0.117650 0.000000
vt 0.180001 -0.170268 0.000000
vt 0.014794 -0.019442 0.000000
vt 0.047802 -0.316100 0.000000
vt -0.074741 -0.481833 0.000000
vt 0.292210 -0.067350 0.000000
vt 0.350976 -0.019442 0.000000
vt 0.180001 -0.170484 0.000000
vt 3.581260 0.286804 0.000000
vt 3.573929 0.343861 0.000000
vt 3.299999 0.286804 0.000000
vt 3.299999 0.390789 0.000000
vt 3.567260 0.390789 0.000000
vt 0.392561 -0.673628 0.000000
vt 0.347732 -0.715432 0.000000
vt 0.393033 -0.800804 0.000000
vt 0.301112 -0.755139 0.000000
vt 0.252795 -0.792670 0.000000
vt 0.272617 -1.174281 0.000000
vt 0.713084 -0.800804 0.000000
vt 1.051121 -1.160390 0.000000
vt 1.207645 -0.716180 0.000000
vt 0.871057 -0.657677 0.000000
vt 0.712553 -0.657677 0.000000
vt 0.350976 0.019442 0.000000
vt 0.121578 0.231183 0.000000
vt 0.014794 0.019442 0.000000
vt -0.074741 0.481833 0.000000
vt 3.034741 0.481833 0.000000
vt 2.837682 0.230412 0.000000
vt 2.945206 0.019442 0.000000
vt 2.609024 0.019442 0.000000
vt -1.207645 -0.716180 0.000000
vt -1.051121 -1.160390 0.000000
vt -0.847066 -0.652591 0.000000
vt -0.258421 -0.805752 0.000000
vt -0.503557 -0.564341 0.000000
vt -0.206365 -1.175463 0.000000
vt -0.135092 -1.101863 0.000000
vt -0.155686 -0.892524 0.000000
vt -0.063040 -1.050245 0.000000
vt -0.041235 -0.962362 0.000000
vt -0.026808 -1.032745 0.000000
vt 0.009516 -1.020807 0.000000
vt 0.045897 -1.014444 0.000000
vt 0.082301 -1.013662 0.000000
vt -0.257369 -0.841456 0.000000
vt -0.632779 -0.841456 0.000000
vt -0.177587 -1.061936 0.000000
vt -0.632779 -1.100187 0.000000
vt -0.112672 -1.286767 0.000000
vt -0.632779 -1.358919 0.000000
vt -0.070867 -1.515685 0.000000
vt -0.632779 -1.617650 0.000000
vt -0.058010 -1.748163 0.000000
vt -0.632779 -1.876381 0.000000
vt -0.076203 -1.980289 0.000000
vt -0.632779 -2.135113 0.000000
vt -0.122563 -2.208637 0.000000
vt -0.632779 -2.393844 0.000000
vt -0.190719 -2.432659 0.000000
vt -0.632779 -2.652575 0.000000
vt -0.272214 -2.652575 0.000000
vt 0.427626 0.355649 0.000000
vt 0.426071 0.343861 0.000000
vt 0.558934 0.332432 0.000000
vt 0.400620 0.145767 0.000000
vt 0.699998 -0.000000 0.000000
vt 0.339433 -0.000000 0.000000
vt 0.699998 0.302855 0.000000
vt 0.430973 0.379192 0.000000
vt 0.429260 0.367426 0.000000
vt -0.350131 0.697472 0.000000
vt -0.385130 1.172273 0.000000
vt -0.843964 0.651929 0.000000
vt -1.051121 1.160390 0.000000
vt -1.207645 0.716180 0.000000
vt -0.497247 0.562394 0.000000
vt 2.609024 -0.019442 0.000000
vt 2.779782 -0.170268 0.000000
vt 2.945206 -0.019442 0.000000
vt 2.780002 -0.170268 0.000000
vt 2.912063 -0.315919 0.000000
vt 2.780002 -0.170487 0.000000
vt 3.034741 -0.481833 0.000000
vt 0.421467 -0.690306 0.000000
vt 0.592469 -0.712920 0.000000
vt 0.420697 -0.678997 0.000000
vt 0.388021 -0.507784 0.000000
vt 0.420218 -0.679170 0.000000
vt 0.422262 -0.701614 0.000000
vt 0.423082 -0.712920 0.000000
vt 0.576680 -0.468865 0.000000
vt 0.329901 -0.343378 0.000000
vt 0.572564 -0.224810 0.000000
vt 0.250399 -0.188103 0.000000
vt 0.153003 -0.043012 0.000000
vt 0.580323 0.019246 0.000000
vt 0.126407 -0.008695 0.000000
vt 0.119006 0.000610 0.000000
vt 0.111615 0.009924 0.000000
vt 0.104234 0.019246 0.000000
vt -0.146439 -0.000000 0.000000
vt -0.073361 -0.000000 0.000000
vt -0.153233 0.042573 0.000000
vt -0.102157 0.097367 0.000000
vt -0.153235 0.097367 0.000000
vt -0.153235 0.194734 0.000000
vt -0.183217 0.217193 0.000000
vt -0.153235 0.292101 0.000000
vt -0.217836 0.397702 0.000000
vt -0.153235 0.389468 0.000000
vt -0.228943 0.581887 0.000000
vt -0.153235 0.581887 0.000000
vt -0.153236 0.686014 0.000000
vt -0.076618 0.512615 0.000000
vt -0.102157 0.389468 0.000000
vt -0.076617 0.389468 0.000000
vt -0.076617 0.292101 0.000000
vt -0.026289 0.247653 0.000000
vt -0.076617 0.194734 0.000000
vt -0.076617 0.097367 0.000000
vt -0.102157 0.194734 0.000000
vt -0.001817 -0.000000 0.000000
vt -0.304651 0.774307 0.000000
vt -0.258028 0.584352 0.000000
vt -0.102157 0.292101 0.000000
vt -0.473136 -3.697237 0.000000
vt 0.012939 -3.685928 0.000000
vt -0.472511 -3.660434 0.000000
vt -0.471882 -3.623631 0.000000
vt 0.012939 -3.572710 0.000000
vt -0.471250 -3.586826 0.000000
vt -0.543341 -3.514522 0.000000
vt 0.012939 -3.459492 0.000000
vt -0.593900 -3.442372 0.000000
vt 0.012939 -3.346274 0.000000
vt -0.611041 -3.406338 0.000000
vt -0.622734 -3.370321 0.000000
vt -0.287472 -3.344576 0.000000
vt -0.628967 -3.334316 0.000000
vt -0.287472 -3.304536 0.000000
vt -0.629733 -3.298314 0.000000
vt -0.287472 -3.264496 0.000000
vt -0.287472 -3.224456 0.000000
vt -0.007088 -3.345171 0.000000
vt -0.007088 -3.223862 0.000000
vt 0.012939 -3.222758 0.000000
vt -0.598257 -3.164807 0.000000
vt 0.012939 -3.109540 0.000000
vt -0.587884 -3.031759 0.000000
vt 0.012939 -2.996323 0.000000
vt -0.587884 -2.977562 0.000000
vt -0.587884 -2.923366 0.000000
vt 0.012939 -2.883105 0.000000
vt -0.587884 -2.869170 0.000000
vt 0.001571 0.060021 0.000000
vt -0.401571 0.060021 0.000000
vt -0.003666 -0.140048 0.000000
vt -0.396334 -0.140048 0.000000
vt 0.019646 0.095071 0.000000
vt -0.000381 0.095071 0.000000
vt 0.019646 0.079226 0.000000
vt -0.000381 0.079226 0.000000
vt 0.019646 0.063381 0.000000
vt -0.000381 0.063381 0.000000
vt 0.019646 0.047535 0.000000
vt -0.000381 0.047535 0.000000
vt 0.019646 0.031690 0.000000
vt -0.000381 0.031690 0.000000
vt 0.019646 0.015845 0.000000
vt -0.000381 0.015845 0.000000
vt 0.019646 0.000000 0.000000
vt -0.000381 0.000000 0.000000
vt 0.019646 -0.015845 0.000000
vt -0.000381 -0.015845 0.000000
vt 0.019646 -0.031690 0.000000
vt -0.000381 -0.031690 0.000000
vt 0.019646 -0.047535 0.000000
vt -0.000381 -0.047535 0.000000
vt 0.019646 -0.063381 0.000000
vt -0.000381 -0.063381 0.000000
vt 0.019646 -0.079226 0.000000
vt -0.000381 -0.079226 0.000000
vt 0.019646 -0.095071 0.000000
vt -0.000381 -0.095071 0.000000
vt -0.022189 0.000000 0.000000
vt -0.021097 -0.020027 0.000000
vt 0.000000 0.000000 0.000000
vt -0.000000 -0.020027 0.000000
vt 0.000000 0.000000 0.000000
vt -0.022189 -0.000000 0.000000
vt -0.001092 -0.020027 0.000000
vt -0.022189 -0.020027 0.000000
vt -0.000000 -0.190000 0.000000
vt 0.049176 -0.183526 0.000000
vt -0.049176 -0.183526 0.000000
vt -0.095000 -0.164545 0.000000
vt 0.095000 -0.164545 0.000000
vt -0.134350 -0.134350 0.000000
vt 0.134350 -0.134350 0.000000
vt -0.164545 -0.095000 0.000000
vt 0.164545 -0.095000 0.000000
vt -0.183526 -0.049176 0.000000
vt 0.183526 -0.049176 0.000000
vt -0.190000 -0.000000 0.000000
vt 0.190000 0.000000 0.000000
vt -0.183526 0.049176 0.000000
vt 0.183526 0.049176 0.000000
vt -0.164545 0.095000 0.000000
vt 0.164545 0.095000 0.000000
vt -0.134350 0.134350 0.000000
vt 0.134350 0.134350 0.000000
vt -0.095000 0.164545 0.000000
vt 0.095000 0.164545 0.000000
vt -0.049176 0.183526 0.000000
vt 0.049176 0.183526 0.000000
vt -0.000000 0.190000 0.000000
vt -0.163125 0.060000 0.000000
vt -0.200000 0.060000 0.000000
vt -0.162056 0.020005 0.000000
vt -0.215529 0.057956 0.000000
vt -0.162056 -0.020005 0.000000
vt -0.230000 0.051962 0.000000
vt -0.242426 0.042426 0.000000
vt -0.251962 0.030000 0.000000
vt -0.257956 0.015529 0.000000
vt -0.260000 0.000000 0.000000
vt -0.257956 -0.015529 0.000000
vt -0.251962 -0.030000 0.000000
vt -0.242426 -0.042426 0.000000
vt -0.230000 -0.051962 0.000000
vt -0.215529 -0.057956 0.000000
vt -0.200000 -0.060000 0.000000
vt -0.163125 -0.060000 0.000000
vt -0.163125 0.280664 0.000000
vt -0.200000 0.280664 0.000000
vt -0.177811 0.000664 0.000000
vt -0.200000 0.000664 0.000000
vt 0.200000 0.000664 0.000000
vt 0.200000 0.280664 0.000000
vt 0.177811 0.000664 0.000000
vt 0.163125 0.280664 0.000000
vt -0.308024 -0.094248 0.000000
vt -0.028024 -0.094248 0.000000
vt -0.308024 -0.078540 0.000000
vt -0.028024 -0.078540 0.000000
vt -0.308024 -0.062832 0.000000
vt -0.028024 -0.062832 0.000000
vt -0.308024 -0.047124 0.000000
vt -0.028024 -0.047124 0.000000
vt -0.308024 -0.031416 0.000000
vt -0.028024 -0.031416 0.000000
vt -0.308024 -0.015708 0.000000
vt -0.028024 -0.015708 0.000000
vt -0.308024 0.000000 0.000000
vt -0.028024 0.000000 0.000000
vt -0.308024 0.015708 0.000000
vt -0.028024 0.015708 0.000000
vt -0.308024 0.031416 0.000000
vt -0.028024 0.031416 0.000000
vt -0.308024 0.047124 0.000000
vt -0.028024 0.047124 0.000000
vt -0.308024 0.062832 0.000000
vt -0.028024 0.062832 0.000000
vt -0.308024 0.078540 0.000000
vt -0.028024 0.078540 0.000000
vt -0.308024 0.094248 0.000000
vt -0.028024 0.094248 0.000000
vt 0.550022 -2.925192 0.000000
vt 0.174758 -2.925192 0.000000
vt 0.550022 -3.192381 0.000000
vt 0.050024 -3.116325 0.000000
vt 0.050024 -3.319803 0.000000
vt 0.550022 -3.459570 0.000000
vt 0.050024 -3.523281 0.000000
vt 0.550022 -3.726759 0.000000
vt 0.050024 -3.726759 0.000000
vt 0.446940 -0.521712 0.000000
vt 0.699998 -0.521712 0.000000
vt 0.401138 -0.180723 0.000000
vt 0.699998 -0.000000 0.000000
vt 0.324588 0.000000 0.000000
vt -3.370295 0.624745 0.000000
vt -3.429794 0.548344 0.000000
vt -3.124998 0.624745 0.000000
vt -3.124998 0.084745 0.000000
vt -3.494814 0.476584 0.000000
vt -3.564995 0.184745 0.000000
vt -3.564995 0.409863 0.000000
vt -3.564995 0.184605 0.000000
vt -3.564995 0.184466 0.000000
vt -3.564996 0.184327 0.000000
vt -3.564996 0.084745 0.000000
vt -5.184999 0.084745 0.000000
vt -5.247984 0.417184 0.000000
vt -5.724999 0.084745 0.000000
vt -5.307850 0.469151 0.000000
vt -5.724999 0.524743 0.000000
vt -5.364365 0.524743 0.000000
vt -5.184999 0.369044 0.000000
vt -5.724999 2.144745 0.000000
vt -5.679405 2.144745 0.000000
vt -5.724999 2.744745 0.000000
vt -5.679405 2.744745 0.000000
vt -0.019184 2.938829 0.000000
vt -0.000000 2.938829 0.000000
vt -0.019184 3.538829 0.000000
vt -0.000000 3.538829 0.000000
vt 0.060024 -0.260936 0.000000
vt 0.060024 -0.423912 0.000000
vt 0.660024 -0.260936 0.000000
vt 0.660024 -0.528124 0.000000
vt 0.060024 -0.586888 0.000000
vt 0.660024 -0.795311 0.000000
vt 0.060024 -0.749863 0.000000
vt 0.175338 -0.903539 0.000000
vt 0.283578 -1.062498 0.000000
vt 0.660024 -1.062498 0.000000
vt -0.360634 3.789468 0.000000
vt -0.239731 3.814534 0.000000
vt -0.360634 6.746563 0.000000
vt -0.119495 3.842622 0.000000
vt -0.000000 6.746563 0.000000
vt -0.000000 3.873716 0.000000
vt -0.318204 3.794571 0.000000
vt -0.211586 3.817475 0.000000
vt -0.318204 6.186024 0.000000
vt -0.202375 6.353052 0.000000
vt -0.105501 3.842731 0.000000
vt -0.114691 6.536426 0.000000
vt -0.000000 3.870329 0.000000
vt -0.057402 6.731445 0.000000
vt -0.045591 6.746563 0.000000
vt -0.000000 6.746563 0.000000
vt 6.746563 0.000000 0.000000
vt 6.746563 0.225119 0.000000
vt 5.290548 0.000000 0.000000
vt 3.810766 0.156972 0.000000
vt 3.834948 0.075082 0.000000
vt 3.796504 0.225119 0.000000
vt 3.801151 0.202381 0.000000
vt 3.805905 0.179665 0.000000
vt 3.869604 0.000000 0.000000
vt 1.563062 0.157094 0.000000
vt 0.142118 0.157094 0.000000
vt 1.563062 0.156955 0.000000
vt 1.563062 0.156815 0.000000
vt 0.142351 0.156673 0.000000
vt 1.563062 0.156675 0.000000
vt 3.869837 0.099578 0.000000
vt 3.890656 0.064831 0.000000
vt 5.290548 0.099581 0.000000
vt 5.896694 -0.000000 0.000000
vt 6.746563 0.099583 0.000000
vt 6.746563 0.000000 0.000000
vt 3.913865 0.031587 0.000000
vt 3.939356 -0.000000 0.000000
vt 0.295865 -0.791136 0.000000
vt 0.296303 -0.870423 0.000000
vt 3.254280 -0.791136 0.000000
vt 3.254280 -0.870423 0.000000
vt 0.296743 -0.949710 0.000000
vt 3.254280 -0.949710 0.000000
vt 0.297185 -1.028998 0.000000
vt 3.254280 -1.028998 0.000000
vt 0.098366 -1.398793 0.000000
vt 0.098366 1.088999 0.000000
vt 0.016092 -1.380094 0.000000
vt 0.016517 1.229801 0.000000
vt -0.065851 -1.359994 0.000000
vt -0.046630 1.379924 0.000000
vt -0.147440 -1.338497 0.000000
vt -0.090034 1.536898 0.000000
vt -0.101845 1.552015 0.000000
vt -0.147440 1.552015 0.000000
vt 0.661166 -3.093099 0.000000
vt 0.661166 -0.950985 0.000000
vt 0.221020 -3.133993 0.000000
vt 0.155291 -0.579555 0.000000
vt 0.000000 -0.600000 0.000000
vt 0.869293 -0.765403 0.000000
vt 0.519615 -0.300000 0.000000
vt 0.424264 -0.424264 0.000000
vt 0.300000 -0.519615 0.000000
vt 0.579555 -0.155291 0.000000
vt 1.027034 -0.535456 0.000000
vt 0.600000 0.000000 0.000000
vt 1.125245 -0.274473 0.000000
vt 1.158234 0.002419 0.000000
vt 1.124089 0.279171 0.000000
vt 1.024789 0.539741 0.000000
vt 0.579555 0.155291 0.000000
vt 0.866089 0.769027 0.000000
vt 0.519615 0.300000 0.000000
vt 0.657188 0.953738 0.000000
vt 0.424264 0.424264 0.000000
vt 0.410195 1.083168 0.000000
vt 0.300000 0.519615 0.000000
vt 0.155291 0.579555 0.000000
vt 0.139426 1.149814 0.000000
vt 0.000000 0.600000 0.000000
vt -0.139424 1.149814 0.000000
vt -0.155291 0.579555 0.000000
vt -0.410193 1.083168 0.000000
vt -0.300000 0.519615 0.000000
vt -0.424264 0.424264 0.000000
vt -0.657186 0.953739 0.000000
vt -0.519615 0.300000 0.000000
vt -0.866087 0.769029 0.000000
vt -0.579555 0.155291 0.000000
vt -1.024787 0.539743 0.000000
vt -0.600000 0.000000 0.000000
vt -1.124088 0.279173 0.000000
vt -1.158234 0.002421 0.000000
vt -1.125246 -0.274471 0.000000
vt -1.027035 -0.535454 0.000000
vt -0.579555 -0.155291 0.000000
vt -0.869295 -0.765401 0.000000
vt -0.519615 -0.300000 0.000000
vt -0.661168 -0.950983 0.000000
vt -0.424264 -0.424264 0.000000
vt -0.300000 -0.519615 0.000000
vt -0.155291 -0.579555 0.000000
vt -0.221022 -3.133993 0.000000
vt -0.661168 -3.093100 0.000000
vt 2.746313 -0.905674 0.000000
vt 0.485382 -0.905674 0.000000
vt 2.740847 -1.055536 0.000000
vt 0.371828 -1.060871 0.000000
vt 2.737478 -1.209166 0.000000
vt 0.249687 -1.209166 0.000000
vt -0.447303 2.159253 0.000000
vt -0.447303 1.782807 0.000000
vt 1.760975 2.159253 0.000000
vt 1.813628 1.782807 0.000000
vt -0.571913 0.000000 0.000000
vt -0.527303 -0.233658 0.000000
vt 1.650501 0.000000 0.000000
vt 1.680975 -0.233658 0.000000
vt 1.623100 -0.076625 0.000000
vt -0.519017 -0.076625 0.000000
vt 1.650501 -0.510825 0.000000
vt -0.571913 -0.510825 0.000000
vt 0.692449 -0.147438 0.000000
vt 0.773495 -0.025242 0.000000
vt -1.210446 -0.147438 0.000000
vt -2.132015 0.136862 0.000000
vt -2.132015 -0.147438 0.000000
vt 0.820580 0.109534 0.000000
vt 0.822537 0.118640 0.000000
vt 0.824477 0.127749 0.000000
vt 0.826400 0.136862 0.000000
vt 5.120831 -0.860002 0.000000
vt 2.263789 -0.168544 0.000000
vt 2.247984 -0.860002 0.000000
vt 2.216113 -0.230676 0.000000
vt 2.153981 -0.278352 0.000000
vt 5.185436 -0.348684 0.000000
vt 2.293759 -0.096190 0.000000
vt 2.303981 -0.018544 0.000000
vt 5.195168 0.166607 0.000000
vt 2.293759 0.059101 0.000000
vt 2.263789 0.131456 0.000000
vt 5.149916 0.680000 0.000000
vt 2.247984 0.760000 0.000000
vt 5.138496 0.760000 0.000000
vt 2.247984 1.360000 0.000000
vt 2.138630 1.345218 0.000000
vt 1.997009 1.300760 0.000000
vt 1.748280 1.184130 0.000000
vt 2.188757 1.360000 0.000000
vt 2.188932 1.359521 0.000000
vt 1.525958 1.021575 0.000000
vt 1.300311 0.819574 0.000000
vt 1.926336 0.271233 0.000000
vt 1.129513 0.626023 0.000000
vt 1.853981 0.241263 0.000000
vt 1.008525 0.397998 0.000000
vt 1.791849 0.193588 0.000000
vt 1.744174 0.131456 0.000000
vt 0.944008 0.148055 0.000000
vt 1.714204 0.059101 0.000000
vt 1.703981 -0.018544 0.000000
vt 0.939517 -0.110042 0.000000
vt 1.714204 -0.096190 0.000000
vt 1.744174 -0.168544 0.000000
vt 0.995298 -0.362078 0.000000
vt 1.791849 -0.230676 0.000000
vt 1.108280 -0.594175 0.000000
vt 1.853981 -0.278352 0.000000
vt 1.272240 -0.793551 0.000000
vt 1.926336 -0.308322 0.000000
vt 2.003981 -0.318544 0.000000
vt 2.081627 -0.308322 0.000000
vt 1.648608 -1.154841 0.000000
vt 1.757917 -1.244086 0.000000
vt 2.002745 -1.300000 0.000000
vt 1.880084 -1.314712 0.000000
vt 2.005825 -1.321634 0.000000
vt 2.008900 -1.343268 0.000000
vt 2.011970 -1.364903 0.000000
vt 2.247984 -1.300000 0.000000
vt 2.003981 0.281456 0.000000
vt 2.081627 0.271233 0.000000
vt 2.153981 0.241263 0.000000
vt 2.216113 0.193588 0.000000
vt 0.439997 -1.943854 0.000000
vt 0.439997 -3.901192 0.000000
vt 0.683606 -2.097469 0.000000
vt 0.953621 -2.197643 0.000000
vt 0.978169 -3.968584 0.000000
vt 1.238474 -2.240084 0.000000
vt 1.520514 -3.974361 0.000000
vt 1.525964 -2.222974 0.000000
vt 2.060000 -3.918449 0.000000
vt 1.803773 -2.147046 0.000000
vt 2.060000 -2.015554 0.000000
vt 0.295030 1.230308 0.000000
vt 0.295030 1.133450 0.000000
vt 3.245089 1.230308 0.000000
vt 3.245089 1.133450 0.000000
vt 0.295030 1.036592 0.000000
vt 3.245089 1.036592 0.000000
vt 3.245089 0.939734 0.000000
vt 0.295030 0.939734 0.000000
vt 0.245296 -3.944044 0.000000
vt 0.245296 -0.993985 0.000000
vt 0.163193 -3.925374 0.000000
vt 0.081419 -3.905308 0.000000
vt -0.000001 -0.993985 0.000000
vt -0.000001 -3.883851 0.000000
vt -2.120764 1.783989 0.000000
vt 0.139998 1.783989 0.000000
vt -2.068277 2.159253 0.000000
vt 0.139998 2.159253 0.000000
vt -1.680975 0.000000 0.000000
vt 0.527300 0.000000 0.000000
vt -1.650501 0.233663 0.000000
vt 0.571911 0.233663 0.000000
vt 6.092459 -0.000000 0.000000
vt 6.039563 0.434195 0.000000
vt 3.870047 -0.000000 0.000000
vt 3.897449 0.434195 0.000000
vt -1.295940 5.398466 0.000000
vt -1.215184 5.668929 0.000000
vt -1.295940 5.915045 0.000000
vt -1.215184 5.751951 0.000000
vt -1.215184 5.834973 0.000000
vt -1.295940 4.881886 0.000000
vt 0.026428 5.299432 0.000000
vt -0.373979 5.471837 0.000000
vt -0.989519 5.469478 0.000000
vt -0.609520 5.478597 0.000000
vt 0.026428 4.848875 0.000000
vt -1.295940 4.365307 0.000000
vt 0.026428 4.398317 0.000000
vt 0.026428 3.947759 0.000000
vt -1.295940 3.848727 0.000000
vt -0.988326 3.777687 0.000000
vt -1.114238 3.648308 0.000000
vt -1.114238 3.540703 0.000000
vt -1.295940 3.332147 0.000000
vt -1.114238 3.433098 0.000000
vt -1.114238 3.325493 0.000000
vt -0.609520 3.768597 0.000000
vt -0.373974 3.775357 0.000000
vt -1.094865 5.574873 0.000000
vt -1.215184 5.917994 0.000000
vt -5.716057 -0.250306 0.000000
vt -5.854233 -0.068842 0.000000
vt -8.107510 -0.250306 0.000000
vt -8.114996 -0.068842 0.000000
vt -0.050727 0.240000 0.000000
vt -0.046000 0.234367 0.000000
vt 0.000000 0.240000 0.000000
vt 0.000000 -0.014106 0.000000
vt -0.046000 -0.014106 0.000000
vt 1.693074 0.840000 0.000000
vt 1.820328 0.508435 0.000000
vt 1.820000 0.840000 0.000000
vt 1.902106 0.849225 0.000000
vt 1.980119 0.876440 0.000000
vt 2.050146 0.920289 0.000000
vt 2.189465 0.000000 0.000000
vt 2.108698 0.978584 0.000000
vt 2.152853 1.048418 0.000000
vt 1.883307 0.158918 0.000000
vt 1.879788 -0.196211 0.000000
vt 2.178989 -0.300000 0.000000
vt 1.809894 -0.544412 0.000000
vt 1.795328 -0.621929 0.000000
vt 1.676094 -0.873389 0.000000
vt 1.647291 -0.946802 0.000000
vt 1.483112 -1.171528 0.000000
vt 1.441093 -1.238246 0.000000
vt 1.237762 -1.428301 0.000000
vt 1.184014 -1.485971 0.000000
vt 0.948708 -1.634642 0.000000
vt 0.885132 -1.681232 0.000000
vt 0.626155 -1.783264 0.000000
vt 0.554999 -1.817134 0.000000
vt 0.281493 -1.868920 0.000000
vt 0.205271 -1.888879 0.000000
vt -0.073108 -1.888586 0.000000
vt -0.151705 -1.893934 0.000000
vt -0.425128 -1.841566 0.000000
vt -0.503325 -1.832120 0.000000
vt -0.762137 -1.729522 0.000000
vt -0.837173 -1.705620 0.000000
vt -1.072235 -1.556410 0.000000
vt -1.141464 -1.518901 0.000000
vt -1.344473 -1.328342 0.000000
vt -1.405454 -1.278553 0.000000
vt -1.569239 -1.053371 0.000000
vt -1.619822 -0.993065 0.000000
vt -1.738596 -0.741205 0.000000
vt -1.776999 -0.672514 0.000000
vt -1.846564 -0.402869 0.000000
vt -1.871436 -0.328220 0.000000
vt -1.889330 -0.050307 0.000000
vt -1.899799 0.027664 0.000000
vt -1.865386 0.304031 0.000000
vt -1.861086 0.382570 0.000000
vt -1.775576 0.647634 0.000000
vt -1.756664 0.723969 0.000000
vt -1.623071 0.968369 0.000000
vt -1.590220 1.039807 0.000000
vt -1.413257 1.254912 0.000000
vt -1.367631 1.318933 0.000000
vt -1.153541 1.497145 0.000000
vt -1.096755 1.551492 0.000000
vt -0.853095 1.686514 0.000000
vt -0.787157 1.729273 0.000000
vt -0.522526 1.816333 0.000000
vt -0.699273 1.940000 0.000000
vt -0.173507 1.882019 0.000000
vt 0.699273 1.940000 0.000000
vt 0.181638 1.881252 0.000000
vt 0.530370 1.814058 0.000000
vt 0.860375 1.682812 0.000000
vt 1.160000 1.940000 0.000000
vt 1.160000 1.492146 0.000000
vt -0.750000 1.940000 0.000000
vt -0.000000 -0.020000 0.000000
vt 0.070711 -0.020000 0.000000
vt -0.000000 0.000000 0.000000
vt 0.070711 -0.000000 0.000000
vt 0.000000 -0.020000 0.000000
vt 0.070711 -0.020000 0.000000
vt -0.000000 0.000000 0.000000
vt 0.070711 0.000000 0.000000
vt 0.529517 -0.020000 0.000000
vt 0.529517 -0.000000 0.000000
vt 0.007354 -0.020000 0.000000
vt -0.000000 0.000000 0.000000
vt -0.000000 -0.020000 0.000000
vt -0.248473 -0.020000 0.000000
vt -0.000000 0.000000 0.000000
vt -0.302367 0.000000 0.000000
vt -0.302367 -0.020000 0.000000
vt -0.050000 -0.000000 0.000000
vt -1.358000 -0.000000 0.000000
vt -0.050000 -0.020000 0.000000
vt -1.358000 -0.020000 0.000000
vt -0.352367 -0.020000 0.000000
vt -0.103894 -0.020000 0.000000
vt -0.352367 0.000000 0.000000
vt -0.050000 0.000000 0.000000
vt -0.050000 -0.020000 0.000000
vt 1.067633 -0.215694 0.000000
vt 0.340367 -0.215694 0.000000
vt 1.408000 -0.621327 0.000000
vt 0.000000 -0.621327 0.000000
vt 0.050000 -0.973694 0.000000
vt 0.000000 -0.923694 0.000000
vt 1.358000 -0.973694 0.000000
vt 1.408000 -0.923694 0.000000
vt 0.000000 -0.869800 0.000000
vt -1.408000 -0.869800 0.000000
vt -0.000000 -0.923694 0.000000
vt -1.408000 -0.923694 0.000000
vt -0.050000 -0.973694 0.000000
vt -1.358000 -0.973694 0.000000
vt -1.454000 -0.014106 0.000000
vt -1.454000 0.234367 0.000000
vt -1.895807 -0.014106 0.000000
vt -1.910000 0.240000 0.000000
vt -2.060000 0.100000 0.000000
vt -2.066133 0.146587 0.000000
vt -2.084115 0.190000 0.000000
vt -2.112721 0.227279 0.000000
vt -2.150000 0.255885 0.000000
vt -1.910000 0.474532 0.000000
vt -2.193413 0.273867 0.000000
vt -2.289727 0.444877 0.000000
vt -2.240000 0.280000 0.000000
vt -2.286587 0.273867 0.000000
vt -2.369868 0.428870 0.000000
vt -2.443347 0.394477 0.000000
vt -1.449273 0.240000 0.000000
vt -2.330000 0.255885 0.000000
vt -2.505707 0.343786 0.000000
vt -2.367279 0.227279 0.000000
vt -2.553165 0.279870 0.000000
vt -2.395885 0.190000 0.000000
vt -2.582843 0.206607 0.000000
vt -2.413867 0.146587 0.000000
vt -2.592940 0.128442 0.000000
vt -2.420000 0.100000 0.000000
vt -2.413867 0.053413 0.000000
vt -2.395885 0.010000 0.000000
vt -2.592940 -0.264193 0.000000
vt -2.367279 -0.027279 0.000000
vt -2.330000 -0.055885 0.000000
vt -2.286587 -0.073867 0.000000
vt -2.207943 -0.264193 0.000000
vt -2.240000 -0.080000 0.000000
vt -2.136387 -0.256122 0.000000
vt -2.193413 -0.073867 0.000000
vt -2.068501 -0.232317 0.000000
vt -2.007707 -0.193977 0.000000
vt -2.150000 -0.055885 0.000000
vt -1.957066 -0.143034 0.000000
vt -2.112721 -0.027279 0.000000
vt -1.919129 -0.082053 0.000000
vt -2.084115 0.010000 0.000000
vt -2.066133 0.053413 0.000000
vt 0.298099 5.299345 0.000000
vt 0.040024 5.299345 0.000000
vt 0.440024 5.010643 0.000000
vt 0.040024 4.943674 0.000000
vt 0.440024 4.652739 0.000000
vt 0.040024 4.588003 0.000000
vt 0.440024 4.294836 0.000000
vt 0.040024 4.232332 0.000000
vt 0.440024 3.936933 0.000000
vt 0.040024 3.876662 0.000000
vt 0.440024 3.579030 0.000000
vt 0.040024 3.520991 0.000000
vt 0.440024 3.221127 0.000000
vt 0.040024 3.165320 0.000000
vt 0.440024 2.863224 0.000000
vt 0.040024 2.809649 0.000000
vt 0.440024 2.505321 0.000000
vt 0.040024 2.453979 0.000000
vt 0.440024 2.147418 0.000000
vt 0.040024 2.098308 0.000000
vt 0.440024 1.789515 0.000000
vt 0.040024 1.742637 0.000000
vt 0.440024 1.431612 0.000000
vt 0.040024 1.386966 0.000000
vt 0.440024 1.073709 0.000000
vt 0.040024 1.031296 0.000000
vt 0.440024 0.715806 0.000000
vt 0.040024 0.675625 0.000000
vt 0.440024 0.357903 0.000000
vt 0.040024 0.319954 0.000000
vt 0.440024 0.000000 0.000000
vt 0.040024 -0.035717 0.000000
vt 0.440024 -0.357903 0.000000
vt 0.040024 -0.391387 0.000000
vt 0.440024 -0.715806 0.000000
vt 0.040024 -0.747058 0.000000
vt 0.440024 -1.073709 0.000000
vt 0.040024 -1.102729 0.000000
vt 0.440024 -1.431612 0.000000
vt 0.040024 -1.458400 0.000000
vt 0.440024 -1.789515 0.000000
vt 0.040024 -1.814070 0.000000
vt 0.440024 -2.147418 0.000000
vt 0.040024 -2.169741 0.000000
vt 0.440024 -2.505321 0.000000
vt 0.040024 -2.525412 0.000000
vt 0.440024 -2.863224 0.000000
vt 0.040024 -2.881083 0.000000
vt 0.440024 -3.221127 0.000000
vt 0.040024 -3.236753 0.000000
vt 0.440024 -3.579030 0.000000
vt 0.040024 -3.592424 0.000000
vt 0.440024 -3.936933 0.000000
vt 0.040024 -3.948095 0.000000
vt 0.440024 -4.294836 0.000000
vt 0.040024 -4.303766 0.000000
vt 0.440024 -4.652739 0.000000
vt 0.040024 -4.659436 0.000000
vt 0.440024 -5.010643 0.000000
vt 0.040024 -5.015107 0.000000
vt 0.440024 -5.368546 0.000000
vt 0.040024 -5.370778 0.000000
vt 0.440024 -5.726449 0.000000
vt 0.040024 -5.726449 0.000000
vt 0.440024 5.368546 0.000000
vt 0.295479 5.396036 0.000000
vt 0.293309 5.492727 0.000000
vt 0.291593 5.589417 0.000000
vt 0.347473 5.669424 0.000000
vt 0.440024 5.726449 0.000000
vt 0.383373 5.726449 0.000000
vt 0.304075 -2.498709 0.000000
vt 0.352024 -2.307925 0.000000
vt 0.323287 -2.172898 0.000000
vt 0.352024 -1.943956 0.000000
vt 0.032024 -2.172898 0.000000
vt 0.032024 -1.815359 0.000000
vt 0.352024 -1.579987 0.000000
vt 0.032024 -1.457820 0.000000
vt 0.352024 -1.216018 0.000000
vt 0.032024 -1.100281 0.000000
vt 0.352024 -0.852050 0.000000
vt 0.032024 -0.742742 0.000000
vt 0.352024 -0.488081 0.000000
vt 0.032024 -0.385203 0.000000
vt 0.352024 -0.124112 0.000000
vt 0.032024 -0.027665 0.000000
vt 0.352024 0.239856 0.000000
vt 0.032024 0.329874 0.000000
vt 0.352024 0.603825 0.000000
vt 0.032024 0.687413 0.000000
vt 0.352024 0.967794 0.000000
vt 0.032024 1.044952 0.000000
vt 0.352024 1.331763 0.000000
vt 0.032024 1.402491 0.000000
vt 0.352024 1.695731 0.000000
vt 0.032024 1.760030 0.000000
vt 0.352024 2.059700 0.000000
vt 0.032024 2.117569 0.000000
vt 0.352024 2.423669 0.000000
vt 0.032024 2.475107 0.000000
vt 0.352024 2.787637 0.000000
vt 0.032024 2.832646 0.000000
vt 0.352024 3.151606 0.000000
vt 0.032024 3.190185 0.000000
vt 0.352024 3.515575 0.000000
vt 0.032024 3.547724 0.000000
vt 0.352024 3.879543 0.000000
vt 0.032024 3.905263 0.000000
vt 0.352024 4.243512 0.000000
vt 0.032024 4.262802 0.000000
vt 0.352024 4.607481 0.000000
vt 0.032024 4.620341 0.000000
vt 0.352024 4.971450 0.000000
vt 0.032024 4.977879 0.000000
vt 0.352024 5.335418 0.000000
vt 0.032024 5.335418 0.000000
vt 0.352024 -2.671893 0.000000
vt 0.294370 -2.824521 0.000000
vt 0.352024 -3.035862 0.000000
vt 0.294458 -3.150333 0.000000
vt 0.352024 -3.399831 0.000000
vt 0.304336 -3.476145 0.000000
vt 0.352024 -3.763799 0.000000
vt 0.323714 -3.801956 0.000000
vt 0.352024 -4.127768 0.000000
vt 0.012775 -3.075797 0.000000
vt 0.012775 -2.782864 0.000000
vt -0.390006 -2.902059 0.000000
vt -0.626944 -2.667112 0.000000
vt -0.626944 -2.922607 0.000000
vt 0.012775 -2.489931 0.000000
vt -0.626944 -2.411616 0.000000
vt 0.012775 -2.196998 0.000000
vt -0.626944 -2.156120 0.000000
vt -0.458565 -2.136469 0.000000
vt 0.012775 -1.904065 0.000000
vt -0.462574 -1.913736 0.000000
vt -0.466589 -1.691129 0.000000
vt 0.012775 -1.611132 0.000000
vt -0.470476 -1.468644 0.000000
vt 0.012775 -1.318199 0.000000
vt -0.474104 -1.246277 0.000000
vt 0.012775 -1.025266 0.000000
vt -0.334292 -0.960882 0.000000
vt -0.269223 -0.809622 0.000000
vt 0.012775 -0.732333 0.000000
vt -0.211694 -0.654041 0.000000
vt 0.012775 -0.439400 0.000000
vt -0.163978 -0.494430 0.000000
vt -0.128050 -0.330448 0.000000
vt 0.012775 -0.146467 0.000000
vt -0.105973 -0.164410 0.000000
vt -0.098648 0.003018 0.000000
vt 0.012775 0.146467 0.000000
vt -0.106574 0.171156 0.000000
vt -0.129148 0.336532 0.000000
vt 0.012775 0.439400 0.000000
vt -0.165215 0.499231 0.000000
vt 0.012775 0.732333 0.000000
vt -0.213036 0.658052 0.000000
vt -0.270306 0.812258 0.000000
vt 0.012775 1.025266 0.000000
vt -0.334910 0.962286 0.000000
vt -0.474104 1.246275 0.000000
vt 0.012775 1.318199 0.000000
vt -0.470476 1.468642 0.000000
vt 0.012775 1.611132 0.000000
vt -0.466589 1.691126 0.000000
vt 0.012775 1.904065 0.000000
vt -0.462574 1.913733 0.000000
vt -0.458565 2.136466 0.000000
vt 0.012775 2.196998 0.000000
vt -0.626944 2.156118 0.000000
vt -0.626944 2.411615 0.000000
vt 0.012775 2.489931 0.000000
vt -0.626944 2.667112 0.000000
vt 0.012775 2.782864 0.000000
vt -0.390001 2.902061 0.000000
vt 0.012775 3.075797 0.000000
vt -0.626944 2.922610 0.000000
vt -0.586823 -3.567413 0.000000
vt 0.014000 -3.579734 0.000000
vt -0.686961 -3.524008 0.000000
vt 0.014000 -3.273750 0.000000
vt -0.686961 -3.251068 0.000000
vt 0.014000 -2.967765 0.000000
vt -0.686961 -2.978128 0.000000
vt -0.686961 -2.705188 0.000000
vt 0.014000 -2.661780 0.000000
vt -0.686961 -2.420477 0.000000
vt 0.014000 -2.355795 0.000000
vt -0.386549 -2.108418 0.000000
vt 0.014000 -2.049810 0.000000
vt -0.386549 -1.977331 0.000000
vt -0.386549 -1.846243 0.000000
vt 0.014000 -1.743825 0.000000
vt -0.386549 -1.715155 0.000000
vt 0.014000 -1.437840 0.000000
vt -0.686961 -1.566343 0.000000
vt -0.686961 -1.281632 0.000000
vt 0.014000 -1.131855 0.000000
vt -0.686961 -0.996921 0.000000
vt 0.014000 -0.825870 0.000000
vt -0.686961 -0.686112 0.000000
vt 0.014000 -0.519886 0.000000
vt -0.686961 -0.375303 0.000000
vt 0.014000 -0.213901 0.000000
vt -0.686961 -0.064495 0.000000
vt 0.014000 0.092084 0.000000
vt -0.615093 0.074994 0.000000
vt -0.555824 0.102394 0.000000
vt -0.463155 0.145013 0.000000
vt 0.014000 0.398069 0.000000
vt -0.467553 0.395789 0.000000
vt -0.471864 0.646524 0.000000
vt 0.014000 0.704054 0.000000
vt -0.475944 0.897219 0.000000
vt 0.014000 1.010039 0.000000
vt -0.479658 1.147876 0.000000
vt 0.014000 1.316024 0.000000
vt -0.333896 1.442139 0.000000
vt 0.014000 1.622009 0.000000
vt -0.268304 1.594882 0.000000
vt -0.210816 1.750666 0.000000
vt 0.014000 1.927993 0.000000
vt -0.163264 1.910029 0.000000
vt -0.127683 2.072466 0.000000
vt 0.014000 2.233978 0.000000
vt -0.105721 2.236368 0.000000
vt -0.098235 2.402285 0.000000
vt 0.014000 2.539963 0.000000
vt -0.105760 2.567961 0.000000
vt -0.127731 2.731715 0.000000
vt 0.014000 2.845948 0.000000
vt -0.163271 2.893870 0.000000
vt 0.014000 3.151933 0.000000
vt -0.210559 3.052474 0.000000
vt -0.267700 3.207551 0.000000
vt 0.014000 3.457918 0.000000
vt -0.332924 3.359562 0.000000
vt -0.479658 3.656004 0.000000
vt 0.014000 3.763903 0.000000
vt -0.477717 3.790611 0.000000
vt -0.475653 3.925228 0.000000
vt 0.014000 4.069888 0.000000
vt -0.473486 4.059856 0.000000
vt -0.661714 0.242771 0.000000
vt -0.686961 0.246314 0.000000
vt -0.586823 -1.711410 0.000000
vt -0.686961 -1.851054 0.000000
vt -0.586823 -1.844995 0.000000
vt -0.586823 -1.978579 0.000000
vt -0.686961 -2.135766 0.000000
vt -0.586823 -2.112163 0.000000
vt -0.586823 -3.650144 0.000000
vt -0.686961 -3.796948 0.000000
vt -0.586823 -3.732874 0.000000
vt -0.586823 -3.815605 0.000000
vt -0.595545 -3.937805 0.000000
vt -0.686961 -4.069888 0.000000
vt -0.621968 -4.060765 0.000000
vt -0.665297 -4.066847 0.000000
vt -0.643633 -4.063807 0.000000
vt 0.085940 -0.019246 0.000000
vt 0.562029 -0.019246 0.000000
vt 0.115424 0.017869 0.000000
vt 0.210797 0.152648 0.000000
vt 0.554270 0.224810 0.000000
vt 0.288818 0.295996 0.000000
vt 0.347736 0.448917 0.000000
vt 0.558386 0.468865 0.000000
vt 0.373867 0.551819 0.000000
vt 0.382712 0.599739 0.000000
vt 0.574175 0.712920 0.000000
vt 0.396273 0.681212 0.000000
vt 0.398094 0.691784 0.000000
vt 0.399928 0.702353 0.000000
vt 0.401775 0.712920 0.000000
vt 0.012497 -0.547161 0.000000
vt 0.001186 -0.575227 0.000000
vt 0.012497 -0.596903 0.000000
vt 0.001365 -0.596903 0.000000
vt 0.012497 0.596903 0.000000
vt 0.001365 0.596903 0.000000
vt 0.002166 0.560302 0.000000
vt 0.012497 -0.497419 0.000000
vt 0.001744 -0.517290 0.000000
vt 0.001288 -0.546257 0.000000
vt 0.002653 -0.482906 0.000000
vt 0.012497 -0.447677 0.000000
vt 0.003807 -0.448529 0.000000
vt 0.005134 -0.410951 0.000000
vt 0.012497 -0.397935 0.000000
vt 0.006296 -0.373366 0.000000
vt 0.012497 -0.348193 0.000000
vt 0.007079 -0.335913 0.000000
vt 0.012497 -0.298451 0.000000
vt 0.007360 -0.298451 0.000000
vt 0.006931 -0.251752 0.000000
vt 0.012497 -0.248709 0.000000
vt 0.006089 -0.216116 0.000000
vt 0.012497 -0.198968 0.000000
vt 0.004947 -0.180488 0.000000
vt 0.012497 -0.149226 0.000000
vt 0.003608 -0.142724 0.000000
vt 0.012497 -0.099484 0.000000
vt 0.002382 -0.104957 0.000000
vt 0.001633 -0.074078 0.000000
vt 0.012497 -0.049742 0.000000
vt 0.001225 -0.043193 0.000000
vt 0.001213 -0.015798 0.000000
vt 0.012497 0.000000 0.000000
vt 0.001552 0.011592 0.000000
vt 0.001566 0.012347 0.000000
vt 0.012497 0.049742 0.000000
vt 0.002568 0.048945 0.000000
vt 0.004087 0.085480 0.000000
vt 0.012497 0.099484 0.000000
vt 0.005951 0.122013 0.000000
vt 0.012497 0.149226 0.000000
vt 0.007929 0.158477 0.000000
vt 0.009779 0.195018 0.000000
vt 0.012497 0.198968 0.000000
vt 0.011259 0.231519 0.000000
vt 0.012497 0.248709 0.000000
vt 0.012177 0.268085 0.000000
vt 0.012497 0.298451 0.000000
vt 0.012417 0.304603 0.000000
vt 0.012497 0.348193 0.000000
vt 0.011938 0.341173 0.000000
vt 0.010816 0.377663 0.000000
vt 0.012497 0.397935 0.000000
vt 0.009185 0.414209 0.000000
vt 0.012497 0.447677 0.000000
vt 0.007267 0.450671 0.000000
vt 0.005297 0.487216 0.000000
vt 0.012497 0.497419 0.000000
vt 0.003527 0.523729 0.000000
vt 0.012497 0.547161 0.000000
vt 0.089976 -3.688462 0.000000
vt -0.010024 -3.688462 0.000000
vt 0.089976 -3.983539 0.000000
vt -0.010024 -3.983539 0.000000
vt 0.089976 3.983539 0.000000
vt -0.010024 3.983539 0.000000
vt 0.089976 3.688462 0.000000
vt -0.010024 3.688462 0.000000
vt 0.089976 3.393385 0.000000
vt -0.010024 3.393385 0.000000
vt 0.089976 3.098308 0.000000
vt -0.010024 3.098308 0.000000
vt 0.089976 2.803231 0.000000
vt -0.010024 2.803231 0.000000
vt 0.089976 2.508154 0.000000
vt -0.010024 2.508154 0.000000
vt 0.089976 2.213077 0.000000
vt -0.010024 2.213077 0.000000
vt 0.089976 1.918000 0.000000
vt -0.010024 1.918000 0.000000
vt 0.089976 1.622923 0.000000
vt -0.010024 1.622923 0.000000
vt 0.089976 1.327846 0.000000
vt -0.010024 1.327846 0.000000
vt 0.089976 1.032769 0.000000
vt -0.010024 1.032769 0.000000
vt 0.089976 0.737692 0.000000
vt -0.010024 0.737692 0.000000
vt 0.089976 0.442615 0.000000
vt -0.010024 0.442615 0.000000
vt 0.089976 0.147538 0.000000
vt -0.010024 0.147538 0.000000
vt 0.089976 -0.147538 0.000000
vt -0.010024 -0.147538 0.000000
vt 0.089976 -0.442615 0.000000
vt -0.010024 -0.442615 0.000000
vt 0.089976 -0.737692 0.000000
vt -0.010024 -0.737692 0.000000
vt 0.089976 -1.032769 0.000000
vt -0.010024 -1.032769 0.000000
vt 0.089976 -1.327846 0.000000
vt -0.010024 -1.327846 0.000000
vt 0.089976 -1.622923 0.000000
vt -0.010024 -1.622923 0.000000
vt 0.089976 -1.918000 0.000000
vt -0.010024 -1.918000 0.000000
vt 0.089976 -2.213077 0.000000
vt -0.010024 -2.213077 0.000000
vt 0.089976 -2.508154 0.000000
vt -0.010024 -2.508154 0.000000
vt 0.089976 -2.803231 0.000000
vt -0.010024 -2.803231 0.000000
vt 0.089976 -3.098308 0.000000
vt -0.010024 -3.098308 0.000000
vt 0.089976 -3.393385 0.000000
vt -0.010024 -3.393385 0.000000
vt -0.010970 -0.633555 0.000000
vt -0.118447 -0.633555 0.000000
vt -0.010970 -0.691150 0.000000
vt -0.120435 -0.691150 0.000000
vt -0.010970 0.691150 0.000000
vt -0.120435 0.691150 0.000000
vt -0.118447 0.633555 0.000000
vt -0.116594 -0.575959 0.000000
vt -0.010970 -0.575959 0.000000
vt -0.115003 -0.518363 0.000000
vt -0.010970 -0.518363 0.000000
vt -0.113782 -0.460767 0.000000
vt -0.010970 -0.460767 0.000000
vt -0.113015 -0.403171 0.000000
vt -0.010970 -0.403171 0.000000
vt -0.112753 -0.345575 0.000000
vt -0.010970 -0.345575 0.000000
vt -0.010970 -0.287979 0.000000
vt -0.113015 -0.287979 0.000000
vt -0.010970 -0.230383 0.000000
vt -0.113782 -0.230383 0.000000
vt -0.010970 -0.172788 0.000000
vt -0.115003 -0.172788 0.000000
vt -0.010970 -0.115192 0.000000
vt -0.116594 -0.115192 0.000000
vt -0.010970 -0.057596 0.000000
vt -0.118447 -0.057596 0.000000
vt -0.010970 0.000000 0.000000
vt -0.120435 0.000000 0.000000
vt -0.118447 0.057596 0.000000
vt -0.010970 0.057596 0.000000
vt -0.116594 0.115192 0.000000
vt -0.010970 0.115192 0.000000
vt -0.115003 0.172788 0.000000
vt -0.010970 0.172788 0.000000
vt -0.113782 0.230383 0.000000
vt -0.010970 0.230383 0.000000
vt -0.113015 0.287979 0.000000
vt -0.010970 0.287979 0.000000
vt -0.112753 0.345575 0.000000
vt -0.010970 0.345575 0.000000
vt -0.010970 0.403171 0.000000
vt -0.113015 0.403171 0.000000
vt -0.010970 0.460767 0.000000
vt -0.113782 0.460767 0.000000
vt -0.010970 0.518363 0.000000
vt -0.115003 0.518363 0.000000
vt -0.010970 0.575959 0.000000
vt -0.116594 0.575959 0.000000
vt -0.010970 0.633555 0.000000
vt 0.066024 -0.518363 0.000000
vt 0.006024 -0.518363 0.000000
vt 0.066024 -0.565487 0.000000
vt 0.006024 -0.565487 0.000000
vt 0.066024 0.565487 0.000000
vt 0.006024 0.565487 0.000000
vt 0.066024 0.518363 0.000000
vt 0.006024 0.518363 0.000000
vt 0.066024 0.471239 0.000000
vt 0.006024 0.471239 0.000000
vt 0.066024 0.424115 0.000000
vt 0.006024 0.424115 0.000000
vt 0.066024 0.376991 0.000000
vt 0.006024 0.376991 0.000000
vt 0.066024 0.329867 0.000000
vt 0.006024 0.329867 0.000000
vt 0.066024 0.282743 0.000000
vt 0.006024 0.282743 0.000000
vt 0.066024 0.235619 0.000000
vt 0.006024 0.235619 0.000000
vt 0.066024 0.188496 0.000000
vt 0.006024 0.188496 0.000000
vt 0.066024 0.141372 0.000000
vt 0.006024 0.141372 0.000000
vt 0.066024 0.094248 0.000000
vt 0.006024 0.094248 0.000000
vt 0.066024 0.047124 0.000000
vt 0.006024 0.047124 0.000000
vt 0.066024 0.000000 0.000000
vt 0.006024 0.000000 0.000000
vt 0.066024 -0.047124 0.000000
vt 0.006024 -0.047124 0.000000
vt 0.066024 -0.094248 0.000000
vt 0.006024 -0.094248 0.000000
vt 0.066024 -0.141372 0.000000
vt 0.006024 -0.141372 0.000000
vt 0.066024 -0.188496 0.000000
vt 0.006024 -0.188496 0.000000
vt 0.066024 -0.235619 0.000000
vt 0.006024 -0.235619 0.000000
vt 0.066024 -0.282743 0.000000
vt 0.006024 -0.282743 0.000000
vt 0.066024 -0.329867 0.000000
vt 0.006024 -0.329867 0.000000
vt 0.066024 -0.376991 0.000000
vt 0.006024 -0.376991 0.000000
vt 0.066024 -0.424115 0.000000
vt 0.006024 -0.424115 0.000000
vt 0.066024 -0.471239 0.000000
vt 0.006024 -0.471239 0.000000
vt -1.050745 0.777459 0.000000
vt -1.050745 0.223100 0.000000
vt -1.041436 0.777148 0.000000
vt -1.032128 0.776840 0.000000
vt -1.022819 0.776536 0.000000
vt -0.473125 0.265341 0.000000
vt -0.473125 0.799387 0.000000
vt 0.104494 0.799387 0.000000
vt -0.348967 1.315231 0.000000
vt 0.166638 1.312695 0.000000
vt 0.682114 0.793833 0.000000
vt 0.682114 1.324569 0.000000
vt -0.473125 -0.266855 0.000000
vt -1.050745 -0.331258 0.000000
vt -0.473125 -0.799050 0.000000
vt -0.981166 -0.883061 0.000000
vt -0.762957 -1.076914 0.000000
vt -0.913229 -0.953278 0.000000
vt -0.840351 -1.017995 0.000000
vt -1.050745 -0.885617 0.000000
vt -1.027553 -0.884744 0.000000
vt -1.004360 -0.883893 0.000000
vt -0.281349 -1.318622 0.000000
vt -0.762957 -1.162047 0.000000
vt -0.762957 -1.247180 0.000000
vt -0.762957 -1.332312 0.000000
vt 0.104494 -0.798712 0.000000
vt 0.200450 -1.317571 0.000000
vt 0.682114 -0.798375 0.000000
vt 0.682114 -1.329111 0.000000
vt 0.682114 -0.267639 0.000000
vt 0.104494 -0.267247 0.000000
vt 0.682114 0.263097 0.000000
vt 0.104494 0.264219 0.000000
vt -0.864300 1.332312 0.000000
vt -0.864300 1.207052 0.000000
vt -0.864300 1.081792 0.000000
vt -0.864300 0.956532 0.000000
vt -0.920790 0.900051 0.000000
vt -0.973703 0.839983 0.000000
vt -0.265204 -6.843934 0.000000
vt -0.411660 -6.831006 0.000000
vt -0.266964 -7.382706 0.000000
vt -0.411660 -7.382706 0.000000
vt -0.266964 -7.934407 0.000000
vt -0.411660 -7.934407 0.000000
vt -0.330985 -8.477258 0.000000
vt -0.371322 -8.481454 0.000000
vt -0.411660 -8.486108 0.000000
vt -0.290640 -8.473528 0.000000
vt -0.290160 -8.473488 0.000000
vt -0.207624 -8.467349 0.000000
vt -0.122268 -8.463117 0.000000
vt -0.122268 -7.925828 0.000000
vt -0.122268 -7.388540 0.000000
vt -0.122268 -6.851251 0.000000
vt 3.540000 -1.180715 0.000000
vt 1.945000 -1.180715 0.000000
vt 3.540000 -1.288053 0.000000
vt 1.945000 -1.288053 0.000000
vt 3.540000 1.288053 0.000000
vt 1.945000 1.288053 0.000000
vt 3.540000 1.180715 0.000000
vt 1.945000 1.180715 0.000000
vt 3.540000 1.073377 0.000000
vt 1.945000 1.073377 0.000000
vt 3.540000 0.966040 0.000000
vt 1.945000 0.966040 0.000000
vt 3.540000 0.858702 0.000000
vt 1.945000 0.858702 0.000000
vt 1.942953 0.780485 0.000000
vt 1.915304 0.789302 0.000000
vt 1.887256 0.792227 0.000000
vt 0.350000 0.858702 0.000000
vt 0.350000 0.751364 0.000000
vt 1.945000 -1.073377 0.000000
vt 3.540000 -1.073377 0.000000
vt 1.945000 -0.966040 0.000000
vt 3.540000 -0.966040 0.000000
vt 1.945000 -0.858702 0.000000
vt 3.540000 -0.858702 0.000000
vt 1.948436 -0.780325 0.000000
vt 3.540000 -0.751364 0.000000
vt 1.973722 -0.765948 0.000000
vt 1.995227 -0.747575 0.000000
vt 2.012918 -0.725491 0.000000
vt 2.026587 -0.699810 0.000000
vt 3.540000 -0.644026 0.000000
vt 2.034933 -0.672001 0.000000
vt 2.037698 -0.643920 0.000000
vt 2.034887 -0.615834 0.000000
vt 2.026496 -0.588035 0.000000
vt 3.540000 -0.536689 0.000000
vt 2.012789 -0.562378 0.000000
vt 1.995071 -0.540329 0.000000
vt 1.973530 -0.521982 0.000000
vt 1.948219 -0.507643 0.000000
vt 3.540000 -0.429351 0.000000
vt 1.945000 -0.429351 0.000000
vt 1.945000 -0.322013 0.000000
vt 0.350000 -0.322013 0.000000
vt 0.350000 -0.214675 0.000000
vt 1.945000 -0.214675 0.000000
vt 0.350000 -0.107338 0.000000
vt 1.945000 -0.107338 0.000000
vt 0.350000 0.000000 0.000000
vt 1.945000 0.000000 0.000000
vt 0.350000 0.107338 0.000000
vt 1.945000 0.107338 0.000000
vt 0.350000 0.214675 0.000000
vt 1.945000 0.214675 0.000000
vt 0.350000 0.322013 0.000000
vt 1.945000 0.322013 0.000000
vt 0.350000 0.429351 0.000000
vt 1.945000 0.429351 0.000000
vt 1.887479 0.495814 0.000000
vt 1.915533 0.498787 0.000000
vt 1.943170 0.507652 0.000000
vt 3.540000 0.429351 0.000000
vt 3.540000 0.536689 0.000000
vt 3.540000 -0.322013 0.000000
vt 3.540000 -0.214675 0.000000
vt 3.540000 -0.107338 0.000000
vt 3.540000 0.000000 0.000000
vt 3.540000 0.107338 0.000000
vt 3.540000 0.214675 0.000000
vt 3.540000 0.322013 0.000000
vt 3.540000 0.644026 0.000000
vt 2.021238 0.588222 0.000000
vt 2.007607 0.562520 0.000000
vt 1.989948 0.540415 0.000000
vt 3.540000 0.751364 0.000000
vt 2.021148 0.700039 0.000000
vt 2.029510 0.672225 0.000000
vt 2.032308 0.644133 0.000000
vt 1.968263 0.766152 0.000000
vt 1.989792 0.747787 0.000000
vt 0.350000 1.180715 0.000000
vt 0.350000 1.288053 0.000000
vt 0.350000 -1.288053 0.000000
vt 0.350000 -1.180715 0.000000
vt 0.350000 -1.073377 0.000000
vt 0.350000 -0.966040 0.000000
vt 0.350000 -0.858702 0.000000
vt 1.892744 -0.792239 0.000000
vt 1.920802 -0.789221 0.000000
vt 0.350000 1.073377 0.000000
vt 0.350000 0.966040 0.000000
vt 0.350000 0.644026 0.000000
vt 1.753414 0.699800 0.000000
vt 1.767083 0.725481 0.000000
vt 1.784773 0.747564 0.000000
vt 0.350000 0.536689 0.000000
vt 1.753504 0.588023 0.000000
vt 1.745113 0.615822 0.000000
vt 1.742302 0.643909 0.000000
vt 1.859427 0.498784 0.000000
vt 1.831782 0.507632 0.000000
vt 1.806471 0.521969 0.000000
vt 0.350000 -0.429351 0.000000
vt 1.892521 -0.495826 0.000000
vt 1.920574 -0.498795 0.000000
vt 0.350000 -0.536689 0.000000
vt 1.864468 -0.498798 0.000000
vt 1.836831 -0.507663 0.000000
vt 1.811547 -0.522035 0.000000
vt 1.790053 -0.540427 0.000000
vt 1.772394 -0.562530 0.000000
vt 1.758762 -0.588232 0.000000
vt 0.350000 -0.644026 0.000000
vt 1.750445 -0.616057 0.000000
vt 1.747692 -0.644144 0.000000
vt 1.750490 -0.672237 0.000000
vt 1.758852 -0.700052 0.000000
vt 0.350000 -0.751364 0.000000
vt 1.772523 -0.725730 0.000000
vt 1.790208 -0.747798 0.000000
vt 1.811738 -0.766164 0.000000
vt 1.837048 -0.780497 0.000000
vt 1.864697 -0.789314 0.000000
vt 1.784929 0.540317 0.000000
vt 1.767212 0.562366 0.000000
vt 1.745068 0.671990 0.000000
vt 1.806279 0.765937 0.000000
vt 1.831565 0.780314 0.000000
vt 1.859198 0.789209 0.000000
vt 2.007478 0.725718 0.000000
vt 2.029555 0.616046 0.000000
vt 1.968455 0.522025 0.000000
vt -0.579555 -0.155291 0.000000
vt -0.396030 -0.106116 0.000000
vt -0.600000 0.000000 0.000000
vt -0.410000 0.000000 0.000000
vt -0.396030 0.106116 0.000000
vt -0.355070 -0.205000 0.000000
vt -0.519615 -0.300000 0.000000
vt -0.289914 -0.289914 0.000000
vt -0.424264 -0.424264 0.000000
vt -0.205000 -0.355070 0.000000
vt -0.300000 -0.519615 0.000000
vt -0.106116 -0.396030 0.000000
vt -0.155291 -0.579555 0.000000
vt 0.000000 -0.410000 0.000000
vt 0.000000 -0.600000 0.000000
vt 0.155291 -0.579555 0.000000
vt 0.106116 -0.396030 0.000000
vt 0.300000 -0.519615 0.000000
vt 0.205000 -0.355070 0.000000
vt 0.424264 -0.424264 0.000000
vt 0.289914 -0.289914 0.000000
vt 0.519615 -0.300000 0.000000
vt 0.355070 -0.205000 0.000000
vt 0.579555 -0.155291 0.000000
vt 0.396030 -0.106116 0.000000
vt 0.410000 0.000000 0.000000
vt 0.600000 0.000000 0.000000
vt 0.396030 0.106116 0.000000
vt 0.579555 0.155291 0.000000
vt 0.355070 0.205000 0.000000
vt 0.519615 0.300000 0.000000
vt 0.289914 0.289914 0.000000
vt 0.424264 0.424264 0.000000
vt 0.205000 0.355070 0.000000
vt 0.300000 0.519615 0.000000
vt 0.106116 0.396030 0.000000
vt 0.155291 0.579555 0.000000
vt 0.000000 0.410000 0.000000
vt 0.000000 0.600000 0.000000
vt -0.155291 0.579555 0.000000
vt -0.106116 0.396030 0.000000
vt -0.300000 0.519615 0.000000
vt -0.205000 0.355070 0.000000
vt -0.424264 0.424264 0.000000
vt -0.289914 0.289914 0.000000
vt -0.519615 0.300000 0.000000
vt -0.355070 0.205000 0.000000
vt -0.579555 0.155291 0.000000
vt 0.350000 -1.727876 0.000000
vt -0.100000 -1.727876 0.000000
vt 0.350000 -1.884956 0.000000
vt -0.100000 -1.884956 0.000000
vt 0.350000 1.884956 0.000000
vt -0.100000 1.884956 0.000000
vt 0.350000 1.727876 0.000000
vt -0.100000 1.727876 0.000000
vt 0.350000 1.570796 0.000000
vt -0.100000 1.570796 0.000000
vt 0.350000 1.413717 0.000000
vt -0.100000 1.413717 0.000000
vt 0.350000 1.256637 0.000000
vt -0.100000 1.256637 0.000000
vt 0.350000 1.099557 0.000000
vt -0.100000 1.099557 0.000000
vt 0.350000 0.942478 0.000000
vt -0.100000 0.942478 0.000000
vt 0.350000 0.785398 0.000000
vt -0.100000 0.785398 0.000000
vt 0.350000 0.628319 0.000000
vt -0.100000 0.628319 0.000000
vt 0.350000 0.471239 0.000000
vt -0.100000 0.471239 0.000000
vt 0.350000 0.314159 0.000000
vt -0.100000 0.314159 0.000000
vt 0.350000 0.157080 0.000000
vt -0.100000 0.157080 0.000000
vt 0.350000 0.000000 0.000000
vt -0.100000 0.000000 0.000000
vt 0.350000 -0.157080 0.000000
vt -0.100000 -0.157080 0.000000
vt 0.350000 -0.314159 0.000000
vt -0.100000 -0.314159 0.000000
vt 0.350000 -0.471239 0.000000
vt -0.100000 -0.471239 0.000000
vt 0.350000 -0.628319 0.000000
vt -0.100000 -0.628319 0.000000
vt 0.350000 -0.785398 0.000000
vt -0.100000 -0.785398 0.000000
vt 0.350000 -0.942478 0.000000
vt -0.100000 -0.942478 0.000000
vt 0.350000 -1.099557 0.000000
vt -0.100000 -1.099557 0.000000
vt 0.350000 -1.256637 0.000000
vt -0.100000 -1.256637 0.000000
vt 0.350000 -1.413717 0.000000
vt -0.100000 -1.413717 0.000000
vt 0.350000 -1.570796 0.000000
vt -0.100000 -1.570796 0.000000
vt -0.579555 -0.155291 0.000000
vt -0.396030 -0.106116 0.000000
vt -0.600000 0.000000 0.000000
vt -0.410000 0.000000 0.000000
vt -0.396030 0.106116 0.000000
vt -0.355070 -0.205000 0.000000
vt -0.519615 -0.300000 0.000000
vt -0.289914 -0.289914 0.000000
vt -0.424264 -0.424264 0.000000
vt -0.205000 -0.355070 0.000000
vt -0.300000 -0.519615 0.000000
vt -0.106116 -0.396030 0.000000
vt -0.155291 -0.579555 0.000000
vt 0.000000 -0.410000 0.000000
vt 0.000000 -0.600000 0.000000
vt 0.155291 -0.579555 0.000000
vt 0.106116 -0.396030 0.000000
vt 0.300000 -0.519615 0.000000
vt 0.205000 -0.355070 0.000000
vt 0.424264 -0.424264 0.000000
vt 0.289914 -0.289914 0.000000
vt 0.519615 -0.300000 0.000000
vt 0.355070 -0.205000 0.000000
vt 0.579555 -0.155291 0.000000
vt 0.396030 -0.106116 0.000000
vt 0.410000 0.000000 0.000000
vt 0.600000 0.000000 0.000000
vt 0.396030 0.106116 0.000000
vt 0.579555 0.155291 0.000000
vt 0.355070 0.205000 0.000000
vt 0.519615 0.300000 0.000000
vt 0.289914 0.289914 0.000000
vt 0.424264 0.424264 0.000000
vt 0.205000 0.355070 0.000000
vt 0.300000 0.519615 0.000000
vt 0.106116 0.396030 0.000000
vt 0.155291 0.579555 0.000000
vt 0.000000 0.410000 0.000000
vt 0.000000 0.600000 0.000000
vt -0.155291 0.579555 0.000000
vt -0.106116 0.396030 0.000000
vt -0.300000 0.519615 0.000000
vt -0.205000 0.355070 0.000000
vt -0.424264 0.424264 0.000000
vt -0.289914 0.289914 0.000000
vt -0.519615 0.300000 0.000000
vt -0.355070 0.205000 0.000000
vt -0.579555 0.155291 0.000000
vt 0.350000 -1.727876 0.000000
vt 0.000000 -1.727876 0.000000
vt 0.350000 -1.884956 0.000000
vt 0.000000 -1.884956 0.000000
vt 0.350000 1.884956 0.000000
vt 0.000000 1.884956 0.000000
vt 0.350000 1.727876 0.000000
vt -0.000000 1.727876 0.000000
vt 0.350000 1.570796 0.000000
vt -0.000000 1.570796 0.000000
vt 0.350000 1.413717 0.000000
vt -0.000000 1.413717 0.000000
vt 0.350000 1.256637 0.000000
vt -0.000000 1.256637 0.000000
vt 0.350000 1.099557 0.000000
vt -0.000000 1.099557 0.000000
vt 0.350000 0.942478 0.000000
vt -0.000000 0.942478 0.000000
vt 0.350000 0.785398 0.000000
vt -0.000000 0.785398 0.000000
vt 0.350000 0.628319 0.000000
vt -0.000000 0.628319 0.000000
vt 0.350000 0.471239 0.000000
vt -0.000000 0.471239 0.000000
vt 0.350000 0.314159 0.000000
vt -0.000000 0.314159 0.000000
vt 0.350000 0.157080 0.000000
vt -0.000000 0.157080 0.000000
vt 0.350000 0.000000 0.000000
vt 0.000000 0.000000 0.000000
vt 0.350000 -0.157080 0.000000
vt 0.000000 -0.157080 0.000000
vt 0.350000 -0.314159 0.000000
vt 0.000000 -0.314159 0.000000
vt 0.350000 -0.471239 0.000000
vt 0.000000 -0.471239 0.000000
vt 0.350000 -0.628319 0.000000
vt 0.000000 -0.628319 0.000000
vt 0.350000 -0.785398 0.000000
vt 0.000000 -0.785398 0.000000
vt 0.350000 -0.942478 0.000000
vt 0.000000 -0.942478 0.000000
vt 0.350000 -1.099557 0.000000
vt 0.000000 -1.099557 0.000000
vt 0.350000 -1.256637 0.000000
vt 0.000000 -1.256637 0.000000
vt 0.350000 -1.413717 0.000000
vt 0.000000 -1.413717 0.000000
vt 0.350000 -1.570796 0.000000
vt 0.000000 -1.570796 0.000000
vt -0.600028 5.614054 0.000000
vt -0.713205 5.577755 0.000000
vt -0.600028 5.290498 0.000000
vt -1.053995 5.461799 0.000000
vt -0.713205 5.217900 0.000000
vt -1.168982 5.255473 0.000000
vt -1.317488 5.071093 0.000000
vt -0.600028 5.937610 0.000000
vt -0.713205 5.937610 0.000000
vt -0.979314 5.684427 0.000000
vt -0.600028 -5.937610 0.000000
vt -0.600028 -5.614054 0.000000
vt -0.713205 -5.937610 0.000000
vt -0.970870 -5.724460 0.000000
vt -0.970870 6.150760 0.000000
vt -0.950617 5.917160 0.000000
vt -0.713205 -5.577755 0.000000
vt -0.600028 -5.290498 0.000000
vt -1.037833 -5.499743 0.000000
vt -1.146270 -5.290108 0.000000
vt -0.713205 -5.217900 0.000000
vt -1.289343 -5.101583 0.000000
vt -1.076132 -4.863812 0.000000
vt -1.420089 -4.951915 0.000000
vt 0.000000 -5.307337 0.000000
vt 0.000000 -4.945284 0.000000
vt -0.713205 -4.858045 0.000000
vt -0.715392 -4.800658 0.000000
vt 0.000000 -4.583231 0.000000
vt -0.713205 -4.498189 0.000000
vt -0.801461 -4.491695 0.000000
vt -0.873694 -4.187216 0.000000
vt -0.713205 -4.138334 0.000000
vt -1.177114 -4.154576 0.000000
vt -0.968122 -3.894687 0.000000
vt -0.713205 -3.778479 0.000000
vt -0.879870 -3.754036 0.000000
vt -0.804258 -3.606976 0.000000
vt 0.000000 -3.497072 0.000000
vt -0.742776 -3.453757 0.000000
vt -0.713205 -3.418624 0.000000
vt -0.697090 -3.295041 0.000000
vt 0.000000 -3.135019 0.000000
vt 0.000000 -4.221178 0.000000
vt 0.000000 -3.859125 0.000000
vt 0.000000 -2.772966 0.000000
vt -0.659514 -2.969147 0.000000
vt -0.669054 -3.133387 0.000000
vt 0.000000 -2.410912 0.000000
vt -0.697018 -2.642864 0.000000
vt -0.669002 -2.804667 0.000000
vt 0.000000 -2.048859 0.000000
vt -0.713205 -2.339059 0.000000
vt -0.742772 -2.483873 0.000000
vt 0.000000 -1.686806 0.000000
vt -0.713205 -1.979203 0.000000
vt -0.880637 -2.182202 0.000000
vt -0.804579 -2.329920 0.000000
vt 0.000000 -1.324753 0.000000
vt -0.713205 -1.619348 0.000000
vt -0.873694 -1.750394 0.000000
vt -1.177114 -1.783034 0.000000
vt -0.969483 -2.040948 0.000000
vt 0.000000 -0.962700 0.000000
vt -0.490061 -1.063458 0.000000
vt -0.713205 -1.259493 0.000000
vt -0.801196 -1.444876 0.000000
vt -0.715392 -1.136953 0.000000
vt -1.052120 -1.078847 0.000000
vt -0.490061 -0.708972 0.000000
vt 0.000000 -0.600647 0.000000
vt -0.490061 -0.354486 0.000000
vt 0.000000 -0.238594 0.000000
vt -0.240007 -0.189477 0.000000
vt -0.203630 -0.185916 0.000000
vt -0.168624 -0.175481 0.000000
vt -0.136306 -0.158600 0.000000
vt -0.107784 -0.135873 0.000000
vt -0.084186 -0.108227 0.000000
vt -0.066274 -0.076558 0.000000
vt -0.054783 -0.042145 0.000000
vt 0.000000 0.123459 0.000000
vt -0.050100 -0.006118 0.000000
vt -0.052421 0.030081 0.000000
vt -0.061668 0.065228 0.000000
vt -0.077466 0.097934 0.000000
vt -0.099270 0.127094 0.000000
vt -0.126203 0.151548 0.000000
vt -0.157377 0.170486 0.000000
vt 0.000000 0.485512 0.000000
vt -0.191598 0.183148 0.000000
vt -0.227668 0.189059 0.000000
vt -0.490061 0.354486 0.000000
vt -0.228421 0.189108 0.000000
vt -0.255788 0.188841 0.000000
vt -0.282834 0.184646 0.000000
vt -0.312231 0.175317 0.000000
vt -0.339720 0.161357 0.000000
vt -0.369701 0.138538 0.000000
vt -0.394574 0.110261 0.000000
vt -0.490061 0.000000 0.000000
vt -0.412474 0.079584 0.000000
vt -0.424329 0.046113 0.000000
vt -0.430041 0.000000 0.000000
vt -0.426359 -0.037124 0.000000
vt -0.415458 -0.072807 0.000000
vt -0.397688 -0.105782 0.000000
vt -0.373773 -0.134630 0.000000
vt -0.347301 -0.156444 0.000000
vt -0.317320 -0.173146 0.000000
vt -0.290061 -0.182835 0.000000
vt -0.261638 -0.188271 0.000000
vt -0.490061 0.708972 0.000000
vt 0.000000 0.847565 0.000000
vt -0.490061 1.063458 0.000000
vt 0.000000 1.209618 0.000000
vt -0.713205 1.259493 0.000000
vt 0.000000 1.571671 0.000000
vt -0.818764 1.527028 0.000000
vt -0.713205 1.619348 0.000000
vt -0.840066 1.601539 0.000000
vt -0.857289 1.675940 0.000000
vt -0.873694 1.750394 0.000000
vt 0.000000 1.933724 0.000000
vt -0.713205 1.979203 0.000000
vt 0.000000 2.295778 0.000000
vt -0.713205 2.339059 0.000000
vt 0.000000 2.657831 0.000000
vt -0.713205 2.698914 0.000000
vt 0.000000 3.019884 0.000000
vt -0.842724 2.965860 0.000000
vt -0.713205 3.058769 0.000000
vt -0.852250 3.129052 0.000000
vt -0.881219 3.290333 0.000000
vt -0.713205 3.418624 0.000000
vt -0.928759 3.448472 0.000000
vt -0.992923 3.600568 0.000000
vt -0.713205 3.778479 0.000000
vt -1.072173 3.746141 0.000000
vt -1.164596 3.884022 0.000000
vt -0.713205 4.138334 0.000000
vt -1.378103 4.128109 0.000000
vt -0.873694 4.187216 0.000000
vt -0.818717 4.410585 0.000000
vt -0.822050 4.410425 0.000000
vt 0.000000 3.381937 0.000000
vt 0.000000 3.743990 0.000000
vt 0.000000 4.106043 0.000000
vt -0.053910 4.192978 0.000000
vt -0.002011 4.125932 0.000000
vt -0.004052 4.145819 0.000000
vt -0.006123 4.165703 0.000000
vt -0.096343 4.228085 0.000000
vt -0.132648 4.269551 0.000000
vt -0.162467 4.315969 0.000000
vt -0.202640 4.418708 0.000000
vt -0.713205 4.498189 0.000000
vt -0.218353 4.528148 0.000000
vt -0.222275 4.627174 0.000000
vt -0.715392 4.800658 0.000000
vt -0.226372 4.726195 0.000000
vt -0.230632 4.825212 0.000000
vt -0.713205 4.858045 0.000000
vt -0.248893 5.011597 0.000000
vt -0.293087 5.167193 0.000000
vt -0.323494 5.222502 0.000000
vt -0.357760 5.262468 0.000000
vt -0.376849 5.277437 0.000000
vt -0.496820 5.295839 0.000000
vt -0.548431 5.293299 0.000000
vt -0.398060 5.289047 0.000000
vt -0.445198 5.298120 0.000000
vt -0.421124 5.296262 0.000000
vt -1.426410 4.953871 0.000000
vt -1.079236 4.864468 0.000000
vt -0.772192 4.601620 0.000000
vt -0.821976 4.410727 0.000000
vt -0.853054 2.801990 0.000000
vt -0.882640 2.641379 0.000000
vt -0.930444 2.484539 0.000000
vt -0.994764 2.333253 0.000000
vt -1.073651 2.189016 0.000000
vt -1.165529 2.052344 0.000000
vt -1.378103 1.809501 0.000000
vt -0.822050 1.527185 0.000000
vt -0.821977 1.526887 0.000000
vt -0.772130 1.335772 0.000000
vt -0.715392 1.136953 0.000000
vt -1.052120 1.078847 0.000000
vt -4.421533 0.380869 0.000000
vt -4.611551 -0.631456 0.000000
vt -4.421533 -1.655603 0.000000
vt -4.621773 -0.709102 0.000000
vt -4.651743 -0.781456 0.000000
vt -4.499009 0.450226 0.000000
vt -5.155518 0.230002 0.000000
vt -4.833905 -0.341678 0.000000
vt -4.761551 -0.371648 0.000000
vt -4.626314 0.550248 0.000000
vt -4.760804 0.629867 0.000000
vt -4.900462 0.686567 0.000000
vt -5.098520 0.723875 0.000000
vt -5.155518 0.731106 0.000000
vt -8.031752 0.230002 0.000000
vt -8.057450 0.050000 0.000000
vt -5.171359 -0.481456 0.000000
vt -5.123683 -0.419324 0.000000
vt -5.201329 -0.553810 0.000000
vt -8.101416 -0.429604 0.000000
vt -5.211551 -0.631456 0.000000
vt -8.097381 -0.911201 0.000000
vt -5.201329 -0.709102 0.000000
vt -5.171359 -0.781456 0.000000
vt -8.045384 -1.390000 0.000000
vt -5.155518 -1.390000 0.000000
vt -5.155518 -1.930000 0.000000
vt -4.910279 -1.930000 0.000000
vt -4.736050 -1.879120 0.000000
vt -4.570824 -1.778572 0.000000
vt -4.911177 -1.936303 0.000000
vt -4.912074 -1.942606 0.000000
vt -4.912971 -1.948909 0.000000
vt -4.913867 -1.955212 0.000000
vt -4.833905 -0.921234 0.000000
vt -4.911551 -0.931456 0.000000
vt -4.699419 -0.843588 0.000000
vt -4.761551 -0.891264 0.000000
vt -4.989197 -0.921234 0.000000
vt -5.061551 -0.891264 0.000000
vt -5.123683 -0.843588 0.000000
vt -5.061551 -0.371648 0.000000
vt -4.989197 -0.341678 0.000000
vt -4.911551 -0.331456 0.000000
vt -4.699419 -0.419324 0.000000
vt -4.651743 -0.481456 0.000000
vt -4.621773 -0.553810 0.000000
vt -2.020000 -0.000000 0.000000
vt -0.000000 -0.000000 0.000000
vt -2.020000 1.770000 0.000000
vt -0.000000 2.490000 0.000000
vt -2.585734 2.490000 0.000000
vt -2.582906 2.331521 0.000000
vt -2.611436 1.770000 0.000000
vt 0.000000 2.490000 0.000000
vt -2.020000 2.490000 0.000000
vt -0.000000 -0.000000 0.000000
vt -2.020000 0.000000 0.000000
vt -0.500000 2.520000 0.000000
vt -1.010000 2.903329 0.000000
vt -1.520000 2.520000 0.000000
vt -1.363032 2.870125 0.000000
vt -1.703682 2.771676 0.000000
vt -0.370590 2.502963 0.000000
vt -0.316318 2.771676 0.000000
vt -0.656968 2.870125 0.000000
vt -0.000000 2.611436 0.000000
vt -0.250000 2.453013 0.000000
vt -0.146447 2.373553 0.000000
vt -0.066987 2.270000 0.000000
vt -0.017037 2.149410 0.000000
vt -0.000000 2.020000 0.000000
vt -1.649410 2.502963 0.000000
vt -2.020000 2.611436 0.000000
vt -1.770000 2.453013 0.000000
vt -1.873553 2.373553 0.000000
vt -1.953013 2.270000 0.000000
vt -2.002963 2.149410 0.000000
vt -2.020000 2.020000 0.000000
vt 0.158588 0.516268 0.000000
vt 0.099473 0.516268 0.000000
vt 0.163800 0.451735 0.000000
vt 0.099473 0.429729 0.000000
vt 0.168372 0.403268 0.000000
vt 0.099473 0.343190 0.000000
vt 0.173401 0.354846 0.000000
vt 0.178784 0.306496 0.000000
vt 0.099473 0.256651 0.000000
vt 0.184425 0.258057 0.000000
vt 0.190204 0.209634 0.000000
vt 0.099473 0.170111 0.000000
vt 0.195987 0.161327 0.000000
vt 0.201680 0.112975 0.000000
vt 0.099473 0.083572 0.000000
vt 0.207170 0.064534 0.000000
vt 0.099473 -0.002967 0.000000
vt 0.213963 0.000000 0.000000
vt 0.220785 -0.074638 0.000000
vt 0.099473 -0.089506 0.000000
vt 0.226187 -0.149275 0.000000
vt 0.099473 -0.176046 0.000000
vt 0.229908 -0.223913 0.000000
vt 0.099473 -0.262585 0.000000
vt 0.231771 -0.298550 0.000000
vt 0.099473 -0.349124 0.000000
vt 0.231686 -0.373188 0.000000
vt 0.099473 -0.435663 0.000000
vt 1.035674 -0.422859 0.000000
vt 1.038192 -0.472531 0.000000
vt 0.099473 -0.522203 0.000000
vt 1.040777 -0.522203 0.000000
vt 1.033279 -0.373188 0.000000
vt -0.140000 -0.366206 0.000000
vt -0.140000 -0.322648 0.000000
vt -0.196651 -0.366206 0.000000
vt -0.199115 -0.322648 0.000000
vt -0.340367 -0.215694 0.000000
vt -1.067633 -0.215694 0.000000
vt -0.004727 -0.615694 0.000000
vt -1.403273 -0.615694 0.000000
vt 0.067881 -0.020000 0.000000
vt 0.590044 -0.020000 0.000000
vt 0.067881 0.000000 0.000000
vt 0.597398 -0.000000 0.000000
vt 0.597398 -0.020000 0.000000
vt -0.608342 1.940000 0.000000
vt 0.118924 1.940000 0.000000
vt -0.608342 1.960000 0.000000
vt 0.118924 1.960000 0.000000
vn -0.000000 1.000000 -0.000000
vn -0.000000 1.000000 -0.000000
vn -0.000000 1.000000 -0.000000
vn -0.000000 1.000000 -0.000000
vn -0.000000 1.000000 -0.000000
vn -0.000000 1.000000 -0.000000
vn -0.000000 1.000000 -0.000000
vn -0.000000 1.000000 -0.000000
vn -0.000000 1.000000 -0.000000
vn -0.000000 1.000000 -0.000000
vn -0.000000 1.000000 -0.000000
vn -0.000000 1.000000 -0.000000
vn -0.000000 1.000000 -0.000000
vn -0.000000 1.000000 -0.000000
vn -0.000000 1.000000 -0.000000
vn -0.000000 1.000000 -0.000000
vn -0.000000 1.000000 -0.000000
vn -0.000000 1.000000 -0.000000
vn -0.000000 1.000000 -0.000000
vn -0.000000 1.000000 -0.000000
vn -0.000000 1.000000 -0.000000
vn -0.000000 1.000000 -0.000000
vn -0.000000 1.000000 -0.000000
vn -0.000000 1.000000 -0.000000
vn -0.000000 1.000000 -0.000000
vn -0.000000 1.000000 -0.000000
vn -0.000000 1.000000 -0.000000
vn -0.000000 1.000000 -0.000000
vn -0.000000 1.000000 -0.000000
vn -0.000000 1.000000 -0.000000
vn -0.000000 1.000000 -0.000000
vn -0.000000 1.000000 -0.000000
vn -0.000000 1.000000 -0.000000
vn -0.000000 1.000000 -0.000000
vn -0.000000 1.000000 -0.000000
vn -0.000000 1.000000 -0.000000
vn -0.000000 1.000000 -0.000000
vn -0.000000 1.000000 -0.000000
vn -0.000000 1.000000 -0.000000
vn -0.000000 1.000000 -0.000000
vn -0.000000 1.000000 -0.000000
vn -0.000000 1.000000 -0.000000
vn -0.000000 1.000000 -0.000000
vn -0.000000 1.000000 -0.000000
vn -0.000000 1.000000 -0.000000
vn -0.000000 1.000000 -0.000000
vn -0.000000 1.000000 -0.000000
vn -0.000000 1.000000 -0.000000
vn -0.000000 1.000000 -0.000000
vn -0.000000 1.000000 -0.000000
vn -0.000000 1.000000 -0.000000
vn 0.964367 0.000000 0.264567
vn 0.964367 0.000000 0.264567
vn 0.981580 0.000000 0.191053
vn 0.981580 0.000000 0.191053
vn 0.993197 0.000000 0.116450
vn 0.993197 0.000000 0.116450
vn 0.999152 0.000000 0.041183
vn 0.999152 0.000000 0.041183
vn 0.448096 0.000000 0.893985
vn 0.448096 0.000000 0.893985
vn 0.448096 0.000000 0.893985
vn 0.448096 0.000000 0.893985
vn 0.937275 0.000000 -0.348590
vn 0.937275 0.000000 -0.348590
vn 0.837060 -0.000000 -0.547111
vn 0.837060 -0.000000 -0.547111
vn 0.695450 -0.000000 -0.718575
vn 0.695450 -0.000000 -0.718575
vn 0.519447 -0.000000 -0.854503
vn 0.519447 -0.000000 -0.854503
vn 0.317755 -0.000000 -0.948173
vn 0.317755 -0.000000 -0.948173
vn 0.100350 -0.000000 -0.994952
vn 0.100350 -0.000000 -0.994952
vn -0.122018 -0.000000 -0.992528
vn -0.122018 -0.000000 -0.992528
vn -0.338352 -0.000000 -0.941020
vn -0.338352 -0.000000 -0.941020
vn -0.537953 -0.000000 -0.842975
vn -0.537953 -0.000000 -0.842975
vn -0.710951 -0.000000 -0.703242
vn -0.710951 -0.000000 -0.703242
vn -0.848789 -0.000000 -0.528731
vn -0.848789 -0.000000 -0.528731
vn -0.944652 -0.000000 -0.328073
vn -0.944652 -0.000000 -0.328073
vn -0.993799 -0.000000 -0.111191
vn -0.993799 -0.000000 -0.111191
vn -0.993799 -0.000000 0.111191
vn -0.993799 -0.000000 0.111191
vn -0.944652 -0.000000 0.328073
vn -0.944652 -0.000000 0.328073
vn -0.848789 0.000000 0.528731
vn -0.848789 0.000000 0.528731
vn -0.710951 0.000000 0.703242
vn -0.710951 0.000000 0.703242
vn -0.537953 0.000000 0.842975
vn -0.537953 0.000000 0.842975
vn -0.338352 0.000000 0.941020
vn -0.338352 0.000000 0.941020
vn -0.122018 0.000000 0.992528
vn -0.122018 0.000000 0.992528
vn 0.100350 0.000000 0.994952
vn 0.100350 0.000000 0.994952
vn 0.317755 0.000000 0.948173
vn 0.317755 0.000000 0.948173
vn 0.519447 0.000000 0.854503
vn 0.519447 0.000000 0.854503
vn 0.695450 0.000000 0.718575
vn 0.695450 0.000000 0.718575
vn 0.837060 0.000000 0.547111
vn 0.837060 0.000000 0.547111
vn 0.937275 0.000000 0.348590
vn 0.937275 0.000000 0.348590
vn 0.448096 -0.000000 -0.893985
vn 0.448096 -0.000000 -0.893985
vn 0.448096 -0.000000 -0.893985
vn 0.448096 -0.000000 -0.893985
vn 0.999152 0.000000 -0.041183
vn 0.999152 0.000000 -0.041183
vn 0.993197 0.000000 -0.116450
vn 0.993197 0.000000 -0.116450
vn 0.981580 0.000000 -0.191053
vn 0.981580 0.000000 -0.191053
vn 0.964367 0.000000 -0.264567
vn 0.964367 0.000000 -0.264567
vn 0.000000 0.000000 1.000000
vn 0.000000 0.000000 1.000000
vn 0.000000 0.000000 1.000000
vn 0.000000 0.000000 1.000000
vn -0.000000 -0.000000 -1.000000
vn -0.000000 -0.000000 -1.000000
vn 0.258819 -0.000000 -0.965926
vn 0.258819 -0.000000 -0.965926
vn 0.500000 -0.000000 -0.866025
vn 0.500000 -0.000000 -0.866025
vn 0.707107 -0.000000 -0.707107
vn 0.707107 -0.000000 -0.707107
vn 0.866025 -0.000000 -0.500000
vn 0.866025 -0.000000 -0.500000
vn 0.965926 0.000000 -0.258819
vn 0.965926 0.000000 -0.258819
vn 1.000000 0.000000 -0.000000
vn 1.000000 0.000000 -0.000000
vn 0.965926 0.000000 0.258819
vn 0.965926 0.000000 0.258819
vn 0.866025 0.000000 0.500000
vn 0.866025 0.000000 0.500000
vn 0.707107 0.000000 0.707107
vn 0.707107 0.000000 0.707107
vn 0.500000 0.000000 0.866025
vn 0.500000 0.000000 0.866025
vn 0.258819 0.000000 0.965926
vn 0.258819 0.000000 0.965926
vn 0.000000 0.000000 1.000000
vn 0.000000 0.000000 1.000000
vn 0.000000 -0.000000 -1.000000
vn 0.000000 -0.000000 -1.000000
vn 0.000000 -0.000000 -1.000000
vn 0.000000 -0.000000 -1.000000
vn -0.000000 1.000000 -0.000000
vn -0.000000 1.000000 -0.000000
vn -0.000000 1.000000 -0.000000
vn -0.000000 1.000000 -0.000000
vn -0.000000 1.000000 -0.000000
vn -0.000000 1.000000 -0.000000
vn -0.000000 1.000000 -0.000000
vn -0.000000 1.000000 -0.000000
vn -0.000000 1.000000 -0.000000
vn -0.000000 1.000000 -0.000000
vn -0.000000 1.000000 -0.000000
vn -0.000000 1.000000 -0.000000
vn -0.000000 1.000000 -0.000000
vn -0.000000 1.000000 -0.000000
vn -0.000000 1.000000 -0.000000
vn -0.000000 1.000000 -0.000000
vn -0.000000 1.000000 -0.000000
vn -0.000000 1.000000 -0.000000
vn -0.000000 1.000000 -0.000000
vn -0.000000 1.000000 -0.000000
vn -0.000000 1.000000 -0.000000
vn -0.000000 1.000000 -0.000000
vn -0.000000 1.000000 -0.000000
vn -0.000000 1.000000 -0.000000
vn -0.000000 1.000000 -0.000000
vn -0.000000 1.000000 -0.000000
vn -0.000000 1.000000 -0.000000
vn -0.000000 1.000000 -0.000000
vn -0.000000 1.000000 -0.000000
vn -0.000000 1.000000 -0.000000
vn -0.000000 1.000000 -0.000000
vn -0.000000 1.000000 -0.000000
vn -0.000000 1.000000 -0.000000
vn -0.000000 1.000000 -0.000000
vn -0.000000 1.000000 -0.000000
vn -0.000000 1.000000 -0.000000
vn -0.000000 1.000000 -0.000000
vn -0.000000 1.000000 -0.000000
vn -0.000000 1.000000 -0.000000
vn -0.000000 1.000000 -0.000000
vn -0.000000 1.000000 -0.000000
vn -0.000000 1.000000 -0.000000
vn -0.000000 1.000000 -0.000000
vn -0.000000 1.000000 -0.000000
vn -0.000000 1.000000 -0.000000
vn -0.000000 1.000000 -0.000000
vn -0.000000 1.000000 -0.000000
vn -0.000000 1.000000 -0.000000
vn -0.000000 1.000000 -0.000000
vn -0.000000 1.000000 -0.000000
vn -0.000000 1.000000 -0.000000
vn -0.000000 1.000000 -0.000000
vn -0.000000 1.000000 -0.000000
vn -0.000000 1.000000 -0.000000
vn -0.000000 1.000000 -0.000000
vn -0.000000 1.000000 -0.000000
vn -0.000000 1.000000 -0.000000
vn -0.000000 1.000000 -0.000000
vn -0.000000 1.000000 -0.000000
vn -0.000000 1.000000 -0.000000
vn -0.000000 1.000000 -0.000000
vn -0.000000 1.000000 -0.000000
vn -0.000000 1.000000 -0.000000
vn -0.000000 1.000000 -0.000000
vn -0.000000 1.000000 -0.000000
vn -0.000000 1.000000 -0.000000
vn -0.000000 1.000000 -0.000000
vn -0.000000 1.000000 -0.000000
vn -0.000000 1.000000 -0.000000
vn -0.000000 1.000000 -0.000000
vn -0.000000 1.000000 -0.000000
vn -0.000000 1.000000 -0.000000
vn -0.000000 1.000000 -0.000000
vn -0.000000 1.000000 -0.000000
vn 0.783164 0.621816 -0.000000
vn 0.707107 0.707107 -0.000000
vn 0.625717 0.780050 -0.000000
vn 0.500000 0.866025 -0.000000
vn 0.521371 0.853330 -0.000000
vn 0.408549 0.912736 -0.000000
vn 0.258819 0.965926 -0.000000
vn 0.289084 0.957304 -0.000000
vn 0.194270 0.980948 -0.000000
vn 0.289084 0.957304 -0.000000
vn 0.866025 0.500000 -0.000000
vn 0.901587 0.432598 -0.000000
vn 0.965926 0.258819 -0.000000
vn 0.975086 0.221826 -0.000000
vn 1.000000 0.000000 -0.000000
vn 1.000000 0.000000 -0.000000
vn 0.097601 0.995226 -0.000000
vn -0.000000 1.000000 -0.000000
vn -0.000000 1.000000 -0.000000
vn 0.625717 0.780050 -0.000000
vn -0.000000 1.000000 -0.000000
vn -0.000000 1.000000 -0.000000
vn -0.000000 1.000000 -0.000000
vn -0.000000 1.000000 -0.000000
vn -0.000000 1.000000 -0.000000
vn 0.625717 -0.780050 -0.000000
vn 0.521371 -0.853330 -0.000000
vn 0.625717 -0.780050 -0.000000
vn 0.500000 -0.866025 0.000000
vn 0.707107 -0.707107 -0.000000
vn 0.408549 -0.912736 0.000000
vn 0.258819 -0.965926 0.000000
vn 0.289084 -0.957304 0.000000
vn 0.289084 -0.957304 0.000000
vn 0.194270 -0.980948 0.000000
vn 0.097601 -0.995226 0.000000
vn 0.000000 -1.000000 0.000000
vn 0.000000 -1.000000 0.000000
vn 0.783164 -0.621816 -0.000000
vn 0.866025 -0.500000 -0.000000
vn 0.901587 -0.432598 -0.000000
vn 0.965926 -0.258819 -0.000000
vn 0.975086 -0.221826 -0.000000
vn 1.000000 0.000000 -0.000000
vn 1.000000 0.000000 -0.000000
vn 0.258819 -0.965926 0.000000
vn 0.258819 -0.965926 0.000000
vn 0.000000 -1.000000 0.000000
vn 0.000000 -1.000000 0.000000
vn -0.258819 -0.965926 0.000000
vn -0.258819 -0.965926 0.000000
vn -0.500000 -0.866025 0.000000
vn -0.500000 -0.866025 0.000000
vn -0.707107 -0.707107 0.000000
vn -0.707107 -0.707107 0.000000
vn -0.866025 -0.500000 0.000000
vn -0.866025 -0.500000 0.000000
vn -0.965926 -0.258819 0.000000
vn -0.965926 -0.258819 0.000000
vn -1.000000 -0.000000 0.000000
vn -1.000000 -0.000000 0.000000
vn -0.965926 0.258819 0.000000
vn -0.965926 0.258819 0.000000
vn -0.866025 0.500000 0.000000
vn -0.866025 0.500000 0.000000
vn -0.707107 0.707107 0.000000
vn -0.707107 0.707107 0.000000
vn -0.500000 0.866025 -0.000000
vn -0.500000 0.866025 -0.000000
vn -0.258819 0.965926 -0.000000
vn -0.258819 0.965926 -0.000000
vn -0.000000 1.000000 -0.000000
vn -0.000000 1.000000 -0.000000
vn 0.258819 0.965926 -0.000000
vn 0.258819 0.965926 -0.000000
vn 0.500000 0.866025 -0.000000
vn 0.500000 0.866025 -0.000000
vn 0.707107 0.707107 -0.000000
vn 0.707107 0.707107 -0.000000
vn 0.866025 0.500000 -0.000000
vn 0.866025 0.500000 -0.000000
vn 0.965926 0.258819 -0.000000
vn 0.965926 0.258819 -0.000000
vn 1.000000 0.000000 -0.000000
vn 1.000000 0.000000 -0.000000
vn 0.965926 -0.258819 -0.000000
vn 0.965926 -0.258819 -0.000000
vn 0.866025 -0.500000 -0.000000
vn 0.866025 -0.500000 -0.000000
vn 0.707107 -0.707107 -0.000000
vn 0.707107 -0.707107 -0.000000
vn 0.500000 -0.866025 0.000000
vn 0.500000 -0.866025 0.000000
vn -0.000000 -0.000000 -1.000000
vn -0.000000 -0.000000 -1.000000
vn -0.000000 -0.000000 -1.000000
vn -0.000000 -0.000000 -1.000000
vn -0.000000 -0.000000 -1.000000
vn -0.000000 -0.000000 -1.000000
vn -0.000000 -0.000000 -1.000000
vn -0.000000 -0.000000 -1.000000
vn -0.000000 -0.000000 -1.000000
vn -0.000000 -0.000000 -1.000000
vn -0.000000 -0.000000 -1.000000
vn -0.000000 -0.000000 -1.000000
vn -0.000000 -0.000000 -1.000000
vn -0.000000 -0.000000 -1.000000
vn -0.000000 -0.000000 -1.000000
vn -0.000000 -0.000000 -1.000000
vn -0.000000 -0.000000 -1.000000
vn -0.000000 -0.000000 -1.000000
vn -0.000000 -0.000000 -1.000000
vn -0.000000 -0.000000 -1.000000
vn -0.000000 -0.000000 -1.000000
vn -0.000000 -0.000000 -1.000000
vn -0.000000 -0.000000 -1.000000
vn -0.000000 -0.000000 -1.000000
vn 0.258819 -0.965926 0.000000
vn 0.258819 -0.965926 0.000000
vn 0.000000 -1.000000 0.000000
vn 0.000000 -1.000000 0.000000
vn -0.258819 -0.965926 0.000000
vn -0.258819 -0.965926 0.000000
vn -0.500000 -0.866025 0.000000
vn -0.500000 -0.866025 0.000000
vn -0.707107 -0.707107 0.000000
vn -0.707107 -0.707107 0.000000
vn -0.866025 -0.500000 0.000000
vn -0.866025 -0.500000 0.000000
vn -0.965926 -0.258819 0.000000
vn -0.965926 -0.258819 0.000000
vn -1.000000 -0.000000 0.000000
vn -1.000000 -0.000000 0.000000
vn -0.965926 0.258819 0.000000
vn -0.965926 0.258819 0.000000
vn -0.866025 0.500000 0.000000
vn -0.866025 0.500000 0.000000
vn -0.707107 0.707107 0.000000
vn -0.707107 0.707107 0.000000
vn -0.500000 0.866025 -0.000000
vn -0.500000 0.866025 -0.000000
vn -0.258819 0.965926 -0.000000
vn -0.258819 0.965926 -0.000000
vn -0.000000 1.000000 -0.000000
vn -0.000000 1.000000 -0.000000
vn 0.258819 0.965926 -0.000000
vn 0.258819 0.965926 -0.000000
vn 0.500000 0.866025 -0.000000
vn 0.500000 0.866025 -0.000000
vn 0.707107 0.707107 -0.000000
vn 0.707107 0.707107 -0.000000
vn 0.866025 0.500000 -0.000000
vn 0.866025 0.500000 -0.000000
vn 0.965926 0.258819 -0.000000
vn 0.965926 0.258819 -0.000000
vn 1.000000 0.000000 -0.000000
vn 1.000000 0.000000 -0.000000
vn 0.965926 -0.258819 -0.000000
vn 0.965926 -0.258819 -0.000000
vn 0.866025 -0.500000 -0.000000
vn 0.866025 -0.500000 -0.000000
vn 0.707107 -0.707107 -0.000000
vn 0.707107 -0.707107 -0.000000
vn 0.500000 -0.866025 0.000000
vn 0.500000 -0.866025 0.000000
vn -0.000000 -0.000000 -1.000000
vn -0.000000 -0.000000 -1.000000
vn -0.000000 -0.000000 -1.000000
vn -0.000000 -0.000000 -1.000000
vn -0.000000 -0.000000 -1.000000
vn -0.000000 -0.000000 -1.000000
vn -0.000000 -0.000000 -1.000000
vn -0.000000 -0.000000 -1.000000
vn -0.000000 -0.000000 -1.000000
vn -0.000000 -0.000000 -1.000000
vn -0.000000 -0.000000 -1.000000
vn -0.000000 -0.000000 -1.000000
vn -0.000000 -0.000000 -1.000000
vn -0.000000 -0.000000 -1.000000
vn -0.000000 -0.000000 -1.000000
vn -0.000000 -0.000000 -1.000000
vn -0.000000 -0.000000 -1.000000
vn -0.000000 -0.000000 -1.000000
vn -0.000000 -0.000000 -1.000000
vn -0.000000 -0.000000 -1.000000
vn -0.000000 -0.000000 -1.000000
vn -0.000000 -0.000000 -1.000000
vn -0.000000 -0.000000 -1.000000
vn -0.000000 -0.000000 -1.000000
vn -0.977999 -0.207880 -0.017452
vn -0.977999 -0.207880 -0.017452
vn -0.977999 -0.207880 -0.017452
vn -0.977999 -0.207880 -0.017452
vn -0.977999 -0.207880 -0.017452
vn -0.977999 -0.207880 -0.017452
vn -0.977999 -0.207880 -0.017452
vn -0.977999 -0.207880 -0.017452
vn -0.977999 -0.207880 -0.017452
vn 0.000000 0.000000 1.000000
vn 0.000000 0.000000 1.000000
vn 0.000000 0.000000 1.000000
vn 0.000000 0.000000 1.000000
vn 0.000000 0.000000 1.000000
vn 0.000000 0.000000 1.000000
vn 0.000000 0.000000 1.000000
vn 0.000000 0.000000 1.000000
vn 0.000000 -1.000000 0.000000
vn 0.000000 -1.000000 0.000000
vn 0.000000 -1.000000 0.000000
vn 0.000000 -1.000000 0.000000
vn -1.000000 -0.000000 0.000000
vn -1.000000 -0.000000 0.000000
vn -1.000000 -0.000000 0.000000
vn -1.000000 -0.000000 0.000000
vn -0.000000 1.000000 -0.000000
vn -0.000000 1.000000 -0.000000
vn -0.000000 1.000000 -0.000000
vn -0.000000 1.000000 -0.000000
vn -0.000000 -0.000000 -1.000000
vn -0.000000 -0.000000 -1.000000
vn -0.000000 -0.000000 -1.000000
vn -0.000000 -0.000000 -1.000000
vn -0.000000 -0.000000 -1.000000
vn -0.000000 -0.000000 -1.000000
vn -0.000000 -0.000000 -1.000000
vn -0.000000 -0.000000 -1.000000
vn -0.000000 -0.258819 -0.965926
vn -0.000000 -0.258819 -0.965926
vn -0.000000 -0.000000 -1.000000
vn -0.000000 -0.000000 -1.000000
vn -0.000000 0.258819 -0.965926
vn -0.000000 0.258819 -0.965926
vn -0.000000 0.500000 -0.866025
vn -0.000000 0.500000 -0.866025
vn -0.000000 0.707107 -0.707107
vn -0.000000 0.707107 -0.707107
vn -0.000000 0.866025 -0.500000
vn -0.000000 0.866025 -0.500000
vn -0.000000 0.965926 -0.258819
vn -0.000000 0.965926 -0.258819
vn -0.000000 1.000000 -0.000000
vn -0.000000 1.000000 -0.000000
vn 0.000000 0.965926 0.258819
vn 0.000000 0.965926 0.258819
vn 0.000000 0.866025 0.500000
vn 0.000000 0.866025 0.500000
vn 0.000000 0.707107 0.707107
vn 0.000000 0.707107 0.707107
vn 0.000000 0.500000 0.866025
vn 0.000000 0.500000 0.866025
vn 0.000000 0.258819 0.965926
vn 0.000000 0.258819 0.965926
vn 0.000000 0.000000 1.000000
vn 0.000000 0.000000 1.000000
vn 0.000000 -0.258819 0.965926
vn 0.000000 -0.258819 0.965926
vn 0.000000 -0.500000 0.866025
vn 0.000000 -0.500000 0.866025
vn 0.000000 -0.707107 0.707107
vn 0.000000 -0.707107 0.707107
vn 0.000000 -0.866025 0.500000
vn 0.000000 -0.866025 0.500000
vn 0.000000 -0.965926 0.258819
vn 0.000000 -0.965926 0.258819
vn 0.000000 -1.000000 0.000000
vn 0.000000 -1.000000 0.000000
vn -0.000000 -0.965926 -0.258819
vn -0.000000 -0.965926 -0.258819
vn -0.000000 -0.866025 -0.500000
vn -0.000000 -0.866025 -0.500000
vn -0.000000 -0.707107 -0.707107
vn -0.000000 -0.707107 -0.707107
vn -0.000000 -0.500000 -0.866025
vn -0.000000 -0.500000 -0.866025
vn 1.000000 0.000000 -0.000000
vn 1.000000 0.000000 -0.000000
vn 1.000000 0.000000 -0.000000
vn 1.000000 0.000000 -0.000000
vn 1.000000 0.000000 -0.000000
vn 1.000000 0.000000 -0.000000
vn 1.000000 0.000000 -0.000000
vn 1.000000 0.000000 -0.000000
vn 1.000000 0.000000 -0.000000
vn 1.000000 0.000000 -0.000000
vn 1.000000 0.000000 -0.000000
vn 1.000000 0.000000 -0.000000
vn 1.000000 0.000000 -0.000000
vn 1.000000 0.000000 -0.000000
vn 1.000000 0.000000 -0.000000
vn 1.000000 0.000000 -0.000000
vn 1.000000 0.000000 -0.000000
vn 1.000000 0.000000 -0.000000
vn 1.000000 0.000000 -0.000000
vn 1.000000 0.000000 -0.000000
vn 1.000000 0.000000 -0.000000
vn 1.000000 0.000000 -0.000000
vn 1.000000 0.000000 -0.000000
vn 1.000000 0.000000 -0.000000
vn 1.000000 0.000000 -0.000000
vn 1.000000 0.000000 -0.000000
vn 1.000000 0.000000 -0.000000
vn 1.000000 0.000000 -0.000000
vn 1.000000 0.000000 -0.000000
vn 1.000000 0.000000 -0.000000
vn 1.000000 0.000000 -0.000000
vn 1.000000 0.000000 -0.000000
vn 1.000000 0.000000 -0.000000
vn 1.000000 0.000000 -0.000000
vn 1.000000 0.000000 -0.000000
vn 1.000000 0.000000 -0.000000
vn 1.000000 0.000000 -0.000000
vn 1.000000 0.000000 -0.000000
vn 1.000000 0.000000 -0.000000
vn 1.000000 0.000000 -0.000000
vn 1.000000 0.000000 -0.000000
vn 1.000000 0.000000 -0.000000
vn 1.000000 0.000000 -0.000000
vn 1.000000 0.000000 -0.000000
vn 1.000000 0.000000 -0.000000
vn 1.000000 0.000000 -0.000000
vn 1.000000 0.000000 -0.000000
vn 1.000000 0.000000 -0.000000
vn 0.000000 -0.258819 0.965926
vn 0.000000 -0.258819 0.965926
vn 0.000000 0.000000 1.000000
vn 0.000000 0.000000 1.000000
vn 0.000000 0.258819 0.965926
vn 0.000000 0.258819 0.965926
vn 0.000000 0.500000 0.866025
vn 0.000000 0.500000 0.866025
vn 0.000000 0.707107 0.707107
vn 0.000000 0.707107 0.707107
vn 0.000000 0.866025 0.500000
vn 0.000000 0.866025 0.500000
vn 0.000000 0.965926 0.258819
vn 0.000000 0.965926 0.258819
vn -0.000000 1.000000 -0.000000
vn -0.000000 1.000000 -0.000000
vn -0.000000 0.965926 -0.258819
vn -0.000000 0.965926 -0.258819
vn -0.000000 0.866025 -0.500000
vn -0.000000 0.866025 -0.500000
vn -0.000000 0.707107 -0.707107
vn -0.000000 0.707107 -0.707107
vn -0.000000 0.500000 -0.866025
vn -0.000000 0.500000 -0.866025
vn -0.000000 0.258819 -0.965926
vn -0.000000 0.258819 -0.965926
vn -0.000000 -0.000000 -1.000000
vn -0.000000 -0.000000 -1.000000
vn -0.000000 -0.258819 -0.965926
vn -0.000000 -0.258819 -0.965926
vn -0.000000 -0.500000 -0.866025
vn -0.000000 -0.500000 -0.866025
vn -0.000000 -0.707107 -0.707107
vn -0.000000 -0.707107 -0.707107
vn -0.000000 -0.866025 -0.500000
vn -0.000000 -0.866025 -0.500000
vn -0.000000 -0.965926 -0.258819
vn -0.000000 -0.965926 -0.258819
vn 0.000000 -1.000000 0.000000
vn 0.000000 -1.000000 0.000000
vn 0.000000 -0.965926 0.258819
vn 0.000000 -0.965926 0.258819
vn 0.000000 -0.866025 0.500000
vn 0.000000 -0.866025 0.500000
vn 0.000000 -0.707107 0.707107
vn 0.000000 -0.707107 0.707107
vn 0.000000 -0.500000 0.866025
vn 0.000000 -0.500000 0.866025
vn -1.000000 -0.000000 0.000000
vn -1.000000 -0.000000 0.000000
vn -1.000000 -0.000000 0.000000
vn -1.000000 -0.000000 0.000000
vn -1.000000 -0.000000 0.000000
vn -1.000000 -0.000000 0.000000
vn -1.000000 -0.000000 0.000000
vn -1.000000 -0.000000 0.000000
vn -1.000000 -0.000000 0.000000
vn -1.000000 -0.000000 0.000000
vn -1.000000 -0.000000 0.000000
vn -1.000000 -0.000000 0.000000
vn -1.000000 -0.000000 0.000000
vn -1.000000 -0.000000 0.000000
vn -1.000000 -0.000000 0.000000
vn -1.000000 -0.000000 0.000000
vn -1.000000 -0.000000 0.000000
vn -1.000000 -0.000000 0.000000
vn -1.000000 -0.000000 0.000000
vn -1.000000 -0.000000 0.000000
vn -1.000000 -0.000000 0.000000
vn -1.000000 -0.000000 0.000000
vn -1.000000 -0.000000 0.000000
vn -1.000000 -0.000000 0.000000
vn -1.000000 -0.000000 0.000000
vn -1.000000 -0.000000 0.000000
vn -1.000000 -0.000000 0.000000
vn -1.000000 -0.000000 0.000000
vn -1.000000 -0.000000 0.000000
vn -1.000000 -0.000000 0.000000
vn -1.000000 -0.000000 0.000000
vn -1.000000 -0.000000 0.000000
vn -1.000000 -0.000000 0.000000
vn -1.000000 -0.000000 0.000000
vn -1.000000 -0.000000 0.000000
vn -1.000000 -0.000000 0.000000
vn -1.000000 -0.000000 0.000000
vn -1.000000 -0.000000 0.000000
vn -1.000000 -0.000000 0.000000
vn -1.000000 -0.000000 0.000000
vn -1.000000 -0.000000 0.000000
vn -1.000000 -0.000000 0.000000
vn -1.000000 -0.000000 0.000000
vn -1.000000 -0.000000 0.000000
vn -1.000000 -0.000000 0.000000
vn -1.000000 -0.000000 0.000000
vn -1.000000 -0.000000 0.000000
vn -1.000000 -0.000000 0.000000
vn 0.001285 -0.193462 0.981107
vn 0.000014 -0.000000 1.000000
vn 0.000014 0.000000 1.000000
vn -0.001259 0.193562 0.981087
vn -0.001688 0.258813 0.965926
vn -0.002513 0.384238 0.923231
vn -0.003274 0.499989 0.866025
vn -0.003662 0.558953 0.829191
vn -0.004638 0.707092 0.707107
vn -0.004639 0.707258 0.706940
vn -0.005444 0.829478 0.558513
vn -0.005685 0.866007 0.500000
vn -0.006064 0.923465 0.383635
vn -0.006345 0.965905 0.258819
vn -0.006447 0.981212 0.192823
vn -0.006573 0.999978 0.000000
vn -0.006573 0.999978 -0.000771
vn -0.006450 0.980901 -0.194402
vn -0.006352 0.965905 -0.258819
vn -0.006071 0.922841 -0.385133
vn -0.005699 0.866007 -0.500000
vn -0.005454 0.828585 -0.559837
vn -0.004657 0.707092 -0.707107
vn -0.004651 0.706183 -0.708014
vn -0.003677 0.557629 -0.830082
vn -0.003298 0.499989 -0.866025
vn -0.002528 0.382740 -0.923853
vn -0.001714 0.258813 -0.965926
vn -0.001275 0.191983 -0.981397
vn -0.000014 -0.000000 -1.000000
vn -0.000004 -0.001543 -0.999999
vn 0.001268 -0.195039 -0.980795
vn 0.001688 -0.258813 -0.965926
vn 0.002521 -0.385415 -0.922740
vn 0.003274 -0.499989 -0.866025
vn 0.003668 -0.559734 -0.828664
vn 0.004638 -0.707092 -0.707107
vn 0.004642 -0.707675 -0.706523
vn 0.005445 -0.829666 -0.558233
vn 0.005685 -0.866007 -0.500000
vn 0.006065 -0.923523 -0.383496
vn 0.006345 -0.965905 -0.258819
vn 0.006447 -0.981220 -0.192785
vn 0.006573 -0.999978 -0.000000
vn 0.006573 -0.999978 0.000771
vn 0.006450 -0.980908 0.194364
vn 0.006352 -0.965905 0.258819
vn 0.006071 -0.922899 0.384993
vn 0.005699 -0.866007 0.500000
vn 0.005455 -0.828775 0.559555
vn 0.004657 -0.707092 0.707107
vn 0.004654 -0.706602 0.707596
vn 0.003682 -0.558413 0.829555
vn 0.003298 -0.499989 0.866025
vn 0.002536 -0.383920 0.923363
vn 0.001714 -0.258813 0.965926
vn 0.001688 -0.258813 -0.965926
vn 0.001248 -0.191981 -0.981398
vn -0.000014 -0.000000 -1.000000
vn -0.000024 0.001543 -0.999999
vn -0.001295 0.195042 -0.980794
vn 0.002503 -0.382732 -0.923856
vn 0.003274 -0.499989 -0.866025
vn 0.003654 -0.557621 -0.830088
vn 0.004638 -0.707092 -0.707107
vn 0.004632 -0.706182 -0.708015
vn 0.005438 -0.828579 -0.559845
vn 0.005685 -0.866007 -0.500000
vn 0.006060 -0.922838 -0.385141
vn 0.006345 -0.965905 -0.258819
vn 0.006444 -0.980900 -0.194405
vn 0.006573 -0.999978 -0.000000
vn 0.006573 -0.999978 -0.000771
vn 0.006452 -0.981212 0.192826
vn 0.006352 -0.965905 0.258819
vn 0.006075 -0.923462 0.383643
vn 0.005699 -0.866007 0.500000
vn 0.005460 -0.829472 0.558522
vn 0.004657 -0.707092 0.707107
vn 0.004658 -0.707257 0.706941
vn 0.003685 -0.558945 0.829197
vn 0.003298 -0.499989 0.866025
vn 0.002538 -0.384230 0.923234
vn 0.001714 -0.258813 0.965926
vn 0.001286 -0.193559 0.981088
vn 0.000014 -0.000000 1.000000
vn 0.000014 0.000000 1.000000
vn -0.001258 0.193466 0.981106
vn -0.001688 0.258813 0.965926
vn -0.002511 0.383928 0.923360
vn -0.003274 0.499989 0.866025
vn -0.003659 0.558422 0.829549
vn -0.004638 0.707092 0.707107
vn -0.004635 0.706603 0.707595
vn -0.005440 0.828781 0.559547
vn -0.005685 0.866007 0.500000
vn -0.006061 0.922903 0.384985
vn -0.006345 0.965905 0.258819
vn -0.006445 0.980909 0.194360
vn -0.006573 0.999978 0.000000
vn -0.006573 0.999978 0.000771
vn -0.006452 0.981220 -0.192782
vn -0.006352 0.965905 -0.258819
vn -0.006075 0.923526 -0.383488
vn -0.005699 0.866007 -0.500000
vn -0.005461 0.829672 -0.558225
vn -0.004657 0.707092 -0.707107
vn -0.004661 0.707676 -0.706522
vn -0.003690 0.559742 -0.828658
vn -0.003298 0.499989 -0.866025
vn -0.002546 0.385423 -0.922737
vn -0.001714 0.258813 -0.965926
vn -0.826787 -0.562516 0.000000
vn -0.826787 -0.562516 0.000000
vn -0.696019 -0.718024 0.000000
vn -0.696019 -0.718024 0.000000
vn -0.536517 -0.843890 0.000000
vn -0.536517 -0.843890 0.000000
vn -0.354866 -0.934917 0.000000
vn -0.354866 -0.934917 0.000000
vn -0.158565 -0.987348 0.000000
vn -0.158565 -0.987348 0.000000
vn 0.044281 -0.999019 0.000000
vn 0.044281 -0.999019 0.000000
vn 0.245300 -0.969447 0.000000
vn 0.245300 -0.969447 0.000000
vn 0.436192 -0.899854 0.000000
vn 0.436192 -0.899854 0.000000
vn 0.609077 -0.793111 -0.000000
vn 0.609077 -0.793111 -0.000000
vn 0.756817 -0.653627 -0.000000
vn 0.756817 -0.653627 -0.000000
vn 0.873313 -0.487159 -0.000000
vn 0.873313 -0.487159 -0.000000
vn 0.953757 -0.300579 -0.000000
vn 0.953757 -0.300579 -0.000000
vn 0.994826 -0.101591 -0.000000
vn 0.994826 -0.101591 -0.000000
vn 0.994826 0.101591 -0.000000
vn 0.994826 0.101591 -0.000000
vn 0.953757 0.300579 -0.000000
vn 0.953757 0.300579 -0.000000
vn 0.873313 0.487159 -0.000000
vn 0.873313 0.487159 -0.000000
vn 0.756817 0.653627 -0.000000
vn 0.756817 0.653627 -0.000000
vn 0.609077 0.793111 -0.000000
vn 0.609077 0.793111 -0.000000
vn 0.436192 0.899854 -0.000000
vn 0.436192 0.899854 -0.000000
vn 0.245300 0.969447 -0.000000
vn 0.245300 0.969447 -0.000000
vn 0.044281 0.999019 -0.000000
vn 0.044281 0.999019 -0.000000
vn -0.158565 0.987348 -0.000000
vn -0.158565 0.987348 -0.000000
vn -0.354866 0.934917 -0.000000
vn -0.354866 0.934917 -0.000000
vn -0.536517 0.843890 0.000000
vn -0.536517 0.843890 0.000000
vn -0.696019 0.718024 0.000000
vn -0.696019 0.718024 0.000000
vn -0.826787 0.562516 0.000000
vn -0.826787 0.562516 0.000000
vn -0.000000 -0.000000 -1.000000
vn -0.000000 -0.000000 -1.000000
vn -0.000000 -0.000000 -1.000000
vn -0.000000 -0.000000 -1.000000
vn -0.000000 -0.000000 -1.000000
vn -0.000000 -0.000000 -1.000000
vn -0.000000 -0.000000 -1.000000
vn -0.000000 -0.000000 -1.000000
vn -0.000000 -0.000000 -1.000000
vn -0.000000 -0.000000 -1.000000
vn -0.000000 -0.000000 -1.000000
vn -0.000000 -0.000000 -1.000000
vn -0.000000 -0.000000 -1.000000
vn -0.000000 -0.000000 -1.000000
vn -0.000000 -0.000000 -1.000000
vn -0.000000 -0.000000 -1.000000
vn -0.000000 -0.000000 -1.000000
vn -0.000000 -0.000000 -1.000000
vn -0.000000 -0.000000 -1.000000
vn -0.000000 -0.000000 -1.000000
vn -0.000000 -0.000000 -1.000000
vn -0.000000 -0.000000 -1.000000
vn -0.000000 -0.000000 -1.000000
vn -0.000000 -0.000000 -1.000000
vn -0.000000 -0.000000 -1.000000
vn -0.000000 -0.000000 -1.000000
vn -0.000000 -0.000000 -1.000000
vn -0.000000 -0.000000 -1.000000
vn -0.000000 -0.000000 -1.000000
vn -0.000000 -0.000000 -1.000000
vn -0.000000 -0.000000 -1.000000
vn -0.000000 -0.000000 -1.000000
vn -0.000000 -0.000000 -1.000000
vn -0.000000 -0.000000 -1.000000
vn -0.000000 -0.000000 -1.000000
vn -0.000000 -0.000000 -1.000000
vn -0.000000 -0.000000 -1.000000
vn -0.000000 -0.000000 -1.000000
vn -0.000000 -0.000000 -1.000000
vn -0.000000 -0.000000 -1.000000
vn -0.000000 -0.000000 -1.000000
vn -0.000000 -0.000000 -1.000000
vn -0.000000 -0.000000 -1.000000
vn -0.000000 -0.000000 -1.000000
vn -0.000000 -0.000000 -1.000000
vn -0.000000 -0.000000 -1.000000
vn -0.000000 -0.000000 -1.000000
vn -0.000000 -0.000000 -1.000000
vn -0.000000 -0.000000 -1.000000
vn -0.000000 -0.000000 -1.000000
vn -0.000000 -0.000000 -1.000000
vn -0.000000 -0.000000 -1.000000
vn -0.000000 -0.000000 -1.000000
vn -0.000000 -0.000000 -1.000000
vn -0.759567 -0.650429 0.000000
vn -0.759567 -0.650429 0.000000
vn -0.606017 -0.795452 0.000000
vn -0.606017 -0.795452 0.000000
vn -0.425433 -0.904990 0.000000
vn -0.425433 -0.904990 0.000000
vn -0.225870 -0.974157 0.000000
vn -0.225870 -0.974157 0.000000
vn -0.016232 -0.999868 0.000000
vn -0.016232 -0.999868 0.000000
vn 0.194131 -0.980976 0.000000
vn 0.194131 -0.980976 0.000000
vn 0.395834 -0.918322 0.000000
vn 0.395834 -0.918322 0.000000
vn 0.579878 -0.814703 -0.000000
vn 0.579878 -0.814703 -0.000000
vn 0.738055 -0.674741 -0.000000
vn 0.738055 -0.674741 -0.000000
vn 0.863307 -0.504678 -0.000000
vn 0.863307 -0.504678 -0.000000
vn 0.950048 -0.312103 -0.000000
vn 0.950048 -0.312103 -0.000000
vn 0.994408 -0.105605 -0.000000
vn 0.994408 -0.105605 -0.000000
vn 0.994408 0.105605 -0.000000
vn 0.994408 0.105605 -0.000000
vn 0.950048 0.312103 -0.000000
vn 0.950048 0.312103 -0.000000
vn 0.863307 0.504678 -0.000000
vn 0.863307 0.504678 -0.000000
vn 0.738055 0.674741 -0.000000
vn 0.738055 0.674741 -0.000000
vn 0.579878 0.814703 -0.000000
vn 0.579878 0.814703 -0.000000
vn 0.395834 0.918322 -0.000000
vn 0.395834 0.918322 -0.000000
vn 0.194131 0.980976 -0.000000
vn 0.194131 0.980976 -0.000000
vn -0.016232 0.999868 -0.000000
vn -0.016232 0.999868 -0.000000
vn -0.225870 0.974157 -0.000000
vn -0.225870 0.974157 -0.000000
vn -0.425433 0.904990 -0.000000
vn -0.425433 0.904990 -0.000000
vn -0.606017 0.795452 0.000000
vn -0.606017 0.795452 0.000000
vn -0.759567 0.650429 0.000000
vn -0.759567 0.650429 0.000000
vn -0.000000 -0.000000 -1.000000
vn -0.000000 -0.000000 -1.000000
vn -0.000000 -0.000000 -1.000000
vn -0.000000 -0.000000 -1.000000
vn -0.000000 -0.000000 -1.000000
vn -0.000000 -0.000000 -1.000000
vn -0.000000 -0.000000 -1.000000
vn -0.000000 -0.000000 -1.000000
vn -0.000000 -0.000000 -1.000000
vn -0.000000 -0.000000 -1.000000
vn -0.000000 -0.000000 -1.000000
vn -0.000000 -0.000000 -1.000000
vn -0.000000 -0.000000 -1.000000
vn -0.000000 -0.000000 -1.000000
vn -0.000000 -0.000000 -1.000000
vn -0.000000 -0.000000 -1.000000
vn -0.000000 -0.000000 -1.000000
vn -0.000000 -0.000000 -1.000000
vn -0.000000 -0.000000 -1.000000
vn -0.000000 -0.000000 -1.000000
vn -0.000000 -0.000000 -1.000000
vn -0.000000 -0.000000 -1.000000
vn -0.000000 -0.000000 -1.000000
vn -0.000000 -0.000000 -1.000000
vn -0.000000 -0.000000 -1.000000
vn -0.000000 -0.000000 -1.000000
vn -0.000000 -0.000000 -1.000000
vn -0.000000 -0.000000 -1.000000
vn -0.000000 -0.000000 -1.000000
vn -0.000000 -0.000000 -1.000000
vn -0.000000 -0.000000 -1.000000
vn -0.000000 -0.000000 -1.000000
vn -0.000000 -0.000000 -1.000000
vn -0.000000 -0.000000 -1.000000
vn -0.000000 -0.000000 -1.000000
vn -0.000000 -0.000000 -1.000000
vn -0.000000 -0.000000 -1.000000
vn -0.000000 -0.000000 -1.000000
vn -0.000000 -0.000000 -1.000000
vn -0.000000 -0.000000 -1.000000
vn -0.000000 -0.000000 -1.000000
vn -0.000000 -0.000000 -1.000000
vn -0.000000 -0.000000 -1.000000
vn -0.000000 -0.000000 -1.000000
vn -0.000000 -0.000000 -1.000000
vn -0.000000 -0.000000 -1.000000
vn -0.000000 -0.000000 -1.000000
vn -0.000000 -0.000000 -1.000000
vn -0.000000 -0.000000 -1.000000
vn -0.000000 -0.000000 -1.000000
vn -0.000000 -0.000000 -1.000000
vn -0.000000 -0.000000 -1.000000
vn -0.000000 -0.000000 -1.000000
vn -0.000000 -0.000000 -1.000000
vn -0.000000 -0.000000 -1.000000
vn -0.000000 -0.000000 -1.000000
vn -0.000000 -0.000000 -1.000000
vn -0.000000 -0.000000 -1.000000
vn -0.000000 -0.000000 -1.000000
vn -0.000000 -0.000000 -1.000000
vn -0.000000 -0.000000 -1.000000
vn -0.000000 -0.000000 -1.000000
vn -0.000000 -0.000000 -1.000000
vn -0.000000 -0.000000 -1.000000
vn -0.000000 -0.000000 -1.000000
vn -0.000000 -0.000000 -1.000000
vn -0.000000 -0.000000 -1.000000
vn -0.000000 -0.000000 -1.000000
vn -0.000000 -0.000000 -1.000000
vn -0.000000 -0.000000 -1.000000
vn -0.000000 -0.000000 -1.000000
vn -0.000000 -0.000000 -1.000000
vn -0.000000 -0.000000 -1.000000
vn -0.000000 -0.000000 -1.000000
vn -0.000000 -0.000000 -1.000000
vn -0.000000 -0.000000 -1.000000
vn -0.000000 -0.000000 -1.000000
vn -0.000000 -0.000000 -1.000000
vn -0.000000 -0.000000 -1.000000
vn -0.000000 -0.000000 -1.000000
vn -0.000000 -0.000000 -1.000000
vn -0.000000 -0.000000 -1.000000
vn -0.000000 -0.000000 -1.000000
vn -0.000000 -0.000000 -1.000000
vn -0.000000 -0.000000 -1.000000
vn -0.000000 -0.000000 -1.000000
vn -0.000000 -0.000000 -1.000000
vn -0.000000 -0.000000 -1.000000
vn -0.000000 -0.000000 -1.000000
vn -0.000000 -0.000000 -1.000000
vn -0.000000 -0.000000 -1.000000
vn -0.000000 -0.000000 -1.000000
vn -0.000000 -0.000000 -1.000000
vn -0.000000 -0.000000 -1.000000
vn -0.000000 -0.000000 -1.000000
vn -0.000000 -0.000000 -1.000000
vn -0.000000 -0.000000 -1.000000
vn -0.000000 -0.000000 -1.000000
vn -0.000000 -0.000000 -1.000000
vn -0.000000 -0.000000 -1.000000
vn -0.000000 -0.000000 -1.000000
vn -0.000000 -0.000000 -1.000000
vn -0.000000 -0.000000 -1.000000
vn -0.000000 -0.000000 -1.000000
vn -0.000000 -0.000000 -1.000000
vn -0.000000 -0.000000 -1.000000
vn -0.000000 -0.000000 -1.000000
vn -0.000000 -0.000000 -1.000000
vn -0.000000 -0.000000 -1.000000
vn -0.000000 -0.000000 -1.000000
vn -0.000000 -0.000000 -1.000000
vn -0.000000 -0.000000 -1.000000
vn -0.000000 -0.000000 -1.000000
vn -0.000000 -0.000000 -1.000000
vn -0.000000 -0.000000 -1.000000
vn -0.000000 -0.000000 -1.000000
vn -0.000000 -0.000000 -1.000000
vn -0.000000 -0.000000 -1.000000
vn -0.000000 -0.000000 -1.000000
vn -0.000000 -0.000000 -1.000000
vn -0.000000 -0.000000 -1.000000
vn -0.000000 -0.000000 -1.000000
vn -0.000000 -0.000000 -1.000000
vn -0.000000 -0.000000 -1.000000
vn -0.000000 -0.000000 -1.000000
vn -0.000000 -0.000000 -1.000000
vn -0.000000 -0.000000 -1.000000
vn -0.000000 -0.000000 -1.000000
vn -0.000000 -0.000000 -1.000000
vn -0.000000 -0.000000 -1.000000
vn -0.000000 -0.000000 -1.000000
vn -0.000000 -0.000000 -1.000000
vn -0.000000 -0.000000 -1.000000
vn -0.000000 -0.000000 -1.000000
vn -0.000000 -0.000000 -1.000000
vn -0.000000 -0.000000 -1.000000
vn -0.000000 -0.000000 -1.000000
vn -0.000000 -0.000000 -1.000000
vn -0.000000 -0.000000 -1.000000
vn -0.000000 -0.000000 -1.000000
vn -0.000000 -0.000000 -1.000000
vn -0.000000 -0.000000 -1.000000
vn -0.000000 -0.000000 -1.000000
vn -0.000000 -0.000000 -1.000000
vn -0.000000 -0.000000 -1.000000
vn -0.000000 -0.000000 -1.000000
vn -0.000000 -0.000000 -1.000000
vn -0.000000 -0.000000 -1.000000
vn -0.000000 -0.000000 -1.000000
vn -0.000000 -0.000000 -1.000000
vn -0.000000 -0.000000 -1.000000
vn -0.000000 -0.000000 -1.000000
vn -0.000000 -0.000000 -1.000000
vn -0.000000 -0.000000 -1.000000
vn -0.000000 -0.000000 -1.000000
vn -0.000000 -0.000000 -1.000000
vn -0.000000 -0.000000 -1.000000
vn -0.000000 -0.000000 -1.000000
vn -0.000000 -0.000000 -1.000000
vn -0.000000 -0.000000 -1.000000
vn -0.000000 -0.000000 -1.000000
vn -0.000000 -0.000000 -1.000000
vn -0.000000 -0.000000 -1.000000
vn -0.000000 -0.000000 -1.000000
vn -0.000000 -0.000000 -1.000000
vn -0.000000 -0.000000 -1.000000
vn 0.000000 -1.000000 0.000000
vn 0.000000 -1.000000 0.000000
vn 0.000000 -1.000000 0.000000
vn 0.000000 -1.000000 0.000000
vn 0.000000 -1.000000 0.000000
vn 0.000000 -1.000000 0.000000
vn 0.000000 -1.000000 0.000000
vn 0.000000 -1.000000 0.000000
vn 0.000000 -1.000000 0.000000
vn 0.000000 -1.000000 0.000000
vn 0.000000 -1.000000 0.000000
vn 0.000000 -1.000000 0.000000
vn 0.000000 -1.000000 0.000000
vn 0.000000 -1.000000 0.000000
vn 0.000000 -1.000000 0.000000
vn 0.000000 -1.000000 0.000000
vn 0.000000 -1.000000 0.000000
vn 0.000000 -1.000000 0.000000
vn 0.000000 -1.000000 0.000000
vn 0.000000 -1.000000 0.000000
vn 0.000000 -1.000000 0.000000
vn 0.000000 -1.000000 0.000000
vn 0.000000 -1.000000 0.000000
vn 0.000000 -1.000000 0.000000
vn 1.000000 0.000000 -0.000000
vn 1.000000 0.000000 -0.000000
vn 1.000000 0.000000 -0.000000
vn 1.000000 0.000000 -0.000000
vn 1.000000 0.000000 -0.000000
vn 1.000000 0.000000 -0.000000
vn 1.000000 0.000000 -0.000000
vn 1.000000 0.000000 -0.000000
vn 1.000000 0.000000 -0.000000
vn 1.000000 0.000000 -0.000000
vn 1.000000 0.000000 -0.000000
vn 1.000000 0.000000 -0.000000
vn 1.000000 0.000000 -0.000000
vn 1.000000 0.000000 -0.000000
vn 1.000000 0.000000 -0.000000
vn 1.000000 0.000000 -0.000000
vn 1.000000 0.000000 -0.000000
vn 1.000000 0.000000 -0.000000
vn 1.000000 0.000000 -0.000000
vn 1.000000 0.000000 -0.000000
vn 1.000000 0.000000 -0.000000
vn 1.000000 0.000000 -0.000000
vn 1.000000 0.000000 -0.000000
vn 1.000000 0.000000 -0.000000
vn 0.077753 -0.052336 -0.995598
vn 0.077753 -0.052336 -0.995598
vn 0.077753 -0.052336 -0.995598
vn 0.077753 -0.052336 -0.995598
vn 0.077753 -0.052336 -0.995598
vn 0.077753 -0.052336 -0.995598
vn 0.077753 -0.052336 -0.995598
vn 0.077753 -0.052336 -0.995598
vn 0.077753 -0.052336 -0.995598
vn 0.077753 -0.052336 -0.995598
vn 0.077753 -0.052336 -0.995598
vn 0.077753 -0.052336 -0.995598
vn 0.077753 -0.052336 -0.995598
vn 0.077753 -0.052336 -0.995598
vn -1.000000 -0.000000 0.000000
vn -1.000000 -0.000000 0.000000
vn -1.000000 -0.000000 0.000000
vn -1.000000 -0.000000 0.000000
vn -0.000000 1.000000 -0.000000
vn -0.000000 1.000000 -0.000000
vn -0.000000 1.000000 -0.000000
vn -0.000000 1.000000 -0.000000
vn -0.649018 -0.076898 -0.756877
vn -0.649018 -0.076898 -0.756877
vn -0.649018 -0.076898 -0.756877
vn -0.624606 -0.208368 -0.752629
vn -0.633899 -0.172748 -0.753877
vn -0.623929 -0.211097 -0.752430
vn -0.648669 -0.083290 -0.756499
vn -0.621109 -0.222242 -0.751553
vn -0.648363 -0.088534 -0.756166
vn -0.583800 -0.316544 -0.747648
vn -0.568810 -0.344155 -0.747003
vn -0.555447 -0.367218 -0.746076
vn -0.487846 -0.461288 -0.741094
vn -0.449838 -0.501681 -0.738892
vn -0.471548 -0.480848 -0.739207
vn -0.399780 -0.547810 -0.734901
vn -0.533409 -0.403356 -0.743491
vn -0.385507 -0.557809 -0.735006
vn -0.320050 -0.603060 -0.730675
vn -0.315806 -0.604200 -0.731579
vn -0.266957 -0.630288 -0.729021
vn -0.162663 -0.669700 -0.724598
vn -0.234396 -0.645820 -0.726619
vn -0.144513 -0.675775 -0.722803
vn -0.106988 -0.683402 -0.722161
vn -0.052246 -0.692743 -0.719289
vn -0.065637 -0.690268 -0.720570
vn 0.017439 -0.696255 -0.717582
vn -0.069872 -0.689458 -0.720947
vn 0.004112 -0.695675 -0.718344
vn 0.050335 -0.695406 -0.716852
vn 0.071212 -0.695336 -0.715148
vn 0.499391 -0.052336 0.864795
vn 0.499391 -0.052336 0.864795
vn 0.499391 -0.052336 0.864795
vn 0.499391 -0.052336 0.864795
vn 0.499391 -0.052336 0.864795
vn 0.499391 0.052336 0.864795
vn 0.499391 0.052336 0.864795
vn 0.499391 0.052336 0.864795
vn 0.499391 0.052336 0.864795
vn 0.499391 0.052336 0.864795
vn 0.899604 0.436707 -0.000000
vn 0.899604 0.436707 -0.000000
vn 0.780265 0.625449 -0.000000
vn 0.780265 0.625449 -0.000000
vn 0.622018 0.783003 -0.000000
vn 0.622018 0.783003 -0.000000
vn 0.432753 0.901512 -0.000000
vn 0.432753 0.901512 -0.000000
vn 0.221909 0.975067 -0.000000
vn 0.221909 0.975067 -0.000000
vn 0.999391 0.034899 -0.000000
vn 0.999391 0.034899 -0.000000
vn 0.999391 0.034899 -0.000000
vn 0.999391 0.034899 -0.000000
vn 0.999391 0.034899 -0.000000
vn 0.999391 0.034899 -0.000000
vn 0.999391 0.034899 -0.000000
vn 0.999391 0.034899 -0.000000
vn 0.999391 0.034899 -0.000000
vn 0.999391 0.034899 -0.000000
vn 0.999391 0.034899 -0.000000
vn 0.999391 0.034899 -0.000000
vn 0.999391 0.034899 -0.000000
vn 0.999391 0.034899 -0.000000
vn 0.999391 0.034899 -0.000000
vn 0.999391 0.034899 -0.000000
vn 0.999391 0.034899 -0.000000
vn 0.999391 -0.034899 -0.000000
vn 0.999391 -0.034899 -0.000000
vn 0.999391 -0.034899 -0.000000
vn 0.999391 -0.034899 -0.000000
vn 0.999391 -0.034899 -0.000000
vn 0.999391 -0.034899 -0.000000
vn 0.999391 -0.034899 -0.000000
vn 0.999391 -0.034899 -0.000000
vn 0.999391 -0.034899 -0.000000
vn 0.999391 -0.034899 -0.000000
vn 0.999391 -0.034899 -0.000000
vn 0.999391 -0.034899 -0.000000
vn 0.999391 -0.034899 -0.000000
vn 0.999391 -0.034899 -0.000000
vn 0.999391 -0.034899 -0.000000
vn 0.999391 -0.034899 -0.000000
vn 0.999391 -0.034899 -0.000000
vn 0.999391 -0.034899 -0.000000
vn 0.999391 -0.034899 -0.000000
vn 0.999391 -0.034899 -0.000000
vn 0.999391 -0.034899 -0.000000
vn 0.999391 -0.034899 -0.000000
vn 0.999391 -0.034899 -0.000000
vn 0.999391 -0.034899 -0.000000
vn 0.999391 -0.034899 -0.000000
vn 0.999391 -0.034899 -0.000000
vn 0.999391 -0.034899 -0.000000
vn 0.999391 -0.034899 -0.000000
vn 0.999391 -0.034899 -0.000000
vn 0.050305 -0.695406 -0.716854
vn 0.071183 -0.695336 -0.715151
vn 0.071107 -0.694239 -0.716224
vn 0.209833 -0.670908 -0.711233
vn 0.086237 -0.692973 -0.715788
vn 0.104000 -0.691072 -0.715265
vn 0.102406 -0.691202 -0.715369
vn 0.105762 -0.690604 -0.715458
vn 0.102512 -0.690985 -0.715564
vn 0.102247 -0.691011 -0.715576
vn 0.101962 -0.691040 -0.715589
vn 0.101658 -0.691071 -0.715602
vn 0.338997 -0.619195 -0.708292
vn 0.292497 -0.640881 -0.709731
vn 0.426463 -0.564357 -0.706845
vn 0.453955 -0.543131 -0.706353
vn 0.503529 -0.498324 -0.705784
vn 0.550810 -0.446106 -0.705406
vn 0.579288 -0.408612 -0.705310
vn 0.626238 -0.331914 -0.705449
vn 0.545378 -0.347889 -0.762586
vn 0.572698 -0.275003 -0.772264
vn 0.484284 -0.315068 -0.816211
vn 0.456186 -0.223202 -0.861438
vn 0.379034 -0.248795 -0.891310
vn 0.331651 -0.167358 -0.928439
vn 0.240031 -0.156151 -0.958124
vn 0.203999 -0.109707 -0.972805
vn 0.077748 -0.052333 -0.995599
vn 0.077718 -0.052319 -0.995602
vn 0.077725 -0.052325 -0.995601
vn 0.077753 -0.052336 -0.995598
vn 0.305575 -0.116138 -0.945059
vn 0.515513 -0.173143 -0.839207
vn 0.603690 -0.372374 -0.704908
vn 0.675241 -0.320100 -0.664520
vn 0.695278 -0.220014 -0.684238
vn 0.761399 -0.357433 -0.540845
vn 0.834351 -0.254008 -0.489222
vn 0.924591 -0.273135 -0.265573
vn 0.710755 -0.392059 -0.584052
vn 0.961262 -0.275637 -0.000000
vn 0.961262 -0.275637 -0.000000
vn 0.961262 -0.275637 -0.000000
vn 0.961262 -0.275637 -0.000000
vn 0.961262 -0.275637 -0.000000
vn 0.961262 -0.275637 -0.000000
vn 0.941448 -0.337158 -0.000000
vn 0.890121 -0.455724 -0.000000
vn 0.917702 -0.397270 -0.000000
vn 0.890122 -0.455723 -0.000000
vn 0.890122 -0.455723 -0.000000
vn 0.890122 -0.455723 -0.000000
vn 0.890122 -0.455723 -0.000000
vn 0.890122 -0.455723 -0.000000
vn 0.890122 -0.455723 -0.000000
vn 0.890122 -0.455723 -0.000000
vn 0.890122 -0.455723 -0.000000
vn 0.890122 -0.455723 -0.000000
vn 0.890122 -0.455723 -0.000000
vn 0.890122 -0.455723 -0.000000
vn 0.890122 -0.455723 -0.000000
vn 0.961262 -0.275637 -0.000000
vn 0.961262 -0.275637 0.000000
vn 0.957967 -0.276950 -0.074814
vn 0.949299 -0.276709 -0.149207
vn 0.930154 -0.274089 -0.244314
vn 0.935306 -0.274916 -0.222764
vn 0.930478 -0.274143 -0.243013
vn 0.928578 -0.273825 -0.250527
vn 0.926615 -0.273489 -0.258047
vn 0.924591 -0.273135 -0.265573
vn 0.842623 -0.255915 -0.473809
vn 0.834351 -0.254008 -0.489222
vn 0.703979 -0.222217 -0.674562
vn 0.695278 -0.220014 -0.684238
vn 0.522631 -0.175039 -0.834397
vn 0.515513 -0.173143 -0.839207
vn 0.309582 -0.117243 -0.943617
vn 0.305575 -0.116138 -0.945059
vn 0.077753 -0.052336 -0.995598
vn 0.077753 -0.052336 -0.995598
vn 0.961262 -0.275637 -0.000000
vn 0.957967 -0.276950 -0.074814
vn 0.890123 -0.455721 -0.000000
vn 0.949299 -0.276709 -0.149207
vn 0.935306 -0.274916 -0.222764
vn -0.941956 -0.335737 0.000000
vn -0.941956 -0.335737 0.000000
vn -0.985382 -0.170359 0.000000
vn -0.985382 -0.170359 0.000000
vn -1.000000 -0.000000 0.000000
vn -0.985382 0.170359 0.000000
vn -0.985382 0.170359 0.000000
vn -1.000000 -0.000000 0.000000
vn -0.941956 0.335737 0.000000
vn -0.941956 0.335737 0.000000
vn 0.642788 0.766044 -0.000000
vn 0.642788 0.766044 -0.000000
vn 0.642788 0.766044 -0.000000
vn 0.642788 0.766044 -0.000000
vn 0.642788 0.766044 -0.000000
vn 0.642788 0.766044 -0.000000
vn 0.000000 -0.052336 0.998630
vn 0.000000 -0.052336 0.998630
vn 0.000000 -0.052336 0.998630
vn 0.000000 -0.052336 0.998630
vn 0.000000 -0.052336 0.998630
vn 0.000000 -0.052336 0.998630
vn 0.000000 -0.052336 0.998630
vn 0.000000 -0.052336 0.998630
vn 0.000000 -0.052336 0.998630
vn 0.000000 -0.052336 0.998630
vn 0.000000 -0.052336 0.998630
vn 0.000000 -0.052336 0.998630
vn 0.000000 -0.052336 0.998630
vn 0.000000 -0.052336 0.998630
vn 0.000000 -0.052336 0.998630
vn 0.000000 -0.052336 0.998630
vn 0.000000 -0.052336 0.998630
vn 0.000000 -0.052336 0.998630
vn 0.000000 -0.052336 0.998630
vn 0.000000 -0.052336 0.998630
vn 0.000000 -0.052336 0.998630
vn 0.642788 -0.766044 -0.000000
vn 0.642788 -0.766044 -0.000000
vn 0.642788 -0.766044 -0.000000
vn 0.642788 -0.766044 -0.000000
vn 0.642788 -0.766044 -0.000000
vn 0.642788 -0.766044 -0.000000
vn 0.642788 -0.766044 -0.000000
vn 0.642788 -0.766044 -0.000000
vn 0.642788 -0.766044 -0.000000
vn 0.642788 -0.766044 -0.000000
vn 0.642788 -0.766044 0.000000
vn 0.642788 -0.766044 0.000000
vn 0.635307 -0.763282 0.117413
vn 0.642788 -0.766044 0.000000
vn 0.627929 -0.757661 0.177918
vn 0.632232 -0.754030 0.178105
vn 0.619290 -0.750186 0.231733
vn 0.598161 -0.715965 0.359997
vn 0.581503 -0.710012 0.397162
vn 0.539106 -0.650240 0.535307
vn 0.529205 -0.648501 0.547163
vn 0.461784 -0.566442 0.682568
vn 0.547166 -0.643261 0.535561
vn 0.465079 -0.550829 0.693028
vn 0.471795 -0.544942 0.693144
vn 0.368623 -0.432632 0.822768
vn 0.373081 -0.428737 0.822797
vn 0.253956 -0.304920 0.917894
vn 0.256745 -0.302520 0.917913
vn 0.128614 -0.175732 0.976000
vn 0.127050 -0.177055 0.975966
vn 0.000000 -0.052336 0.998630
vn -0.000000 -0.052336 0.998630
vn 0.114520 -0.187606 0.975545
vn 0.000000 -0.052336 0.998630
vn 0.114520 -0.187606 0.975545
vn 0.000000 -0.052336 0.998630
vn 0.199155 -0.286459 0.937165
vn 0.231511 -0.323978 0.917301
vn 0.412662 -0.530594 0.740392
vn 0.344307 -0.453415 0.822112
vn 0.445673 -0.567420 0.692394
vn 0.476567 -0.540711 0.693192
vn 0.557809 -0.633847 0.535805
vn 0.561330 -0.630683 0.535862
vn 0.615475 -0.700831 0.360592
vn 0.612728 -0.703276 0.360509
vn 0.640390 -0.747033 0.178446
vn 0.638454 -0.748707 0.178366
vn 0.642788 -0.766044 0.000000
vn 0.635737 -0.751042 0.178253
vn 0.604433 -0.710558 0.360233
vn 0.642788 -0.766044 0.000000
vn 0.627929 -0.757661 0.177918
vn 0.640390 -0.747033 0.178446
vn 0.641935 -0.745690 0.178508
vn 0.612728 -0.703276 0.360509
vn 0.635043 -0.763103 0.119979
vn 0.618859 -0.749798 0.234131
vn 0.590439 -0.722507 0.359674
vn 0.596092 -0.728128 0.338384
vn 0.568643 -0.700299 0.431540
vn 0.529168 -0.658672 0.534913
vn 0.500195 -0.627387 0.596817
vn -0.000000 -0.052336 0.998630
vn 0.127050 -0.177055 0.975966
vn 0.250465 -0.307914 0.917854
vn 0.362357 -0.438061 0.822679
vn 0.380484 -0.467920 0.797673
vn 0.456385 -0.558339 0.692799
vn 0.125095 -0.178706 0.975918
vn 0.196754 -0.256751 0.946238
vn 0.231511 -0.323978 0.917301
vn 0.373081 -0.428737 0.822797
vn 0.253956 -0.304920 0.917894
vn 0.376637 -0.425612 0.822800
vn 0.480369 -0.537313 0.693210
vn 0.557809 -0.633847 0.535805
vn 0.609281 -0.706320 0.360400
vn 0.476567 -0.540711 0.693192
vn 0.553389 -0.637784 0.535716
vn 0.000000 -0.173648 0.984808
vn 0.000000 -0.173648 0.984808
vn 0.000000 -0.173648 0.984808
vn 0.000000 -0.173648 0.984808
vn 0.000000 -0.173648 0.984808
vn 0.000000 -0.173648 0.984808
vn 0.000000 -0.173648 0.984808
vn 0.000000 -0.173648 0.984808
vn 0.000000 -0.173648 0.984808
vn 0.000000 -0.173648 0.984808
vn 0.000000 -0.173648 0.984808
vn 0.000000 -0.173648 0.984808
vn 0.000000 -0.173648 0.984808
vn 0.000000 -0.173648 0.984808
vn 0.000028 -0.052333 0.998630
vn 0.000000 -0.052336 0.998630
vn -0.144999 -0.065848 0.987238
vn -0.264833 -0.080008 0.960969
vn -0.291912 -0.078360 0.953230
vn -0.435450 -0.089315 0.895771
vn -0.433432 -0.081589 0.897486
vn -0.622706 -0.090464 0.777209
vn -0.570123 -0.098221 0.815667
vn -0.690697 -0.104704 0.715524
vn -0.644216 -0.108097 0.757166
vn -0.753431 -0.112830 0.647774
vn -0.523906 -0.100866 0.845783
vn -0.793148 -0.108580 0.599272
vn -0.847267 -0.114819 0.518608
vn -0.874797 -0.109847 0.471873
vn -0.921218 -0.113874 0.372007
vn -0.972516 -0.088912 0.215192
vn -0.899209 -0.094255 0.427246
vn -0.780616 -0.094772 0.617784
vn -0.222320 -0.068646 0.972554
vn 0.000000 -0.052336 0.998630
vn 0.000024 -0.052334 0.998630
vn 0.000037 -0.052332 0.998630
vn -0.984808 -0.173648 0.000000
vn -0.984808 -0.173648 0.000000
vn -0.984808 -0.173648 0.000000
vn -0.984808 -0.173648 0.000000
vn -0.000000 0.141014 -0.990008
vn -0.000000 0.141014 -0.990008
vn -0.000000 0.140817 -0.990036
vn -0.000000 0.140817 -0.990036
vn -0.000000 0.140621 -0.990063
vn -0.000000 0.140621 -0.990063
vn -0.000000 0.140425 -0.990091
vn -0.000000 0.140425 -0.990091
vn 0.000000 0.140785 -0.990040
vn 0.000000 0.140842 -0.990032
vn 0.000000 0.140785 -0.990040
vn 0.000000 0.140899 -0.990024
vn 0.000000 0.141013 -0.990008
vn 0.000000 0.140956 -0.990016
vn 0.000000 0.141013 -0.990008
vn 0.000000 0.992047 0.125865
vn 0.000000 0.955005 0.296590
vn 0.000000 0.991272 0.131831
vn 0.000000 0.977853 0.209294
vn 0.000000 0.983399 0.181457
vn 0.000000 0.955005 0.296590
vn 0.000000 0.955005 0.296590
vn 0.000000 0.941215 0.337808
vn 0.000000 0.926277 0.376843
vn 0.000000 0.926277 0.376843
vn 0.000000 0.894362 0.447343
vn 0.000000 0.894362 0.447343
vn 0.000000 0.824429 0.565966
vn 0.000000 0.941215 0.337808
vn 0.000000 0.955005 0.296590
vn 0.000000 0.746972 0.664855
vn 0.000000 0.786610 0.617450
vn 0.000000 0.824429 0.565966
vn 0.000000 0.894362 0.447343
vn 0.000000 0.894362 0.447343
vn 0.000000 0.894362 0.447343
vn 0.000000 0.824429 0.565966
vn 0.000000 0.824429 0.565966
vn 0.000000 0.786610 0.617450
vn 0.000000 0.786610 0.617450
vn 0.000000 0.746972 0.664855
vn 0.000000 0.746972 0.664855
vn 0.000000 0.746972 0.664855
vn 0.000000 0.824429 0.565966
vn 0.000000 0.746972 0.664855
vn 0.000000 0.746972 0.664855
vn 0.000000 0.786610 0.617450
vn 0.000000 0.824429 0.565966
vn 0.000000 0.000000 1.000000
vn 0.000000 0.000000 1.000000
vn 0.000000 0.000000 1.000000
vn 0.000000 0.000000 1.000000
vn 0.000000 0.000000 1.000000
vn -0.000000 -0.992047 -0.125865
vn -0.000000 -0.992047 -0.125865
vn -0.000000 -0.992047 -0.125865
vn -0.000000 -0.992047 -0.125865
vn -0.000000 -0.992047 -0.125865
vn -0.000000 -0.992047 -0.125865
vn 0.000000 -1.000000 0.000000
vn 0.000000 -1.000000 0.000000
vn 0.000000 -1.000000 0.000000
vn -1.000000 0.000000 0.000000
vn -1.000000 0.000000 0.000000
vn -1.000000 0.000000 0.000000
vn 0.000000 -1.000000 0.000000
vn 0.000000 -1.000000 0.000000
vn 0.000000 -1.000000 0.000000
vn 1.000000 0.000000 -0.000000
vn 1.000000 0.000000 -0.000000
vn 1.000000 0.000000 -0.000000
vn 0.000000 -1.000000 0.000000
vn 0.000000 -1.000000 0.000000
vn 0.000000 -1.000000 0.000000
vn 0.000000 -1.000000 0.000000
vn 0.000000 -1.000000 0.000000
vn 0.000000 -1.000000 0.000000
vn -0.788011 0.000000 0.615661
vn -0.788011 0.000000 0.615661
vn -0.788011 0.000000 0.615661
vn -0.788011 0.000000 0.615661
vn -0.770791 -0.207912 0.602208
vn -0.770791 -0.207912 0.602208
vn -0.770791 -0.207912 0.602208
vn -0.770791 -0.207912 0.602208
vn -0.770791 -0.207912 0.602208
vn -0.770791 -0.207912 0.602208
vn 0.000000 -0.999848 -0.017452
vn 0.000000 -0.999848 -0.017452
vn 0.000000 -0.999848 -0.017452
vn 0.000000 -0.999848 -0.017452
vn 0.000000 -0.999848 -0.017452
vn 0.000000 -0.999848 -0.017452
vn 0.000000 -0.999848 -0.017452
vn 0.000000 -0.999848 -0.017452
vn 0.000000 -0.999848 -0.017452
vn 0.000000 -0.999848 -0.017452
vn 0.000000 -0.999848 -0.017452
vn 0.000000 -1.000000 0.000000
vn 0.000000 -1.000000 0.000000
vn 0.000000 -1.000000 0.000000
vn 0.000000 -1.000000 0.000000
vn 0.000000 -1.000000 0.000000
vn 0.000000 -1.000000 0.000000
vn 0.000000 -1.000000 0.000000
vn 0.000000 -1.000000 0.000000
vn 0.000000 -1.000000 0.000000
vn -1.000000 0.000000 0.000000
vn -1.000000 0.000000 0.000000
vn -0.999999 0.001390 0.000000
vn -0.999999 0.001398 0.000000
vn -0.999996 0.002780 0.000000
vn -0.999996 0.002795 0.000000
vn -0.999991 0.004170 0.000000
vn -0.999991 0.004193 0.000000
vn 0.000000 -0.999848 -0.017452
vn 0.000000 -0.999848 -0.017452
vn 0.000000 -0.999848 -0.017452
vn 0.000000 -0.999848 -0.017452
vn 0.000000 -0.999848 -0.017452
vn 0.000000 -0.999848 -0.017452
vn 0.000000 -0.999848 -0.017452
vn 0.000000 -0.999848 -0.017452
vn 0.000000 -0.999848 -0.017452
vn 0.000000 -0.999848 -0.017452
vn 0.000000 -0.999848 -0.017452
vn 0.770791 -0.207912 0.602208
vn 0.770791 -0.207912 0.602208
vn 0.770791 -0.207912 0.602208
vn 0.770791 -0.207912 0.602208
vn 0.770791 -0.207912 0.602208
vn 0.000000 -0.721410 0.692508
vn 0.000000 -0.817860 0.575418
vn 0.000000 -0.721410 0.692508
vn 0.000000 -0.822825 0.568294
vn 0.000000 -0.895488 0.445085
vn 0.000000 -0.903082 0.429467
vn 0.000000 -0.952509 0.304510
vn 0.000000 -0.960117 0.279597
vn 0.000000 -0.960117 0.279597
vn 0.000000 -0.988465 0.151446
vn 0.000000 -0.990323 0.138778
vn 0.000000 -1.000000 0.000000
vn 0.000000 -1.000000 0.000000
vn -0.999657 0.026177 0.000000
vn -0.999657 0.026177 0.000000
vn -0.999657 0.026177 0.000000
vn -0.999657 0.026177 0.000000
vn -0.000000 1.000000 -0.000000
vn -0.000000 1.000000 -0.000000
vn -0.000000 1.000000 -0.000000
vn -0.000000 1.000000 -0.000000
vn -0.000000 1.000000 -0.000000
vn -0.000000 1.000000 -0.000000
vn 0.999657 0.026177 -0.000000
vn 0.999657 0.026177 -0.000000
vn 0.999657 0.026177 -0.000000
vn 0.999657 0.026177 -0.000000
vn 0.000000 -1.000000 0.000000
vn 0.000000 -1.000000 0.000000
vn 0.000000 -1.000000 0.000000
vn 0.000000 -1.000000 0.000000
vn 0.000000 -1.000000 0.000000
vn 0.000000 -1.000000 0.000000
vn 0.000000 -1.000000 0.000000
vn 0.000000 -1.000000 0.000000
vn 0.000000 -1.000000 0.000000
vn 0.000000 -1.000000 0.000000
vn 0.000000 -1.000000 0.000000
vn 0.000000 -1.000000 0.000000
vn 0.447482 0.052336 0.892760
vn 0.447482 0.052336 0.892760
vn 0.447482 0.052336 0.892760
vn 0.447482 0.052336 0.892760
vn 0.447482 0.052336 -0.892760
vn 0.447482 0.052336 -0.892760
vn 0.447482 0.052336 -0.892760
vn 0.447482 0.052336 -0.892760
vn -0.000000 0.999848 -0.017452
vn -0.000000 0.999848 -0.017452
vn -0.000000 0.999848 -0.017452
vn -0.000000 0.999848 -0.017452
vn -0.000000 0.999848 -0.017452
vn -0.000000 0.999848 -0.017452
vn -0.000000 0.999848 -0.017452
vn -0.000000 0.999848 -0.017452
vn -0.000000 0.999848 -0.017452
vn -0.000000 0.999848 -0.017452
vn -0.000000 0.999848 -0.017452
vn -0.000000 0.999848 -0.017452
vn -0.000000 0.999848 -0.017452
vn -0.000000 0.999848 -0.017452
vn -0.000000 0.999848 -0.017452
vn -0.000000 0.999848 -0.017452
vn -0.000000 0.999848 -0.017452
vn -0.000000 0.999848 -0.017452
vn -0.000000 0.999848 -0.017452
vn -0.000000 0.999848 -0.017452
vn -0.977999 0.207880 -0.017452
vn -0.972694 0.212239 0.093916
vn -0.977999 0.207880 -0.017452
vn -0.968561 0.213058 0.128432
vn -0.953553 0.213976 0.212018
vn -0.938399 0.213678 0.271568
vn -0.919402 0.212550 0.330942
vn -0.888157 0.209725 0.408893
vn -0.871536 0.207912 0.444070
vn -0.871536 0.207912 0.444070
vn -0.871536 0.207912 0.444070
vn -0.871536 0.207912 0.444070
vn -0.871536 0.207912 0.444070
vn -0.871536 0.207912 0.444070
vn -0.871536 0.207912 0.444070
vn 0.000000 -0.724708 0.689056
vn 0.000000 -0.724708 0.689056
vn 0.000000 -0.754774 0.655984
vn 0.000000 -0.783333 0.621602
vn 0.000000 -0.815126 0.579283
vn 0.000000 -0.810326 0.585979
vn 0.000000 -0.866846 0.498576
vn 0.000000 -0.889058 0.457794
vn 0.000000 -0.914201 0.405260
vn 0.000000 -0.945009 0.327046
vn 0.000000 -0.950415 0.310985
vn 0.000000 -0.979242 0.202696
vn 0.000000 -0.977969 0.208748
vn 0.000000 -0.945009 0.327046
vn 0.000000 -0.976660 0.214790
vn 0.000000 -0.975314 0.220822
vn 0.000000 -1.000000 0.000000
vn 0.000000 -1.000000 0.000000
vn 0.000000 -1.000000 0.000000
vn 0.000000 -1.000000 0.000000
vn 0.000000 -1.000000 0.000000
vn 0.000000 -1.000000 0.000000
vn 0.000000 -1.000000 0.000000
vn 0.000000 -1.000000 0.000000
vn -0.000000 -0.342020 -0.939693
vn -0.000000 -0.342020 -0.939693
vn -0.000000 -0.342020 -0.939693
vn -0.000000 -0.342020 -0.939693
vn -0.000000 -0.342020 -0.939693
vn -0.000000 -0.342020 -0.939693
vn -0.000000 -0.342020 -0.939693
vn -0.000000 -0.342020 -0.939693
vn -0.000000 -0.342020 -0.939693
vn 0.000000 0.745067 0.666989
vn 0.000000 0.745067 0.666989
vn 0.000000 0.745067 0.666989
vn 0.000000 0.745067 0.666989
vn 0.000000 0.745067 0.666989
vn -0.977999 0.207880 -0.017452
vn -0.977999 0.207880 -0.017452
vn -0.977999 0.207880 -0.017452
vn -0.977999 0.207880 -0.017452
vn -0.977999 0.207880 -0.017452
vn -0.977999 0.207880 -0.017452
vn -0.977999 0.207880 -0.017452
vn -0.977999 0.207880 -0.017452
vn -0.977999 0.207880 -0.017452
vn -0.977999 0.207880 -0.017452
vn -0.977999 0.207880 -0.017452
vn -0.000000 0.342020 -0.939693
vn -0.000000 0.342020 -0.939693
vn -0.000000 0.342020 -0.939693
vn -0.000000 0.342020 -0.939693
vn -0.000000 0.342020 -0.939693
vn -0.000000 0.342020 -0.939693
vn -0.000000 0.342020 -0.939693
vn -0.000000 0.342020 -0.939693
vn 0.977999 0.207880 -0.017452
vn 0.977999 0.207880 -0.017452
vn 0.977999 0.207880 -0.017452
vn 0.977999 0.207880 -0.017452
vn 0.977999 0.207880 -0.017452
vn 0.977999 0.207880 -0.017452
vn 0.977999 0.207880 -0.017452
vn 0.977999 0.207880 -0.017452
vn 0.977999 0.207880 -0.017452
vn 0.977999 0.207880 -0.017452
vn 0.977999 0.207880 -0.017452
vn 0.977999 0.207880 -0.017452
vn 0.977999 0.207880 -0.017452
vn 0.977999 0.207880 -0.017452
vn 0.000000 -0.721410 0.692508
vn 0.000000 -0.721410 0.692508
vn 0.000000 -0.569091 0.822274
vn 0.000000 -0.540159 0.841563
vn 0.000000 -0.390347 0.920668
vn 0.000000 -0.329162 0.944274
vn 0.000000 -0.191706 0.981452
vn 0.000000 -0.100038 0.994984
vn 0.000000 0.018442 0.999830
vn 0.000000 0.134595 0.990901
vn 0.000000 0.227458 0.973788
vn 0.000000 0.361816 0.932250
vn 0.000000 0.423274 0.906002
vn 0.000000 0.569112 0.822260
vn 0.000000 0.597766 0.801670
vn 0.000000 0.745067 0.666989
vn 0.000000 0.745067 0.666989
vn 0.000000 0.745067 0.666989
vn 0.000000 0.745067 0.666989
vn 0.000000 0.745067 0.666989
vn 0.000000 0.745067 0.666989
vn 0.000000 0.745067 0.666989
vn 0.000000 0.745067 0.666989
vn 0.000000 0.745067 0.666989
vn 0.977999 -0.207880 -0.017452
vn 0.977999 -0.207880 -0.017452
vn 0.977999 -0.207880 -0.017452
vn 0.977999 -0.207880 -0.017452
vn 0.977999 -0.207880 -0.017452
vn 0.977999 -0.207880 -0.017452
vn -0.000000 -0.342020 -0.939693
vn -0.000000 -0.342020 -0.939693
vn -0.000000 -0.342020 -0.939693
vn -0.000000 -0.342020 -0.939693
vn -0.000000 -0.342020 -0.939693
vn -0.000000 -0.342020 -0.939693
vn -0.000000 -0.342020 -0.939693
vn 0.783003 -0.209344 0.585732
vn 0.770791 -0.207912 0.602208
vn 0.788986 -0.210027 0.577399
vn 0.869037 -0.217622 0.444315
vn 0.788895 -0.210017 0.577527
vn 0.776937 -0.208639 0.594002
vn 0.770791 -0.207912 0.602208
vn 0.884363 -0.218619 0.412443
vn 0.926150 -0.219964 0.306368
vn 0.954579 -0.218608 0.202458
vn 0.961146 -0.217672 0.169756
vn 0.976575 -0.211615 0.038996
vn 0.977999 -0.207880 -0.017452
vn 0.977747 -0.209639 0.007886
vn 0.977901 -0.209068 -0.000554
vn 0.977985 -0.208482 -0.009000
vn 0.977999 -0.207880 -0.017452
vn -0.000000 0.745067 0.666989
vn -0.000000 0.745067 0.666989
vn 0.013150 0.763221 0.646004
vn 0.023985 0.789060 0.613847
vn 0.030133 0.785623 0.617971
vn 0.060353 0.822560 0.565467
vn 0.075159 0.826095 0.558496
vn 0.090430 0.855521 0.509810
vn 0.152936 0.869865 0.468983
vn 0.120129 0.884203 0.451390
vn 0.228033 0.901095 0.368819
vn 0.176828 0.927433 0.329545
vn 0.205936 0.943080 0.261131
vn 0.108177 0.934987 0.337784
vn 0.095597 0.896101 0.433434
vn 0.082968 0.901703 0.424320
vn 0.062485 0.869480 0.490000
vn 0.036738 0.860560 0.508022
vn 0.041709 0.832365 0.552656
vn 0.020821 0.790743 0.611794
vn 0.048046 0.829164 0.556937
vn -0.000000 0.745067 0.666989
vn 0.358830 0.882760 0.303276
vn 0.247665 0.890403 0.381896
vn 0.071983 0.864963 0.496647
vn 0.961025 0.052336 -0.271463
vn 0.963046 0.052336 -0.264205
vn 0.967399 0.052336 -0.247791
vn 0.973190 0.052336 -0.223970
vn 0.980234 0.052336 -0.190792
vn 0.978395 0.052336 -0.200013
vn 0.986900 0.052336 -0.152612
vn 0.991835 0.052336 -0.116291
vn 0.993099 0.052336 -0.104957
vn 0.997782 0.052336 -0.041127
vn 0.995334 0.052336 -0.081058
vn 0.996994 0.052336 -0.057125
vn 0.997828 0.052336 -0.039996
vn 0.998079 0.052336 -0.033166
vn 0.998540 0.052336 -0.013335
vn 0.998587 0.052336 -0.009191
vn 0.998540 0.052336 0.013335
vn 0.997828 0.052336 0.039996
vn 0.997812 0.052336 -0.040392
vn 0.997812 0.052336 0.040392
vn 0.997782 0.052336 0.041127
vn 0.995448 0.052336 0.079656
vn 0.991835 0.052336 0.116291
vn 0.984470 0.052336 0.167571
vn 0.980234 0.052336 0.190792
vn 0.977770 0.052336 0.203043
vn 0.969793 0.052336 0.238250
vn 0.963046 0.052336 0.264205
vn 0.960548 0.052336 0.273145
vn 0.000000 0.026177 0.999657
vn 0.000000 0.026177 0.999657
vn 0.000000 0.026177 0.999657
vn 0.000000 0.026177 0.999657
vn -0.000000 0.052336 -0.998630
vn -0.000000 0.052336 -0.998630
vn 0.258464 0.052336 -0.964602
vn 0.258464 0.052336 -0.964602
vn 0.499315 0.052336 -0.864839
vn 0.499315 0.052336 -0.864839
vn 0.706138 0.052336 -0.706138
vn 0.706138 0.052336 -0.706138
vn 0.864839 0.052336 -0.499315
vn 0.864839 0.052336 -0.499315
vn 0.964602 0.052336 -0.258464
vn 0.964602 0.052336 -0.258464
vn 0.998630 0.052336 -0.000000
vn 0.998630 0.052336 -0.000000
vn 0.964602 0.052336 0.258464
vn 0.964602 0.052336 0.258464
vn 0.864839 0.052336 0.499315
vn 0.864839 0.052336 0.499315
vn 0.706138 0.052336 0.706138
vn 0.706138 0.052336 0.706138
vn 0.499315 0.052336 0.864839
vn 0.499315 0.052336 0.864839
vn 0.258464 0.052336 0.964602
vn 0.258464 0.052336 0.964602
vn 0.000000 0.052336 0.998630
vn 0.000000 0.052336 0.998630
vn 0.000000 0.052336 0.998630
vn 0.000000 0.052336 0.998630
vn -0.000000 0.052336 -0.998630
vn -0.000000 0.052336 -0.998630
vn -1.000000 -0.000000 0.000000
vn -1.000000 -0.000000 0.000000
vn -1.000000 -0.000000 0.000000
vn -1.000000 -0.000000 0.000000
vn -1.000000 -0.000000 0.000000
vn -1.000000 -0.000000 0.000000
vn -1.000000 -0.000000 0.000000
vn -1.000000 -0.000000 0.000000
vn -1.000000 -0.000000 0.000000
vn -1.000000 -0.000000 0.000000
vn -1.000000 -0.000000 0.000000
vn -1.000000 -0.000000 0.000000
vn -1.000000 -0.000000 0.000000
vn -1.000000 -0.000000 0.000000
vn -1.000000 -0.000000 0.000000
vn -1.000000 -0.000000 0.000000
vn -1.000000 -0.000000 0.000000
vn -1.000000 -0.000000 0.000000
vn -1.000000 -0.000000 0.000000
vn -1.000000 -0.000000 0.000000
vn -1.000000 -0.000000 0.000000
vn -1.000000 -0.000000 0.000000
vn -1.000000 -0.000000 0.000000
vn -1.000000 -0.000000 0.000000
vn -0.000000 1.000000 -0.000000
vn -0.000000 1.000000 -0.000000
vn -0.000000 1.000000 -0.000000
vn -0.000000 1.000000 -0.000000
vn -0.000000 1.000000 -0.000000
vn -0.000000 1.000000 -0.000000
vn -0.000000 1.000000 -0.000000
vn -0.000000 1.000000 -0.000000
vn -0.000000 1.000000 -0.000000
vn -0.000000 1.000000 -0.000000
vn -0.000000 1.000000 -0.000000
vn -0.000000 1.000000 -0.000000
vn -0.000000 1.000000 -0.000000
vn -0.000000 1.000000 -0.000000
vn -0.000000 1.000000 -0.000000
vn -0.000000 1.000000 -0.000000
vn -0.000000 1.000000 -0.000000
vn -0.000000 -0.000000 -1.000000
vn -0.000000 -0.000000 -1.000000
vn -0.000000 -0.000000 -1.000000
vn -0.000000 -0.000000 -1.000000
vn 0.000000 0.000000 1.000000
vn 0.000000 0.000000 1.000000
vn 0.000000 0.000000 1.000000
vn 0.000000 0.000000 1.000000
vn 0.258819 0.000000 0.965926
vn 0.258819 0.000000 0.965926
vn 0.500000 0.000000 0.866025
vn 0.500000 0.000000 0.866025
vn 0.707107 0.000000 0.707107
vn 0.707107 0.000000 0.707107
vn 0.866025 0.000000 0.500000
vn 0.866025 0.000000 0.500000
vn 0.965926 0.000000 0.258819
vn 0.965926 0.000000 0.258819
vn 1.000000 0.000000 -0.000000
vn 1.000000 0.000000 -0.000000
vn 0.965926 0.000000 -0.258819
vn 0.965926 0.000000 -0.258819
vn 0.866025 -0.000000 -0.500000
vn 0.866025 -0.000000 -0.500000
vn 0.707107 -0.000000 -0.707107
vn 0.707107 -0.000000 -0.707107
vn 0.500000 -0.000000 -0.866025
vn 0.500000 -0.000000 -0.866025
vn 0.258819 -0.000000 -0.965926
vn 0.258819 -0.000000 -0.965926
vn -0.669647 0.000000 0.742680
vn -0.669647 0.000000 0.742680
vn -0.810046 0.000000 0.586366
vn -0.773479 0.000000 0.633821
vn -0.864732 0.000000 0.502233
vn -0.914685 0.000000 0.404168
vn -0.933811 0.000000 0.357767
vn -0.978945 -0.000000 0.204127
vn -0.978945 -0.000000 0.204127
vn 0.000000 -0.721410 0.692508
vn 0.000000 -0.721410 0.692508
vn 0.000000 -0.721410 0.692508
vn 0.000000 0.000000 1.000000
vn 0.000000 0.000000 1.000000
vn 0.000000 0.000000 1.000000
vn 0.000000 0.000000 1.000000
vn 0.000000 0.000000 1.000000
vn 0.000000 0.000000 1.000000
vn 0.000000 0.000000 1.000000
vn 0.000000 0.000000 1.000000
vn 0.000000 0.000000 1.000000
vn 0.000000 0.000000 1.000000
vn 0.000000 0.000000 1.000000
vn 0.000000 0.000000 1.000000
vn 0.000000 0.000000 1.000000
vn 0.000000 0.000000 1.000000
vn 0.000000 0.000000 1.000000
vn 0.000000 0.000000 1.000000
vn 0.000000 0.000000 1.000000
vn 0.000000 0.000000 1.000000
vn 0.000000 0.000000 1.000000
vn 0.000000 0.000000 1.000000
vn 0.000000 0.000000 1.000000
vn 0.000000 0.000000 1.000000
vn 0.788011 0.000000 0.615661
vn 0.788011 0.000000 0.615661
vn 0.788011 0.000000 0.615661
vn 0.788011 0.000000 0.615661
vn 0.978945 0.000000 0.204127
vn 0.944749 0.000000 0.327793
vn 0.978945 0.000000 0.204127
vn 0.914686 0.000000 0.404166
vn 0.895001 0.000000 0.446064
vn 0.810048 0.000000 0.586364
vn 0.830518 0.000000 0.556991
vn 0.757169 0.000000 0.653219
vn 0.669650 0.000000 0.742677
vn 0.669650 0.000000 0.742677
vn -0.000000 1.000000 -0.000000
vn -0.000000 1.000000 -0.000000
vn -0.000000 1.000000 -0.000000
vn -0.000000 1.000000 -0.000000
vn -0.000000 1.000000 -0.000000
vn -0.000000 1.000000 -0.000000
vn 0.000000 -1.000000 0.000000
vn 0.000000 -1.000000 0.000000
vn 0.000000 -1.000000 0.000000
vn 0.000000 -1.000000 0.000000
vn 0.000000 -1.000000 0.000000
vn 0.000000 -1.000000 0.000000
vn 0.000000 -1.000000 0.000000
vn 0.000000 -1.000000 0.000000
vn 0.000000 -1.000000 0.000000
vn 0.000000 -1.000000 0.000000
vn -1.000000 -0.000000 0.000000
vn -1.000000 -0.000000 0.000000
vn -1.000000 -0.000000 0.000000
vn -1.000000 -0.000000 0.000000
vn -1.000000 -0.000000 0.000000
vn -1.000000 -0.000000 0.000000
vn -1.000000 -0.000000 0.000000
vn -1.000000 -0.000000 0.000000
vn -1.000000 -0.000000 0.000000
vn -1.000000 -0.000045 0.000000
vn -1.000000 -0.000045 0.000000
vn -0.999999 0.001353 0.000000
vn -0.999996 0.002750 0.000000
vn -0.999991 0.004170 0.000000
vn -0.999991 0.004148 0.000000
vn -1.000000 -0.000000 0.000000
vn -1.000000 -0.000000 0.000000
vn -1.000000 -0.000000 0.000000
vn -1.000000 -0.000000 0.000000
vn -1.000000 -0.000000 0.000000
vn -1.000000 -0.000000 0.000000
vn -1.000000 -0.000000 0.000000
vn -1.000000 -0.000000 0.000000
vn 0.582219 0.813032 -0.000000
vn 0.631695 0.775217 -0.000000
vn 0.582219 0.813032 -0.000000
vn 0.631695 0.775217 -0.000000
vn 0.678721 0.734396 -0.000000
vn 0.678721 0.734396 -0.000000
vn 0.723115 0.690727 -0.000000
vn 0.723115 0.690727 -0.000000
vn -0.000000 -1.000000 0.000000
vn -0.000000 -1.000000 0.000000
vn -0.000000 -1.000000 0.000000
vn -0.000000 -1.000000 0.000000
vn -0.000000 -1.000000 0.000000
vn -0.000000 -1.000000 0.000000
vn -0.000000 -1.000000 0.000000
vn -0.000000 -1.000000 0.000000
vn -0.000000 -1.000000 0.000000
vn -0.000000 -1.000000 0.000000
vn 0.000000 -1.000000 0.000000
vn 0.000000 -1.000000 0.000000
vn 0.000000 -1.000000 0.000000
vn 0.000000 -1.000000 0.000000
vn 0.000000 -1.000000 0.000000
vn 0.000000 -1.000000 0.000000
vn 0.000000 -1.000000 0.000000
vn 0.000000 -1.000000 0.000000
vn 0.000000 -1.000000 0.000000
vn 0.000000 -1.000000 0.000000
vn 0.000000 -1.000000 0.000000
vn 0.000000 -1.000000 0.000000
vn 0.000000 -1.000000 0.000000
vn 0.000000 -1.000000 0.000000
vn 0.000000 -1.000000 0.000000
vn 0.000000 -1.000000 0.000000
vn 0.000000 -1.000000 0.000000
vn 0.000000 -1.000000 0.000000
vn 0.000000 -1.000000 0.000000
vn 0.000000 -1.000000 0.000000
vn 0.000000 -1.000000 0.000000
vn 0.000000 -1.000000 0.000000
vn 0.000000 -1.000000 0.000000
vn 0.000000 -1.000000 0.000000
vn 0.000000 -1.000000 0.000000
vn 0.000000 -1.000000 0.000000
vn 0.000000 -1.000000 0.000000
vn 0.000000 -1.000000 0.000000
vn 0.000000 -1.000000 0.000000
vn 0.000000 -1.000000 0.000000
vn 0.000000 -1.000000 0.000000
vn 0.000000 -1.000000 0.000000
vn 0.000000 -1.000000 0.000000
vn 0.000000 -1.000000 0.000000
vn 0.000000 -1.000000 0.000000
vn 0.000000 -1.000000 0.000000
vn 0.000000 -1.000000 0.000000
vn 0.000000 -1.000000 0.000000
vn 0.000000 -1.000000 0.000000
vn 0.000000 -1.000000 0.000000
vn 0.000000 -1.000000 0.000000
vn 0.000000 -1.000000 0.000000
vn 0.000000 -1.000000 0.000000
vn 0.000000 -1.000000 0.000000
vn 0.000000 -1.000000 0.000000
vn 0.000000 -1.000000 0.000000
vn 0.000000 -1.000000 0.000000
vn 0.000000 -1.000000 0.000000
vn 0.000000 -1.000000 0.000000
vn 0.000000 -1.000000 0.000000
vn 0.652916 -0.757430 -0.000000
vn 0.652916 -0.757430 -0.000000
vn 0.737356 -0.675504 -0.000000
vn 0.740181 -0.672408 -0.000000
vn 0.813316 -0.581823 -0.000000
vn 0.813316 -0.581823 -0.000000
vn 1.000000 -0.000000 -0.000000
vn 1.000000 -0.000000 -0.000000
vn 1.000000 -0.000000 -0.000000
vn 1.000000 -0.000000 -0.000000
vn 0.998630 -0.052336 -0.000000
vn 0.998630 -0.052336 -0.000000
vn 0.998630 -0.052336 -0.000000
vn 0.998630 -0.052336 -0.000000
vn 0.913545 -0.406737 -0.000000
vn 0.913545 -0.406737 -0.000000
vn 0.913545 -0.406737 -0.000000
vn 0.913545 -0.406737 -0.000000
vn 1.000000 0.000000 -0.000000
vn 1.000000 0.000000 -0.000000
vn 1.000000 0.000000 -0.000000
vn 1.000000 0.000000 -0.000000
vn 1.000000 0.000000 -0.000000
vn 1.000000 0.000000 -0.000000
vn 1.000000 0.000000 -0.000000
vn 1.000000 0.000000 -0.000000
vn 1.000000 0.000000 -0.000000
vn 1.000000 0.000000 -0.000000
vn 1.000000 0.000000 -0.000000
vn 1.000000 0.000000 -0.000000
vn 1.000000 0.000000 -0.000000
vn 1.000000 0.000000 -0.000000
vn 1.000000 0.000000 -0.000000
vn 1.000000 0.000000 -0.000000
vn 1.000000 0.000000 -0.000000
vn 1.000000 0.000000 -0.000000
vn 1.000000 0.000000 -0.000000
vn 1.000000 0.000000 -0.000000
vn 1.000000 0.000000 -0.000000
vn 1.000000 0.000000 -0.000000
vn 1.000000 0.000000 -0.000000
vn 1.000000 0.000000 -0.000000
vn 1.000000 0.000000 -0.000000
vn 1.000000 0.000000 -0.000000
vn 1.000000 0.000000 -0.000000
vn 1.000000 0.000000 -0.000000
vn 1.000000 0.000000 -0.000000
vn 1.000000 0.000000 -0.000000
vn 1.000000 0.000000 -0.000000
vn 1.000000 0.000000 -0.000000
vn 1.000000 0.000000 -0.000000
vn 1.000000 0.000000 -0.000000
vn 1.000000 0.000000 -0.000000
vn 1.000000 0.000000 -0.000000
vn 1.000000 0.000000 -0.000000
vn 1.000000 0.000000 -0.000000
vn 1.000000 0.000000 -0.000000
vn 1.000000 0.000000 -0.000000
vn 1.000000 0.000000 -0.000000
vn 1.000000 0.000000 -0.000000
vn 1.000000 0.000000 -0.000000
vn 1.000000 0.000000 -0.000000
vn 1.000000 0.000000 -0.000000
vn 1.000000 0.000000 -0.000000
vn 1.000000 0.000000 -0.000000
vn 1.000000 0.000000 -0.000000
vn 1.000000 0.000000 -0.000000
vn 1.000000 0.000000 -0.000000
vn 1.000000 0.000000 -0.000000
vn 1.000000 0.000000 -0.000000
vn 1.000000 0.000000 -0.000000
vn 1.000000 0.000000 -0.000000
vn 1.000000 0.000000 -0.000000
vn 1.000000 0.000000 -0.000000
vn 1.000000 0.000000 -0.000000
vn 1.000000 0.000000 -0.000000
vn 1.000000 0.000000 -0.000000
vn 1.000000 0.000000 -0.000000
vn 1.000000 0.000000 -0.000000
vn 1.000000 0.000000 -0.000000
vn 1.000000 0.000000 -0.000000
vn 0.000000 1.000000 -0.000000
vn 0.000000 1.000000 -0.000000
vn 0.000000 1.000000 -0.000000
vn 0.000000 1.000000 -0.000000
vn 0.000000 1.000000 -0.000000
vn 0.000000 1.000000 -0.000000
vn 0.000000 1.000000 -0.000000
vn 0.000000 1.000000 -0.000000
vn 0.000000 1.000000 -0.000000
vn 0.000000 1.000000 -0.000000
vn 0.000000 1.000000 -0.000000
vn -0.811311 0.584615 0.000000
vn -0.765543 0.643385 0.000000
vn -0.811311 0.584615 0.000000
vn -0.765543 0.643385 0.000000
vn -0.715527 0.698585 0.000000
vn -0.715527 0.698585 0.000000
vn -0.661542 0.749909 0.000000
vn -0.661542 0.749909 0.000000
vn 0.000000 1.000000 -0.000000
vn 0.000000 1.000000 -0.000000
vn 0.000000 1.000000 -0.000000
vn 0.000000 1.000000 -0.000000
vn 0.000000 1.000000 -0.000000
vn 0.000000 1.000000 -0.000000
vn -1.000000 0.000000 0.000000
vn -1.000000 0.000000 0.000000
vn -1.000000 0.000000 0.000000
vn -1.000000 0.000000 0.000000
vn -0.998630 -0.052336 0.000000
vn -0.998630 -0.052336 0.000000
vn -0.998630 -0.052336 0.000000
vn -0.998630 -0.052336 0.000000
vn -0.913545 -0.406737 0.000000
vn -0.913545 -0.406737 0.000000
vn -0.913545 -0.406737 0.000000
vn -0.913545 -0.406737 0.000000
vn 0.157172 -0.136446 0.978100
vn 0.211296 -0.136446 0.967852
vn 0.259984 -0.136446 0.955924
vn 0.227786 -0.136446 0.964104
vn 0.244210 -0.136446 0.960075
vn 0.052588 -0.136446 0.989251
vn 0.137223 -0.136446 0.981097
vn 0.171910 -0.136446 0.975618
vn 0.171436 -0.136446 0.975701
vn 0.173265 -0.136446 0.975378
vn 0.045872 -0.136446 0.989585
vn -0.052588 -0.136446 0.989251
vn -0.045873 -0.136446 0.989585
vn -0.137224 -0.136446 0.981097
vn -0.157172 -0.136446 0.978100
vn -0.171442 -0.136446 0.975700
vn -0.197335 -0.136446 0.970794
vn -0.218764 -0.136446 0.966191
vn -0.259984 -0.136446 0.955924
vn -0.240087 -0.136446 0.961114
vn -0.261292 -0.136446 0.955567
vn -0.173265 -0.136446 0.975378
vn -0.171910 -0.136446 0.975618
vn 0.192539 -0.136446 0.971757
vn 0.260563 -0.136446 0.955766
vn -0.687379 -0.726299 0.000000
vn -0.687379 -0.726299 0.000000
vn -0.687379 -0.726299 0.000000
vn -0.687379 -0.726299 0.000000
vn 0.000000 -1.000000 0.000000
vn 0.000000 -1.000000 0.000000
vn 0.000000 -1.000000 0.000000
vn 0.000000 -1.000000 0.000000
vn 0.000000 -1.000000 0.000000
vn -0.000000 -0.000000 -1.000000
vn -0.000000 -0.000000 -1.000000
vn -0.000000 -0.000000 -1.000000
vn -0.000000 -0.000000 -1.000000
vn -0.000000 -0.000000 -1.000000
vn -0.000000 -0.000000 -1.000000
vn -0.000000 -0.000000 -1.000000
vn -0.000000 -0.000000 -1.000000
vn -0.000000 -0.000000 -1.000000
vn -0.000000 -0.000000 -1.000000
vn -0.000000 -0.000000 -1.000000
vn -0.000000 -0.000000 -1.000000
vn -0.000000 -0.000000 -1.000000
vn -0.000000 -0.000000 -1.000000
vn -0.000000 -0.000000 -1.000000
vn -0.000000 -0.000000 -1.000000
vn -0.000000 -0.000000 -1.000000
vn -0.000000 -0.000000 -1.000000
vn -0.000000 -0.000000 -1.000000
vn -0.000000 -0.000000 -1.000000
vn -0.000000 -0.000000 -1.000000
vn -0.000000 -0.000000 -1.000000
vn -0.000000 -0.000000 -1.000000
vn -0.000000 -0.000000 -1.000000
vn -0.000000 -0.000000 -1.000000
vn -0.000000 -0.000000 -1.000000
vn -0.000000 -0.000000 -1.000000
vn -0.000000 -0.000000 -1.000000
vn -0.000000 -0.000000 -1.000000
vn -0.000000 -0.000000 -1.000000
vn -0.000000 -0.000000 -1.000000
vn -0.000000 -0.000000 -1.000000
vn -0.000000 -0.000000 -1.000000
vn -0.000000 -0.000000 -1.000000
vn -0.000000 -0.000000 -1.000000
vn -0.000000 -0.000000 -1.000000
vn -0.000000 -0.000000 -1.000000
vn -0.000000 -0.000000 -1.000000
vn -0.000000 -0.000000 -1.000000
vn -0.000000 -0.000000 -1.000000
vn -0.000000 -0.000000 -1.000000
vn -0.000000 -0.000000 -1.000000
vn -0.000000 -0.000000 -1.000000
vn -0.000000 -0.000000 -1.000000
vn -0.000000 -0.000000 -1.000000
vn -0.000000 -0.000000 -1.000000
vn -0.000000 -0.000000 -1.000000
vn -0.000000 -0.000000 -1.000000
vn -0.000000 -0.000000 -1.000000
vn -0.000000 -0.000000 -1.000000
vn -0.000000 -0.000000 -1.000000
vn -0.000000 -0.000000 -1.000000
vn -0.000000 -0.000000 -1.000000
vn -0.000000 -0.000000 -1.000000
vn -0.000000 -0.000000 -1.000000
vn -0.000000 -0.000000 -1.000000
vn -0.000000 -0.000000 -1.000000
vn -0.000000 -0.000000 -1.000000
vn -0.000000 -0.000000 -1.000000
vn -0.000000 -0.000000 -1.000000
vn -0.000000 -0.000000 -1.000000
vn -0.000000 -0.000000 -1.000000
vn -0.000000 -0.000000 -1.000000
vn -0.000000 -0.000000 -1.000000
vn -0.000000 -0.000000 -1.000000
vn -0.000000 -0.000000 -1.000000
vn 0.707107 0.000000 0.707107
vn 0.707107 0.000000 0.707107
vn 0.707107 0.000000 0.707107
vn 0.707107 0.000000 0.707107
vn -0.707107 0.000000 0.707107
vn -0.707107 0.000000 0.707107
vn -0.707107 0.000000 0.707107
vn -0.707107 0.000000 0.707107
vn -0.766044 -0.000000 -0.642788
vn -0.766044 -0.000000 -0.642788
vn -0.766044 -0.000000 -0.642788
vn -0.766044 -0.000000 -0.642788
vn -0.766044 -0.000000 -0.642788
vn -1.000000 -0.000000 0.000000
vn -1.000000 -0.000000 0.000000
vn -1.000000 -0.000000 0.000000
vn -1.000000 -0.000000 0.000000
vn -1.000000 -0.000000 0.000000
vn 0.000000 0.000000 1.000000
vn 0.000000 0.000000 1.000000
vn 0.000000 0.000000 1.000000
vn 0.000000 0.000000 1.000000
vn 1.000000 0.000000 -0.000000
vn 1.000000 0.000000 -0.000000
vn 1.000000 0.000000 -0.000000
vn 1.000000 0.000000 -0.000000
vn 1.000000 0.000000 -0.000000
vn 0.000000 -1.000000 0.000000
vn 0.000000 -1.000000 0.000000
vn 0.000000 -1.000000 0.000000
vn 0.000000 -1.000000 0.000000
vn 0.000000 -1.000000 0.000000
vn 0.000000 -1.000000 0.000000
vn 0.000000 -1.000000 0.000000
vn 0.000000 -1.000000 0.000000
vn -0.000000 1.000000 -0.000000
vn -0.000000 1.000000 -0.000000
vn -0.000000 1.000000 -0.000000
vn -0.000000 1.000000 -0.000000
vn -0.000000 1.000000 -0.000000
vn -0.000000 1.000000 -0.000000
vn 0.000000 -1.000000 0.000000
vn 0.000000 -1.000000 0.000000
vn 0.000000 -1.000000 0.000000
vn 0.000000 -1.000000 0.000000
vn 0.000000 -1.000000 0.000000
vn 0.000000 -1.000000 0.000000
vn 0.000000 -1.000000 0.000000
vn 0.000000 -1.000000 0.000000
vn 0.000000 -1.000000 0.000000
vn 0.000000 -1.000000 0.000000
vn 0.000000 -1.000000 0.000000
vn 0.000000 -1.000000 0.000000
vn 0.000000 -1.000000 0.000000
vn 0.000000 -1.000000 0.000000
vn 0.000000 -1.000000 0.000000
vn 0.000000 -1.000000 0.000000
vn 0.000000 -1.000000 0.000000
vn 0.000000 -1.000000 0.000000
vn 0.000000 -1.000000 0.000000
vn 0.000000 -1.000000 0.000000
vn 0.000000 -1.000000 0.000000
vn 0.000000 -1.000000 0.000000
vn 0.000000 -1.000000 0.000000
vn 0.000000 -1.000000 0.000000
vn 0.000000 -1.000000 0.000000
vn 0.000000 -1.000000 0.000000
vn 0.000000 -1.000000 0.000000
vn 0.000000 -1.000000 0.000000
vn 0.000000 -1.000000 0.000000
vn 0.000000 -1.000000 0.000000
vn 0.000000 -1.000000 0.000000
vn 0.000000 -1.000000 0.000000
vn 0.000000 -1.000000 0.000000
vn 0.000000 -1.000000 0.000000
vn 0.000000 -1.000000 0.000000
vn 0.000000 -1.000000 0.000000
vn 0.000000 -1.000000 0.000000
vn 0.000000 -1.000000 0.000000
vn 0.000000 -1.000000 0.000000
vn 0.000000 -1.000000 0.000000
vn 0.000000 -1.000000 0.000000
vn 0.000000 -1.000000 0.000000
vn 0.000000 -1.000000 0.000000
vn 0.000000 -1.000000 0.000000
vn 0.613757 -0.789495 -0.000000
vn 0.613757 -0.789495 -0.000000
vn 0.486481 -0.873691 0.000000
vn 0.455225 -0.890377 0.000000
vn 0.313324 -0.949646 0.000000
vn 0.280619 -0.959819 0.000000
vn 0.128964 -0.991649 0.000000
vn 0.096105 -0.995371 0.000000
vn -0.060006 -0.998198 0.000000
vn -0.091803 -0.995777 0.000000
vn -0.246831 -0.969058 0.000000
vn -0.276469 -0.961023 0.000000
vn -0.424832 -0.905272 0.000000
vn -0.451373 -0.892335 0.000000
vn -0.587643 -0.809120 0.000000
vn -0.610339 -0.792140 0.000000
vn -0.729444 -0.684040 0.000000
vn -0.747755 -0.663975 0.000000
vn -0.845166 -0.534504 0.000000
vn -0.858768 -0.512365 0.000000
vn -0.930671 -0.365857 0.000000
vn -0.939458 -0.342664 0.000000
vn -0.982902 -0.184130 0.000000
vn -0.986977 -0.160863 0.000000
vn -0.999991 0.004180 0.000000
vn -0.999646 0.026617 0.000000
vn -0.981328 0.192340 0.000000
vn -0.977018 0.213158 0.000000
vn -0.927580 0.373624 0.000000
vn -0.919892 0.392172 0.000000
vn -0.840669 0.541550 0.000000
vn -0.830285 0.557339 0.000000
vn -0.723701 0.690114 0.000000
vn -0.711361 0.702826 0.000000
vn -0.580859 0.814004 0.000000
vn -0.567320 0.823497 0.000000
vn -0.417249 0.908792 -0.000000
vn -0.403247 0.915091 -0.000000
vn -0.238722 0.971088 -0.000000
vn -0.224935 0.974374 -0.000000
vn -0.051660 0.998665 -0.000000
vn -0.038681 0.999252 -0.000000
vn 0.137249 0.990537 -0.000000
vn 0.148938 0.988846 -0.000000
vn 0.321251 0.946994 -0.000000
vn 0.331299 0.943526 -0.000000
vn 0.493767 0.869594 -0.000000
vn 0.501962 0.864890 -0.000000
vn 0.648630 0.761104 -0.000000
vn 0.654901 0.755715 -0.000000
vn 0.780303 0.625402 -0.000000
vn 0.784715 0.619856 -0.000000
vn 0.884078 0.467340 -0.000000
vn 0.886822 0.462111 -0.000000
vn 0.956244 0.292569 -0.000000
vn 0.957616 0.288049 -0.000000
vn 0.994222 0.107339 -0.000000
vn 0.994597 0.103815 -0.000000
vn 0.996655 -0.081729 -0.000000
vn 0.996459 -0.084083 -0.000000
vn 0.963454 -0.267876 -0.000000
vn 0.963136 -0.269013 -0.000000
vn 0.895806 -0.444444 -0.000000
vn 0.895806 -0.444444 -0.000000
vn 0.642246 -0.766499 -0.000000
vn 0.653326 -0.757077 -0.000000
vn 0.691186 -0.722677 -0.000000
vn 0.727237 -0.686387 -0.000000
vn 0.755632 -0.654996 -0.000000
vn 0.775048 -0.631902 -0.000000
vn 0.775048 -0.631902 -0.000000
vn -0.252909 -0.967490 0.000000
vn -0.348621 -0.937264 0.000000
vn -0.414293 -0.910144 0.000000
vn -0.520692 -0.853744 0.000000
vn -0.414293 -0.910144 0.000000
vn -0.577240 -0.816575 0.000000
vn -0.673715 -0.738991 0.000000
vn -0.719806 -0.694175 0.000000
vn -0.802090 -0.597203 0.000000
vn -0.836958 -0.547267 0.000000
vn -0.901121 -0.433567 0.000000
vn -0.924560 -0.381036 0.000000
vn -0.967186 -0.254069 0.000000
vn -0.979519 -0.201353 0.000000
vn -0.997867 -0.065276 0.000000
vn -0.999894 -0.014560 0.000000
vn -0.992042 0.125905 0.000000
vn -0.984966 0.172747 0.000000
vn -0.949924 0.312480 0.000000
vn -0.935262 0.353955 0.000000
vn -0.873054 0.487623 0.000000
vn -0.852538 0.522666 0.000000
vn -0.764244 0.644927 0.000000
vn -0.739713 0.672923 0.000000
vn -0.627475 0.778637 0.000000
vn -0.600771 0.799421 0.000000
vn -0.467750 0.883861 -0.000000
vn -0.440618 0.897695 -0.000000
vn -0.290913 0.956749 -0.000000
vn -0.264908 0.964274 -0.000000
vn -0.103433 0.994636 -0.000000
vn -0.079845 0.996807 -0.000000
vn 0.087830 0.996135 -0.000000
vn 0.108037 0.994147 -0.000000
vn 0.275881 0.961192 -0.000000
vn 0.292105 0.956386 -0.000000
vn 0.453839 0.891084 -0.000000
vn 0.465859 0.884859 -0.000000
vn 0.615193 0.788376 -0.000000
vn 0.623165 0.782090 -0.000000
vn 0.754041 0.656827 -0.000000
vn 0.758470 0.651708 -0.000000
vn 0.865304 0.501248 -0.000000
vn 0.866995 0.498317 -0.000000
vn 0.944910 0.327331 -0.000000
vn 0.944910 0.327331 -0.000000
vn -0.163795 -0.986494 0.000000
vn -0.084107 -0.996457 0.000000
vn 0.027022 -0.999635 0.000000
vn 0.087163 -0.996194 0.000000
vn 0.216852 -0.976205 0.000000
vn 0.255876 -0.966710 0.000000
vn 0.398748 -0.917061 0.000000
vn 0.417083 -0.908868 0.000000
vn 0.566056 -0.824367 -0.000000
vn 0.562168 -0.173648 0.808587
vn 0.739131 -0.173648 0.650793
vn 0.671763 -0.173648 0.720125
vn 0.797741 -0.173648 0.577456
vn 0.659477 -0.173648 0.731394
vn 0.873252 -0.173648 0.455278
vn 0.900789 -0.173648 0.398026
vn 0.956757 -0.173648 0.233373
vn 0.964072 -0.173648 0.201025
vn 0.967200 -0.173648 0.185391
vn 0.984806 -0.173648 -0.002059
vn 0.984791 -0.173648 0.005788
vn 0.969331 -0.173648 -0.173909
vn 0.955773 -0.173648 -0.237371
vn 0.921393 -0.173648 -0.347679
vn 0.871341 -0.173648 -0.458925
vn 0.842634 -0.173648 -0.509720
vn 0.736403 -0.173648 -0.653878
vn 0.700700 -0.173648 -0.692002
vn 0.609252 -0.173648 -0.773730
vn 0.558782 -0.173648 -0.810931
vn 0.505349 -0.173648 -0.845262
vn 0.348773 -0.173648 -0.920980
vn 0.390155 -0.173648 -0.904226
vn 0.264810 -0.173648 -0.948537
vn 0.118547 -0.173648 -0.977647
vn 0.132986 -0.173648 -0.975787
vn -0.002450 -0.173648 -0.984805
vn -0.118549 -0.173648 -0.977646
vn -0.138409 -0.173648 -0.975033
vn -0.269563 -0.173648 -0.947197
vn -0.348775 -0.173648 -0.920979
vn -0.393731 -0.173648 -0.902675
vn -0.558784 -0.173648 -0.810930
vn -0.508142 -0.173648 -0.843586
vn -0.610932 -0.173648 -0.772404
vn -0.736405 -0.173648 -0.653876
vn -0.701501 -0.173648 -0.691189
vn -0.842634 -0.173648 -0.509720
vn -0.871342 -0.173648 -0.458923
vn -0.921393 -0.173648 -0.347679
vn -0.955773 -0.173648 -0.237369
vn -0.969331 -0.173648 -0.173909
vn -0.984806 -0.173648 -0.002057
vn -0.984791 -0.173648 0.005788
vn -0.967200 -0.173648 0.185391
vn -0.956756 -0.173648 0.233375
vn -0.964072 -0.173648 0.201025
vn -0.900789 -0.173648 0.398027
vn -0.873251 -0.173648 0.455280
vn -0.797740 -0.173648 0.577458
vn -0.739129 -0.173648 0.650795
vn -0.671760 -0.173648 0.720128
vn -0.562166 -0.173648 0.808589
vn -0.659473 -0.173648 0.731397
vn 0.932829 0.052336 0.356498
vn 0.935991 0.052336 0.348113
vn 0.921096 0.052336 0.385802
vn 0.835913 0.052336 0.546361
vn 0.826774 0.052336 0.560094
vn 0.694497 0.052336 0.717590
vn 0.699893 0.052336 0.712328
vn 0.545448 0.052336 0.836509
vn 0.518735 0.052336 0.853332
vn 0.361555 0.052336 0.930881
vn 0.317320 0.052336 0.946873
vn 0.142518 0.052336 0.988408
vn 0.100213 0.052336 0.993589
vn 0.047651 0.052336 0.997492
vn -0.047651 0.052336 0.997492
vn -0.121851 0.052336 0.991168
vn -0.142518 0.052336 0.988408
vn -0.337888 0.052336 0.939730
vn -0.248592 0.052336 0.967193
vn -0.442380 0.052336 0.895299
vn -0.537216 0.052336 0.841820
vn -0.617216 0.052336 0.785051
vn -0.709976 0.052336 0.702278
vn -0.777658 0.052336 0.626505
vn -0.847626 0.052336 0.528007
vn -0.898426 0.052336 0.435996
vn -0.943358 0.052336 0.327624
vn -0.973357 0.052336 0.223243
vn -0.992437 0.052336 0.111038
vn -0.990978 0.052336 0.123382
vn -0.993243 0.052336 0.103584
vn -0.995979 0.052336 0.072710
vn -0.992437 0.052336 -0.111038
vn -0.992620 0.052336 -0.109390
vn -0.956253 0.052336 -0.287823
vn -0.943358 0.052336 -0.327624
vn -0.888101 0.052336 -0.456659
vn -0.847626 0.052336 -0.528007
vn -0.790444 0.052336 -0.610294
vn -0.709976 0.052336 -0.702278
vn -0.642572 0.052336 -0.764436
vn -0.537216 0.052336 -0.841820
vn -0.553741 0.052336 -0.831043
vn -0.456097 0.052336 -0.888390
vn -0.337888 0.052336 -0.939730
vn -0.350153 0.052336 -0.935229
vn -0.237327 0.052336 -0.970019
vn -0.121851 0.052336 -0.991168
vn -0.120126 0.052336 -0.991378
vn 0.000251 0.052336 -0.998630
vn 0.100213 0.052336 -0.993589
vn 0.120450 0.052336 -0.991339
vn 0.237540 0.052336 -0.969967
vn 0.317320 0.052336 -0.946873
vn 0.350166 0.052336 -0.935224
vn 0.518735 0.052336 -0.853332
vn 0.455619 0.052336 -0.888635
vn 0.552864 0.052336 -0.831626
vn 0.694497 0.052336 -0.717590
vn 0.641359 0.052336 -0.765454
vn 0.790444 0.052336 -0.610294
vn 0.835913 0.052336 -0.546361
vn 0.846381 0.052336 -0.529999
vn 0.894194 0.052336 -0.444609
vn 0.935991 0.052336 -0.348113
vn 0.933423 0.052336 -0.354941
vn -0.998628 0.052336 0.001677
vn -0.998629 0.052336 -0.000900
vn -0.145213 0.052336 0.988015
vn -0.044155 0.052336 0.997653
vn -0.048557 0.052336 0.997448
vn 0.048557 0.052336 0.997448
vn 0.162174 0.052336 0.985373
vn 0.145213 0.052336 0.988015
vn 0.952603 0.052336 0.299681
vn 0.979143 0.052336 0.196317
vn 0.968920 0.052336 0.241777
vn 0.981720 0.052336 0.182995
vn 0.994099 0.052336 0.095017
vn 0.998629 0.052336 -0.000900
vn 0.998613 0.052336 0.005735
vn 0.998629 0.052336 0.001311
vn 0.998623 0.052336 0.003523
vn -0.977999 -0.207880 -0.017452
vn -0.977527 -0.210187 0.016204
vn -0.966473 -0.216538 0.137988
vn -0.954579 -0.218608 0.202458
vn -0.938822 -0.219728 0.265203
vn -0.891790 -0.219023 0.395904
vn -0.884363 -0.218619 0.412443
vn -0.850387 -0.216166 0.479703
vn -0.828543 -0.214188 0.517339
vn -0.787821 -0.209895 0.579036
vn -0.782215 -0.209253 0.586816
vn -0.776538 -0.208592 0.594540
vn -0.770791 -0.207912 0.602208
vn 0.000000 0.965926 0.258819
vn -0.000000 0.993500 0.113834
vn -0.000000 1.000000 -0.000000
vn -0.000000 1.000000 -0.000000
vn -0.000000 0.981504 -0.191444
vn 0.000000 0.866025 0.500000
vn 0.000000 0.913491 0.406858
vn 0.000000 0.964684 0.263411
vn 0.000000 0.825345 0.564628
vn 0.000000 0.707107 0.707107
vn 0.000000 0.710270 0.703929
vn 0.000000 0.558106 0.829769
vn 0.000000 0.500000 0.866025
vn 0.000000 0.384153 0.923269
vn 0.000000 0.258819 0.965926
vn 0.000000 0.195890 0.980626
vn 0.000000 0.000000 1.000000
vn 0.000000 -0.000000 1.000000
vn 0.000000 -0.243319 0.969946
vn 0.000000 -0.258819 0.965926
vn 0.000000 -0.419910 0.907566
vn 0.000000 -0.500000 0.866025
vn 0.000000 -0.581734 0.813379
vn 0.000000 -0.707107 0.707107
vn 0.000000 -0.730884 0.682502
vn 0.000000 -0.866025 0.500000
vn 0.000000 -0.851265 0.524736
vn 0.000000 -0.924952 0.380083
vn 0.000000 -0.965926 0.258819
vn 0.000000 -0.974271 0.225379
vn 0.000000 -0.996545 0.083049
vn 0.000000 -1.000000 0.000000
vn 0.000000 -0.998139 -0.060972
vn 0.000000 -0.997889 -0.064938
vn -0.000000 -0.965926 -0.258819
vn -0.000000 -0.967003 -0.254764
vn -0.000000 -0.900493 -0.434871
vn -0.000000 -0.866025 -0.500000
vn -0.000000 -0.800796 -0.598937
vn -0.000000 -0.707107 -0.707107
vn -0.000000 -0.671852 -0.740685
vn -0.000000 -0.517894 -0.855445
vn -0.000000 -0.500000 -0.866025
vn -0.000000 -0.345032 -0.938591
vn -0.000000 -0.258819 -0.965926
vn -0.000000 -0.159145 -0.987255
vn -0.000000 -0.000000 -1.000000
vn -0.000000 0.032369 -0.999476
vn -0.000000 0.258819 -0.965926
vn -0.000000 0.222959 -0.974828
vn -0.000000 0.404931 -0.914347
vn -0.000000 0.500000 -0.866025
vn -0.000000 0.572255 -0.820076
vn -0.000000 0.707107 -0.707107
vn -0.000000 0.718163 -0.695875
vn -0.000000 0.837939 -0.545764
vn -0.000000 0.866025 -0.500000
vn -0.000000 0.926752 -0.375675
vn -0.000000 0.965926 -0.258819
vn 0.973045 0.000000 -0.230616
vn 0.973045 0.000000 -0.230616
vn 1.000000 0.000000 -0.000000
vn 1.000000 0.000000 -0.000000
vn 0.973045 0.000000 0.230616
vn 0.973045 0.000000 0.230616
vn 0.893633 0.000000 0.448799
vn 0.893633 0.000000 0.448799
vn 0.766044 0.000000 0.642788
vn 0.766044 0.000000 0.642788
vn 0.597159 0.000000 0.802123
vn 0.597159 0.000000 0.802123
vn 0.396080 0.000000 0.918216
vn 0.396080 0.000000 0.918216
vn 0.173648 0.000000 0.984808
vn 0.173648 0.000000 0.984808
vn -0.058145 0.000000 0.998308
vn -0.058145 0.000000 0.998308
vn -0.286803 0.000000 0.957990
vn -0.286803 0.000000 0.957990
vn -0.500000 0.000000 0.866025
vn -0.500000 0.000000 0.866025
vn -0.686242 0.000000 0.727374
vn -0.686242 0.000000 0.727374
vn -0.835488 0.000000 0.549509
vn -0.835488 0.000000 0.549509
vn -0.939693 -0.000000 0.342020
vn -0.939693 -0.000000 0.342020
vn -0.993238 -0.000000 0.116093
vn -0.993238 -0.000000 0.116093
vn -0.993238 -0.000000 -0.116093
vn -0.993238 -0.000000 -0.116093
vn -0.939693 -0.000000 -0.342020
vn -0.939693 -0.000000 -0.342020
vn -0.835488 -0.000000 -0.549509
vn -0.835488 -0.000000 -0.549509
vn -0.686242 -0.000000 -0.727374
vn -0.686242 -0.000000 -0.727374
vn -0.500000 -0.000000 -0.866025
vn -0.500000 -0.000000 -0.866025
vn -0.286803 -0.000000 -0.957990
vn -0.286803 -0.000000 -0.957990
vn -0.058145 -0.000000 -0.998308
vn -0.058145 -0.000000 -0.998308
vn 0.173648 -0.000000 -0.984808
vn 0.173648 -0.000000 -0.984808
vn 0.396080 -0.000000 -0.918216
vn 0.396080 -0.000000 -0.918216
vn 0.597159 -0.000000 -0.802123
vn 0.597159 -0.000000 -0.802123
vn 0.766044 -0.000000 -0.642788
vn 0.766044 -0.000000 -0.642788
vn 0.893633 -0.000000 -0.448799
vn 0.893633 -0.000000 -0.448799
vn -0.000000 -0.258819 -0.965926
vn -0.000000 -0.258819 -0.965926
vn -0.000000 -0.000000 -1.000000
vn -0.000000 -0.000000 -1.000000
vn -0.000000 0.258819 -0.965926
vn -0.000000 -0.500000 -0.866025
vn -0.000000 -0.500000 -0.866025
vn -0.000000 -0.707107 -0.707107
vn -0.000000 -0.707107 -0.707107
vn -0.000000 -0.866025 -0.500000
vn -0.000000 -0.866025 -0.500000
vn -0.000000 -0.965926 -0.258819
vn -0.000000 -0.965926 -0.258819
vn 0.000000 -1.000000 0.000000
vn 0.000000 -1.000000 0.000000
vn 0.000000 -0.965926 0.258819
vn 0.000000 -0.965926 0.258819
vn 0.000000 -0.866025 0.500000
vn 0.000000 -0.866025 0.500000
vn 0.000000 -0.707107 0.707107
vn 0.000000 -0.707107 0.707107
vn 0.000000 -0.500000 0.866025
vn 0.000000 -0.500000 0.866025
vn 0.000000 -0.258819 0.965926
vn 0.000000 -0.258819 0.965926
vn 0.000000 0.000000 1.000000
vn 0.000000 0.000000 1.000000
vn 0.000000 0.258819 0.965926
vn 0.000000 0.258819 0.965926
vn 0.000000 0.500000 0.866025
vn 0.000000 0.500000 0.866025
vn 0.000000 0.707107 0.707107
vn 0.000000 0.707107 0.707107
vn 0.000000 0.866025 0.500000
vn 0.000000 0.866025 0.500000
vn 0.000000 0.965926 0.258819
vn 0.000000 0.965926 0.258819
vn -0.000000 1.000000 0.000000
vn -0.000000 1.000000 -0.000000
vn -0.000000 0.965926 -0.258819
vn -0.000000 0.965926 -0.258819
vn -0.000000 0.866025 -0.500000
vn -0.000000 0.866025 -0.500000
vn -0.000000 0.707107 -0.707107
vn -0.000000 0.707107 -0.707107
vn -0.000000 0.500000 -0.866025
vn -0.000000 0.500000 -0.866025
vn -0.000000 0.258819 -0.965926
vn -0.258819 0.000000 0.965926
vn -0.258819 0.000000 0.965926
vn 0.000000 0.000000 1.000000
vn 0.000000 0.000000 1.000000
vn 0.258819 0.000000 0.965926
vn 0.258819 0.000000 0.965926
vn 0.500000 0.000000 0.866025
vn 0.500000 0.000000 0.866025
vn 0.707107 0.000000 0.707107
vn 0.707107 0.000000 0.707107
vn 0.866025 0.000000 0.500000
vn 0.866025 0.000000 0.500000
vn 0.965926 0.000000 0.258819
vn 0.965926 0.000000 0.258819
vn 1.000000 0.000000 -0.000000
vn 1.000000 0.000000 -0.000000
vn 0.965926 0.000000 -0.258819
vn 0.965926 0.000000 -0.258819
vn 0.866025 -0.000000 -0.500000
vn 0.866025 -0.000000 -0.500000
vn 0.707107 -0.000000 -0.707107
vn 0.707107 -0.000000 -0.707107
vn 0.500000 -0.000000 -0.866025
vn 0.500000 -0.000000 -0.866025
vn 0.258819 -0.000000 -0.965926
vn 0.258819 -0.000000 -0.965926
vn -0.000000 -0.000000 -1.000000
vn -0.000000 -0.000000 -1.000000
vn -0.258819 -0.000000 -0.965926
vn -0.258819 -0.000000 -0.965926
vn -0.500000 -0.000000 -0.866025
vn -0.500000 -0.000000 -0.866025
vn -0.707107 -0.000000 -0.707107
vn -0.707107 -0.000000 -0.707107
vn -0.866025 -0.000000 -0.500000
vn -0.866025 -0.000000 -0.500000
vn -0.965926 -0.000000 -0.258819
vn -0.965926 -0.000000 -0.258819
vn -1.000000 -0.000000 0.000000
vn -1.000000 -0.000000 0.000000
vn -0.965926 -0.000000 0.258819
vn -0.965926 -0.000000 0.258819
vn -0.866025 0.000000 0.500000
vn -0.866025 0.000000 0.500000
vn -0.707107 0.000000 0.707107
vn -0.707107 0.000000 0.707107
vn -0.500000 0.000000 0.866025
vn -0.500000 0.000000 0.866025
vn 0.152000 0.208606 0.966116
vn 0.044097 0.208606 0.977005
vn 0.152000 0.206784 0.966507
vn 0.152000 0.204963 0.966895
vn 0.152000 0.203140 0.967280
vn 0.053293 0.094484 0.994099
vn 0.159038 0.094484 0.982741
vn 0.159718 -0.020897 0.986941
vn 0.260000 0.069737 0.963087
vn 0.260000 -0.033321 0.965034
vn 0.157182 -0.136000 0.978161
vn 0.260000 -0.136000 0.955983
vn -0.052691 0.094484 0.994131
vn -0.064347 0.208606 0.975881
vn -0.158079 0.094484 0.982896
vn -0.172001 0.194976 0.965609
vn -0.210941 0.152000 0.965609
vn -0.186037 0.181632 0.965609
vn -0.199041 0.167280 0.965609
vn -0.172001 0.208606 0.962756
vn -0.172001 0.204067 0.963728
vn -0.172001 0.199524 0.964679
vn -0.260000 0.056240 0.963969
vn -0.227361 0.152000 0.961875
vn -0.243716 0.152000 0.957861
vn -0.260000 0.152000 0.953570
vn -0.158688 -0.020897 0.987108
vn -0.260000 -0.040079 0.964776
vn -0.157182 -0.136000 0.978160
vn -0.260000 -0.136000 0.955983
vn -0.052592 -0.136000 0.989312
vn -0.052995 -0.020897 0.998376
vn 0.052591 -0.136000 0.989312
vn 0.053297 -0.020897 0.998360
vn 0.260000 0.172000 0.950166
vn 0.236101 0.172000 0.956385
vn 0.212054 0.172000 0.962003
vn 0.187873 0.172000 0.967016
vn 0.176570 0.183119 0.967104
vn 0.164597 0.193512 0.967192
vn 0.140980 0.439039 0.887338
vn 0.121458 0.648444 0.751511
vn 0.041531 0.441748 0.896177
vn 0.035241 0.648444 0.760446
vn -0.060613 0.441748 0.895089
vn -0.051433 0.648444 0.759523
vn -0.150747 0.537332 0.829789
vn -0.144438 0.594308 0.791161
vn -0.137439 0.648444 0.748753
vn -0.156357 0.477778 0.864454
vn -0.156420 0.477055 0.864842
vn -0.165659 0.348382 0.922598
vn -0.172023 0.208023 0.962878
vn -0.064355 0.208023 0.976004
vn 0.044103 0.208023 0.977129
vn 0.152019 0.208023 0.966238
vn 0.258819 -0.000000 -0.965926
vn 0.258819 -0.000000 -0.965926
vn -0.000000 -0.000000 -1.000000
vn -0.000000 -0.000000 -1.000000
vn -0.258819 -0.000000 -0.965926
vn -0.258819 -0.000000 -0.965926
vn -0.500000 -0.000000 -0.866025
vn -0.500000 -0.000000 -0.866025
vn -0.707107 -0.000000 -0.707107
vn -0.707107 -0.000000 -0.707107
vn -0.866025 -0.000000 -0.500000
vn -0.866025 -0.000000 -0.500000
vn -0.945123 -0.000000 -0.326715
vn -0.937879 -0.000000 -0.346963
vn -0.935380 -0.000000 -0.353645
vn -0.866025 -0.000000 -0.500000
vn -0.965926 -0.000000 -0.258819
vn 0.500000 -0.000000 -0.866025
vn 0.500000 -0.000000 -0.866025
vn 0.707107 -0.000000 -0.707107
vn 0.707107 -0.000000 -0.707107
vn 0.866025 -0.000000 -0.500000
vn 0.866025 -0.000000 -0.500000
vn 0.945250 0.000000 -0.326347
vn 0.965926 0.000000 -0.258819
vn 0.956111 0.000000 -0.293005
vn 0.968277 0.000000 -0.249881
vn 0.980325 0.000000 -0.197388
vn 0.990759 0.000000 -0.135638
vn 1.000000 0.000000 -0.000000
vn 0.997673 0.000000 -0.068178
vn 1.000000 0.000000 0.000259
vn 0.997637 0.000000 0.068709
vn 0.990690 0.000000 0.136140
vn 0.965926 0.000000 0.258819
vn 0.980237 0.000000 0.197829
vn 0.968186 0.000000 0.250234
vn 0.956022 0.000000 0.293294
vn 0.945183 0.000000 0.326541
vn 0.866025 0.000000 0.500000
vn 0.866025 0.000000 0.500000
vn 0.707107 0.000000 0.707107
vn 0.707107 0.000000 0.707107
vn 0.500000 0.000000 0.866025
vn 0.500000 0.000000 0.866025
vn 0.258819 0.000000 0.965926
vn 0.258819 0.000000 0.965926
vn 0.000000 0.000000 1.000000
vn 0.000000 0.000000 1.000000
vn -0.258819 0.000000 0.965926
vn -0.258819 0.000000 0.965926
vn -0.500000 0.000000 0.866025
vn -0.500000 0.000000 0.866025
vn -0.707107 0.000000 0.707107
vn -0.707107 0.000000 0.707107
vn -0.866025 0.000000 0.500000
vn -0.866025 0.000000 0.500000
vn -0.935370 -0.000000 0.353671
vn -0.937910 -0.000000 0.346880
vn -0.945190 -0.000000 0.326521
vn -0.866025 0.000000 0.500000
vn -0.965926 -0.000000 0.258819
vn 0.707107 0.000000 0.707107
vn 0.500000 0.000000 0.866025
vn 0.258819 0.000000 0.965926
vn 0.000000 0.000000 1.000000
vn -0.258819 0.000000 0.965926
vn -0.500000 0.000000 0.866025
vn -0.707107 0.000000 0.707107
vn -1.000000 -0.000000 0.000000
vn -0.990751 -0.000000 0.135689
vn -0.980305 -0.000000 0.197490
vn -0.968238 -0.000000 0.250029
vn -0.965926 -0.000000 -0.258819
vn -0.990682 -0.000000 -0.136192
vn -0.997636 -0.000000 -0.068723
vn -1.000000 -0.000000 -0.000259
vn -0.955965 -0.000000 -0.293482
vn -0.968147 -0.000000 -0.250382
vn -0.258819 -0.000000 -0.965926
vn -0.000000 -0.000000 -1.000000
vn 0.258819 -0.000000 -0.965926
vn 0.500000 -0.000000 -0.866025
vn 0.707107 -0.000000 -0.707107
vn 0.866025 -0.000000 -0.500000
vn 0.935370 0.000000 -0.353671
vn 0.937948 0.000000 -0.346776
vn -0.500000 -0.000000 -0.866025
vn -0.707107 -0.000000 -0.707107
vn -1.000000 -0.000000 0.000000
vn -0.990762 -0.000000 -0.135613
vn -0.980330 -0.000000 -0.197364
vn -0.968283 -0.000000 -0.249855
vn -0.965926 -0.000000 0.258819
vn -0.990686 -0.000000 0.136170
vn -0.997635 -0.000000 0.068737
vn -1.000000 -0.000000 0.000287
vn -0.937907 -0.000000 0.346887
vn -0.945174 -0.000000 0.326568
vn -0.956014 -0.000000 0.293322
vn 0.866025 0.000000 0.500000
vn 0.935379 0.000000 0.353646
vn 0.937917 0.000000 0.346861
vn 0.965926 0.000000 0.258819
vn 0.937919 0.000000 0.346854
vn 0.945198 0.000000 0.326497
vn 0.956061 0.000000 0.293169
vn 0.968245 0.000000 0.250003
vn 0.980310 0.000000 0.197466
vn 0.990755 0.000000 0.135665
vn 1.000000 0.000000 -0.000000
vn 0.997674 0.000000 0.068166
vn 1.000000 0.000000 -0.000287
vn 0.997634 0.000000 -0.068752
vn 0.990678 0.000000 -0.136222
vn 0.965926 0.000000 -0.258819
vn 0.980210 0.000000 -0.197961
vn 0.968140 0.000000 -0.250409
vn 0.955956 0.000000 -0.293510
vn 0.945113 0.000000 -0.326742
vn 0.937869 0.000000 -0.346989
vn -0.968179 -0.000000 0.250261
vn -0.980231 -0.000000 0.197859
vn -0.997675 -0.000000 -0.068152
vn -0.956118 -0.000000 -0.292981
vn -0.945259 -0.000000 -0.326322
vn -0.937957 -0.000000 -0.346751
vn -0.980216 -0.000000 -0.197931
vn -0.997672 -0.000000 0.068192
vn -0.956053 -0.000000 0.293193
vn -0.000000 1.000000 -0.000000
vn -0.000000 1.000000 -0.000000
vn -0.000000 1.000000 -0.000000
vn -0.000000 1.000000 -0.000000
vn -0.000000 1.000000 -0.000000
vn -0.000000 1.000000 -0.000000
vn -0.000000 1.000000 -0.000000
vn -0.000000 1.000000 -0.000000
vn -0.000000 1.000000 -0.000000
vn -0.000000 1.000000 -0.000000
vn -0.000000 1.000000 -0.000000
vn -0.000000 1.000000 -0.000000
vn -0.000000 1.000000 -0.000000
vn -0.000000 1.000000 -0.000000
vn -0.000000 1.000000 -0.000000
vn -0.000000 1.000000 -0.000000
vn -0.000000 1.000000 -0.000000
vn -0.000000 1.000000 -0.000000
vn -0.000000 1.000000 -0.000000
vn -0.000000 1.000000 -0.000000
vn -0.000000 1.000000 -0.000000
vn -0.000000 1.000000 -0.000000
vn -0.000000 1.000000 -0.000000
vn -0.000000 1.000000 -0.000000
vn -0.000000 1.000000 -0.000000
vn -0.000000 1.000000 -0.000000
vn -0.000000 1.000000 -0.000000
vn -0.000000 1.000000 -0.000000
vn -0.000000 1.000000 -0.000000
vn -0.000000 1.000000 -0.000000
vn -0.000000 1.000000 -0.000000
vn -0.000000 1.000000 -0.000000
vn -0.000000 1.000000 -0.000000
vn -0.000000 1.000000 -0.000000
vn -0.000000 1.000000 -0.000000
vn -0.000000 1.000000 -0.000000
vn -0.000000 1.000000 -0.000000
vn -0.000000 1.000000 -0.000000
vn -0.000000 1.000000 -0.000000
vn -0.000000 1.000000 -0.000000
vn -0.000000 1.000000 -0.000000
vn -0.000000 1.000000 -0.000000
vn -0.000000 1.000000 -0.000000
vn -0.000000 1.000000 -0.000000
vn -0.000000 1.000000 -0.000000
vn -0.000000 1.000000 -0.000000
vn -0.000000 1.000000 -0.000000
vn -0.000000 1.000000 -0.000000
vn 0.258819 -0.000000 -0.965926
vn 0.258819 -0.000000 -0.965926
vn -0.000000 -0.000000 -1.000000
vn -0.000000 -0.000000 -1.000000
vn -0.258819 -0.000000 -0.965926
vn -0.258819 -0.000000 -0.965926
vn -0.500000 -0.000000 -0.866025
vn -0.500000 -0.000000 -0.866025
vn -0.707107 -0.000000 -0.707107
vn -0.707107 -0.000000 -0.707107
vn -0.866025 -0.000000 -0.500000
vn -0.866025 -0.000000 -0.500000
vn -0.965926 -0.000000 -0.258819
vn -0.965926 -0.000000 -0.258819
vn -1.000000 -0.000000 0.000000
vn -1.000000 -0.000000 0.000000
vn -0.965926 -0.000000 0.258819
vn -0.965926 -0.000000 0.258819
vn -0.866025 0.000000 0.500000
vn -0.866025 0.000000 0.500000
vn -0.707107 0.000000 0.707107
vn -0.707107 0.000000 0.707107
vn -0.500000 0.000000 0.866025
vn -0.500000 0.000000 0.866025
vn -0.258819 0.000000 0.965926
vn -0.258819 0.000000 0.965926
vn 0.000000 0.000000 1.000000
vn 0.000000 0.000000 1.000000
vn 0.258819 0.000000 0.965926
vn 0.258819 0.000000 0.965926
vn 0.500000 0.000000 0.866025
vn 0.500000 0.000000 0.866025
vn 0.707107 0.000000 0.707107
vn 0.707107 0.000000 0.707107
vn 0.866025 0.000000 0.500000
vn 0.866025 0.000000 0.500000
vn 0.965926 0.000000 0.258819
vn 0.965926 0.000000 0.258819
vn 1.000000 0.000000 -0.000000
vn 1.000000 0.000000 -0.000000
vn 0.965926 0.000000 -0.258819
vn 0.965926 0.000000 -0.258819
vn 0.866025 -0.000000 -0.500000
vn 0.866025 -0.000000 -0.500000
vn 0.707107 -0.000000 -0.707107
vn 0.707107 -0.000000 -0.707107
vn 0.500000 -0.000000 -0.866025
vn 0.500000 -0.000000 -0.866025
vn 0.000000 -1.000000 0.000000
vn 0.000000 -1.000000 0.000000
vn 0.000000 -1.000000 0.000000
vn 0.000000 -1.000000 0.000000
vn 0.000000 -1.000000 0.000000
vn 0.000000 -1.000000 0.000000
vn 0.000000 -1.000000 0.000000
vn 0.000000 -1.000000 0.000000
vn 0.000000 -1.000000 0.000000
vn 0.000000 -1.000000 0.000000
vn 0.000000 -1.000000 0.000000
vn 0.000000 -1.000000 0.000000
vn 0.000000 -1.000000 0.000000
vn 0.000000 -1.000000 0.000000
vn 0.000000 -1.000000 0.000000
vn 0.000000 -1.000000 0.000000
vn 0.000000 -1.000000 0.000000
vn 0.000000 -1.000000 0.000000
vn 0.000000 -1.000000 0.000000
vn 0.000000 -1.000000 0.000000
vn 0.000000 -1.000000 0.000000
vn 0.000000 -1.000000 0.000000
vn 0.000000 -1.000000 0.000000
vn 0.000000 -1.000000 0.000000
vn 0.000000 -1.000000 0.000000
vn 0.000000 -1.000000 0.000000
vn 0.000000 -1.000000 0.000000
vn 0.000000 -1.000000 0.000000
vn 0.000000 -1.000000 0.000000
vn 0.000000 -1.000000 0.000000
vn 0.000000 -1.000000 0.000000
vn 0.000000 -1.000000 0.000000
vn 0.000000 -1.000000 0.000000
vn 0.000000 -1.000000 0.000000
vn 0.000000 -1.000000 0.000000
vn 0.000000 -1.000000 0.000000
vn 0.000000 -1.000000 0.000000
vn 0.000000 -1.000000 0.000000
vn 0.000000 -1.000000 0.000000
vn 0.000000 -1.000000 0.000000
vn 0.000000 -1.000000 0.000000
vn 0.000000 -1.000000 0.000000
vn 0.000000 -1.000000 0.000000
vn 0.000000 -1.000000 0.000000
vn 0.000000 -1.000000 0.000000
vn 0.000000 -1.000000 0.000000
vn 0.000000 -1.000000 0.000000
vn 0.000000 -1.000000 0.000000
vn 0.258819 0.000000 0.965926
vn 0.258819 0.000000 0.965926
vn 0.000000 0.000000 1.000000
vn 0.000000 0.000000 1.000000
vn -0.258819 0.000000 0.965926
vn -0.258819 0.000000 0.965926
vn -0.500000 0.000000 0.866025
vn -0.500000 0.000000 0.866025
vn -0.707107 0.000000 0.707107
vn -0.707107 0.000000 0.707107
vn -0.866025 0.000000 0.500000
vn -0.866025 0.000000 0.500000
vn -0.965926 -0.000000 0.258819
vn -0.965926 -0.000000 0.258819
vn -1.000000 -0.000000 0.000000
vn -1.000000 -0.000000 0.000000
vn -0.965926 -0.000000 -0.258819
vn -0.965926 -0.000000 -0.258819
vn -0.866025 -0.000000 -0.500000
vn -0.866025 -0.000000 -0.500000
vn -0.707107 -0.000000 -0.707107
vn -0.707107 -0.000000 -0.707107
vn -0.500000 -0.000000 -0.866025
vn -0.500000 -0.000000 -0.866025
vn -0.258819 -0.000000 -0.965926
vn -0.258819 -0.000000 -0.965926
vn -0.000000 -0.000000 -1.000000
vn -0.000000 -0.000000 -1.000000
vn 0.258819 -0.000000 -0.965926
vn 0.258819 -0.000000 -0.965926
vn 0.500000 -0.000000 -0.866025
vn 0.500000 -0.000000 -0.866025
vn 0.707107 -0.000000 -0.707107
vn 0.707107 -0.000000 -0.707107
vn 0.866025 -0.000000 -0.500000
vn 0.866025 -0.000000 -0.500000
vn 0.965926 0.000000 -0.258819
vn 0.965926 0.000000 -0.258819
vn 1.000000 0.000000 -0.000000
vn 1.000000 0.000000 -0.000000
vn 0.965926 0.000000 0.258819
vn 0.965926 0.000000 0.258819
vn 0.866025 0.000000 0.500000
vn 0.866025 0.000000 0.500000
vn 0.707107 0.000000 0.707107
vn 0.707107 0.000000 0.707107
vn 0.500000 0.000000 0.866025
vn 0.500000 0.000000 0.866025
vn 0.984835 -0.170264 0.033329
vn 0.981158 -0.189103 0.039612
vn 0.941433 -0.335550 0.033329
vn 0.966818 -0.248674 0.058522
vn 0.927639 -0.371371 0.039612
vn 0.933600 -0.352390 0.064898
vn 0.894328 -0.441396 0.073128
vn 0.999444 0.000000 0.033329
vn 0.999215 0.000000 0.039612
vn 0.989574 -0.133361 0.054379
vn 0.984835 0.170264 0.033329
vn 0.992202 0.112375 0.053911
vn 0.998547 -0.010805 0.052787
vn 0.981158 0.189103 0.039612
vn 0.941433 0.335550 0.033329
vn 0.971666 0.229227 0.057625
vn 0.939977 0.335250 0.063639
vn 0.927639 0.371371 0.039612
vn 0.901434 0.426960 0.071569
vn 0.841393 0.537110 0.059749
vn 0.864360 0.496659 0.078812
vn 0.840593 0.540216 0.039612
vn 0.823801 0.565484 0.039734
vn 0.723166 0.689537 0.039612
vn 0.720643 0.691876 0.044511
vn 0.600220 0.798362 0.048519
vn 0.579602 0.813937 0.039612
vn 0.585781 0.807831 0.065349
vn 0.469844 0.881111 0.053759
vn 0.415089 0.908918 0.039612
vn 0.403134 0.913835 0.048862
vn 0.330946 0.942592 0.044666
vn 0.253566 0.966438 0.041254
vn 0.235574 0.971049 0.039612
vn 0.171627 0.984401 0.038718
vn 0.000181 0.999329 0.036631
vn 0.086910 0.995523 0.037161
vn -0.171473 0.984428 0.038714
vn -0.086677 0.995543 0.037158
vn -0.326811 0.944259 0.039612
vn -0.253556 0.966441 0.041253
vn -0.499608 0.865346 0.039612
vn -0.403797 0.913541 0.048905
vn -0.331302 0.942466 0.044684
vn -0.654347 0.755156 0.039612
vn -0.600220 0.798362 0.048519
vn -0.585781 0.807831 0.065349
vn -0.470762 0.880616 0.053834
vn -0.845517 0.533254 0.027222
vn -0.785436 0.617674 0.039612
vn -0.721024 0.691480 0.044496
vn -0.823801 0.565484 0.039734
vn -0.840022 0.539398 0.058418
vn -0.930120 0.366246 0.027222
vn -0.982098 0.186392 0.027222
vn -0.994891 0.100075 0.013333
vn -0.995102 0.098204 0.011313
vn -0.995649 0.092710 0.009368
vn -0.996453 0.083814 0.007572
vn -0.997399 0.071827 0.005988
vn -0.998350 0.057231 0.004677
vn -0.999173 0.040495 0.003682
vn -0.999747 0.022297 0.003043
vn -0.999991 0.003237 0.002783
vn -0.999869 -0.015915 0.002912
vn -0.999399 -0.034505 0.003426
vn -0.998649 -0.051793 0.004304
vn -0.997725 -0.067194 0.005515
vn -0.996762 -0.080096 0.007011
vn -0.995896 -0.090078 0.008743
vn -0.995252 -0.096747 0.010644
vn -0.994921 -0.099857 0.012648
vn -0.982098 -0.186392 0.027222
vn -0.994918 -0.099882 0.012690
vn -0.994912 -0.099740 0.014210
vn -0.995109 -0.097529 0.015712
vn -0.995551 -0.092613 0.017345
vn -0.996180 -0.085255 0.018872
vn -0.997104 -0.073219 0.020538
vn -0.998059 -0.058292 0.021919
vn -0.999629 -0.000000 0.027222
vn -0.998851 -0.042085 0.022913
vn -0.999425 -0.024389 0.023572
vn -0.999715 -0.000000 0.023889
vn -0.999527 0.019636 0.023684
vn -0.998992 0.038502 0.023079
vn -0.998190 0.055926 0.022092
vn -0.997249 0.071157 0.020764
vn -0.996391 0.082665 0.019293
vn -0.995652 0.091470 0.017628
vn -0.995195 0.096575 0.016114
vn -0.994937 0.099439 0.014535
vn -0.930120 -0.366246 0.027222
vn -0.845517 -0.533254 0.027222
vn -0.785436 -0.617674 0.039612
vn -0.690266 -0.722125 0.045471
vn -0.654347 -0.755156 0.039612
vn -0.661232 -0.748729 0.046653
vn -0.631225 -0.774138 0.047609
vn -0.600220 -0.798362 0.048519
vn -0.499608 -0.865346 0.039612
vn -0.326811 -0.944259 0.039612
vn -0.142203 -0.989045 0.039612
vn -0.001556 -0.998903 0.046801
vn 0.047545 -0.998083 0.039612
vn 0.084590 -0.995291 0.047330
vn 0.169098 -0.984384 0.048937
vn 0.235574 -0.971049 0.039612
vn 0.250742 -0.966679 0.051575
vn 0.327577 -0.943214 0.055134
vn 0.415089 -0.908918 0.039612
vn 0.399082 -0.914981 0.059530
vn 0.464563 -0.883177 0.064655
vn 0.579602 -0.813937 0.039612
vn 0.573955 -0.815307 0.076487
vn 0.600220 -0.798362 0.048519
vn 0.690267 -0.722125 0.045469
vn 0.690200 -0.722177 0.045654
vn 0.603360 -0.797464 0.002995
vn 0.574699 -0.818365 0.000112
vn 0.583278 -0.812272 0.000225
vn 0.591791 -0.806091 0.000340
vn 0.618062 -0.786111 0.005352
vn 0.635150 -0.772354 0.007369
vn 0.653917 -0.756513 0.009026
vn 0.694038 -0.719850 0.011258
vn 0.723166 -0.689537 0.039612
vn 0.734527 -0.678471 0.012130
vn 0.769049 -0.639071 0.012348
vn 0.823801 -0.565484 0.039734
vn 0.801458 -0.597918 0.012576
vn 0.831667 -0.555127 0.012813
vn 0.840593 -0.540216 0.039612
vn 0.882270 -0.470540 0.013827
vn 0.917942 -0.396380 0.016282
vn 0.929120 -0.369341 0.017971
vn 0.936688 -0.349600 0.019874
vn 0.939407 -0.342163 0.020935
vn 0.942542 -0.332947 0.027598
vn 0.942015 -0.334185 0.030464
vn 0.941468 -0.336377 0.022113
vn 0.943014 -0.331834 0.024731
vn 0.942717 -0.332771 0.023394
vn 0.864850 -0.495750 0.079162
vn 0.841571 -0.536812 0.059922
vn 0.759697 -0.648862 0.042886
vn 0.690316 -0.722066 0.045649
vn -0.088048 -0.994989 0.047374
vn -0.172169 -0.983847 0.049016
vn -0.253093 -0.966061 0.051668
vn -0.329465 -0.942551 0.055237
vn -0.400267 -0.914458 0.059612
vn -0.465143 -0.882867 0.064706
vn -0.573955 -0.815307 0.076487
vn -0.690200 -0.722177 0.045654
vn -0.690314 -0.722068 0.045650
vn -0.759772 -0.648774 0.042883
vn -0.823801 -0.565484 0.039734
vn -0.840022 -0.539398 0.058418
vn -1.000000 0.000000 0.000000
vn -1.000000 0.000000 0.000000
vn -1.000000 0.000000 0.000000
vn -1.000000 0.000000 0.000000
vn -1.000000 0.000000 0.000000
vn -1.000000 0.000000 0.000000
vn -1.000000 0.000000 0.000000
vn -1.000000 0.000000 0.000000
vn -1.000000 0.000000 0.000000
vn -1.000000 0.000000 0.000000
vn -1.000000 0.000000 0.000000
vn -1.000000 0.000000 0.000000
vn -1.000000 0.000000 0.000000
vn -1.000000 0.000000 0.000000
vn -1.000000 0.000000 0.000000
vn -1.000000 0.000000 0.000000
vn -1.000000 0.000000 0.000000
vn -1.000000 0.000000 0.000000
vn -1.000000 0.000000 0.000000
vn -1.000000 0.000000 0.000000
vn -1.000000 0.000000 0.000000
vn -1.000000 0.000000 0.000000
vn -1.000000 0.000000 0.000000
vn -1.000000 0.000000 0.000000
vn -1.000000 0.000000 0.000000
vn -1.000000 0.000000 0.000000
vn -1.000000 0.000000 0.000000
vn -1.000000 0.000000 0.000000
vn -1.000000 0.000000 0.000000
vn -1.000000 0.000000 0.000000
vn -1.000000 0.000000 0.000000
vn -1.000000 0.000000 0.000000
vn -1.000000 0.000000 0.000000
vn -1.000000 0.000000 0.000000
vn -1.000000 0.000000 0.000000
vn -1.000000 0.000000 0.000000
vn -1.000000 0.000000 0.000000
vn -1.000000 0.000000 0.000000
vn -1.000000 0.000000 0.000000
vn -1.000000 0.000000 0.000000
vn -1.000000 0.000000 0.000000
vn -1.000000 0.000000 0.000000
vn -1.000000 0.000000 0.000000
vn -1.000000 0.000000 0.000000
vn -1.000000 0.000000 0.000000
vn -1.000000 0.000000 0.000000
vn -1.000000 0.000000 0.000000
vn 0.000000 -1.000000 0.000000
vn 0.000000 -1.000000 0.000000
vn 0.000000 -1.000000 0.000000
vn 0.000000 -1.000000 0.000000
vn 0.000000 -1.000000 0.000000
vn -1.000000 -0.000000 0.000000
vn -1.000000 -0.000000 0.000000
vn -1.000000 -0.000000 0.000000
vn -1.000000 -0.000000 0.000000
vn 0.000000 0.000000 1.000000
vn 0.000000 0.000000 1.000000
vn 0.000000 0.000000 1.000000
vn 0.000000 0.000000 1.000000
vn 0.000000 0.000000 1.000000
vn 0.000000 0.000000 1.000000
vn 0.000000 0.000000 1.000000
vn 0.000000 0.000000 1.000000
vn 0.000000 0.000000 1.000000
vn 0.000000 0.000000 1.000000
vn 0.000000 0.000000 1.000000
vn 0.000000 0.000000 1.000000
vn 0.000000 0.000000 1.000000
vn 0.000000 0.000000 1.000000
vn 0.000000 0.000000 1.000000
vn 0.000000 0.000000 1.000000
vn 0.000000 0.000000 1.000000
vn 0.000000 0.000000 1.000000
vn 0.000000 0.000000 1.000000
vn 0.000000 0.000000 1.000000
vn 0.000000 0.000000 1.000000
vn -0.998630 -0.052336 0.000000
vn -0.998630 -0.052336 0.000000
vn -0.970821 -0.239804 0.000000
vn -0.953279 -0.302093 0.000000
vn -0.926906 -0.375294 0.000000
vn -0.846503 -0.532384 0.000000
vn -0.864254 -0.503057 0.000000
vn -0.784233 -0.620467 0.000000
vn -0.685183 -0.728371 0.000000
vn -0.688190 -0.725531 0.000000
vn -0.578240 -0.815867 0.000000
vn -0.479713 -0.877425 0.000000
vn -0.456885 -0.889526 0.000000
vn -0.326200 -0.945301 0.000000
vn -0.243333 -0.969943 0.000000
vn -0.188667 -0.982041 0.000000
vn 0.008727 -0.999962 0.000000
vn -0.000000 -1.000000 0.000000
vn 0.217763 -0.976002 0.000000
vn 0.260224 -0.965548 0.000000
vn 0.425075 -0.905158 0.000000
vn 0.494953 -0.868920 0.000000
vn 0.611984 -0.790870 -0.000000
vn 0.697790 -0.716302 -0.000000
vn 0.769520 -0.638623 -0.000000
vn 0.855665 -0.517529 -0.000000
vn 0.890122 -0.455723 -0.000000
vn 0.958406 -0.285410 -0.000000
vn 0.946981 -0.321291 -0.000000
vn 0.983664 -0.180013 -0.000000
vn 0.890122 -0.455723 -0.000000
vn -0.998630 -0.052336 0.000000
vn -0.998630 -0.052336 0.000000
vn -0.000000 1.000000 -0.000000
vn -0.000000 1.000000 -0.000000
vn -0.000000 1.000000 -0.000000
vn -0.000000 1.000000 -0.000000
vn 0.766044 -0.000000 -0.642788
vn 0.766044 -0.000000 -0.642788
vn 0.766044 -0.000000 -0.642788
vn 0.766044 -0.000000 -0.642788
vn 0.766044 -0.000000 -0.642788
vn -0.000000 -0.000000 -1.000000
vn -0.000000 -0.000000 -1.000000
vn -0.000000 -0.000000 -1.000000
vn -0.000000 -0.000000 -1.000000
usemtl Opaque(68,150,72)
f 515/951/898 489/952/899 522/953/900
f 522/953/900 489/952/899 490/954/901
f 522/953/900 490/954/901 521/955/902
f 521/955/902 490/954/901 491/956/903
f 521/955/902 491/956/903 520/957/904
f 520/957/904 491/956/903 492/958/905
f 520/957/904 492/958/905 519/959/906
f 519/959/906 492/958/905 493/960/907
f 519/959/906 493/960/907 518/961/908
f 518/961/908 493/960/907 494/962/909
f 518/961/908 494/962/909 517/963/910
f 517/963/910 494/962/909 495/964/911
f 517/963/910 495/964/911 516/965/912
f 516/965/912 495/964/911 496/966/913
f 516/965/912 496/966/913 539/967/914
f 539/967/914 496/966/913 497/968/915
f 539/967/914 497/968/915 538/969/916
f 538/969/916 497/968/915 498/970/917
f 538/969/916 498/970/917 499/971/918
f 538/969/916 499/971/918 537/972/919
f 537/972/919 499/971/918 500/973/920
f 537/972/919 500/973/920 536/974/921
f 536/974/921 500/973/920 501/975/922
f 536/974/921 501/975/922 535/976/923
f 535/976/923 501/975/922 502/977/924
f 535/976/923 502/977/924 534/978/925
f 534/978/925 502/977/924 503/979/926
f 534/978/925 503/979/926 533/980/927
f 533/980/927 503/979/926 504/981/928
f 533/980/927 504/981/928 532/982/929
f 532/982/929 504/981/928 505/983/930
f 532/982/929 505/983/930 531/984/931
f 531/984/931 505/983/930 506/985/932
f 531/984/931 506/985/932 530/986/933
f 530/986/933 506/985/932 507/987/934
f 530/986/933 507/987/934 508/988/935
f 530/986/933 508/988/935 529/989/936
f 529/989/936 508/988/935 509/990/937
f 529/989/936 509/990/937 528/991/938
f 528/991/938 509/990/937 510/992/939
f 528/991/938 510/992/939 527/993/940
f 527/993/940 510/992/939 511/994/941
f 527/993/940 511/994/941 526/995/942
f 526/995/942 511/994/941 512/996/943
f 526/995/942 512/996/943 525/997/944
f 525/997/944 512/996/943 513/998/945
f 525/997/944 513/998/945 524/999/946
f 524/999/946 513/998/945 514/1000/947
f 524/999/946 514/1000/947 523/1001/948
f 523/1001/948 514/1000/947 515/951/898
f 523/1001/948 515/951/898 522/953/900
f 547/1002/949 540/1003/950 546/1004/951
f 546/1004/951 540/1003/950 541/1005/952
f 546/1004/951 541/1005/952 545/1006/953
f 545/1006/953 541/1005/952 542/1007/954
f 545/1006/953 542/1007/954 544/1008/955
f 544/1008/955 542/1007/954 543/1009/956
f 548/1010/957 540/1011/958 549/1012/959
f 549/1012/959 540/1011/958 547/1013/960
f 599/1014/961 550/1015/962 598/1016/963
f 598/1016/963 550/1015/962 551/1017/964
f 598/1016/963 551/1017/964 597/1018/965
f 597/1018/965 551/1017/964 552/1019/966
f 597/1018/965 552/1019/966 596/1020/967
f 596/1020/967 552/1019/966 553/1021/968
f 596/1020/967 553/1021/968 595/1022/969
f 595/1022/969 553/1021/968 554/1023/970
f 595/1022/969 554/1023/970 594/1024/971
f 594/1024/971 554/1023/970 555/1025/972
f 594/1024/971 555/1025/972 593/1026/973
f 593/1026/973 555/1025/972 556/1027/974
f 593/1026/973 556/1027/974 592/1028/975
f 592/1028/975 556/1027/974 557/1029/976
f 592/1028/975 557/1029/976 591/1030/977
f 591/1030/977 557/1029/976 558/1031/978
f 591/1030/977 558/1031/978 590/1032/979
f 590/1032/979 558/1031/978 559/1033/980
f 590/1032/979 559/1033/980 589/1034/981
f 589/1034/981 559/1033/980 560/1035/982
f 589/1034/981 560/1035/982 588/1036/983
f 588/1036/983 560/1035/982 561/1037/984
f 588/1036/983 561/1037/984 587/1038/985
f 587/1038/985 561/1037/984 562/1039/986
f 587/1038/985 562/1039/986 586/1040/987
f 586/1040/987 562/1039/986 563/1041/988
f 586/1040/987 563/1041/988 585/1042/989
f 585/1042/989 563/1041/988 564/1043/990
f 585/1042/989 564/1043/990 584/1044/991
f 584/1044/991 564/1043/990 565/1045/992
f 584/1044/991 565/1045/992 583/1046/993
f 583/1046/993 565/1045/992 566/1047/994
f 583/1046/993 566/1047/994 582/1048/995
f 582/1048/995 566/1047/994 567/1049/996
f 582/1048/995 567/1049/996 581/1050/997
f 581/1050/997 567/1049/996 568/1051/998
f 581/1050/997 568/1051/998 580/1052/999
f 580/1052/999 568/1051/998 569/1053/1000
f 580/1052/999 569/1053/1000 579/1054/1001
f 579/1054/1001 569/1053/1000 570/1055/1002
f 579/1054/1001 570/1055/1002 578/1056/1003
f 578/1056/1003 570/1055/1002 571/1057/1004
f 578/1056/1003 571/1057/1004 577/1058/1005
f 577/1058/1005 571/1057/1004 572/1059/1006
f 577/1058/1005 572/1059/1006 576/1060/1007
f 576/1060/1007 572/1059/1006 573/1061/1008
f 576/1060/1007 573/1061/1008 575/1062/1009
f 575/1062/1009 573/1061/1008 574/1063/1010
f 575/1062/1009 574/1063/1010 549/1064/1011
f 549/1064/1011 574/1063/1010 548/1065/1012
f 600/1066/1013 550/1067/1014 601/1068/1015
f 601/1068/1015 550/1067/1014 599/1069/1016
f 607/1070/1017 602/1071/1018 606/1072/1019
f 606/1072/1019 602/1071/1018 603/1073/1020
f 606/1072/1019 603/1073/1020 605/1074/1021
f 605/1074/1021 603/1073/1020 604/1075/1022
f 605/1074/1021 604/1075/1022 601/1076/1023
f 601/1076/1023 604/1075/1022 600/1077/1024
f 608/1078/1025 602/1079/1026 609/1080/1027
f 609/1080/1027 602/1079/1026 607/1081/1028
f 633/1082/1029 610/1083/1030 632/1084/1031
f 632/1084/1031 610/1083/1030 611/1085/1032
f 632/1084/1031 611/1085/1032 631/1086/1033
f 631/1086/1033 611/1085/1032 612/1087/1034
f 631/1086/1033 612/1087/1034 630/1088/1035
f 630/1088/1035 612/1087/1034 613/1089/1036
f 630/1088/1035 613/1089/1036 629/1090/1037
f 629/1090/1037 613/1089/1036 614/1091/1038
f 629/1090/1037 614/1091/1038 628/1092/1039
f 628/1092/1039 614/1091/1038 615/1093/1040
f 628/1092/1039 615/1093/1040 627/1094/1041
f 627/1094/1041 615/1093/1040 616/1095/1042
f 627/1094/1041 616/1095/1042 626/1096/1043
f 626/1096/1043 616/1095/1042 617/1097/1044
f 626/1096/1043 617/1097/1044 625/1098/1045
f 625/1098/1045 617/1097/1044 618/1099/1046
f 625/1098/1045 618/1099/1046 624/1100/1047
f 624/1100/1047 618/1099/1046 619/1101/1048
f 624/1100/1047 619/1101/1048 623/1102/1049
f 623/1102/1049 619/1101/1048 620/1103/1050
f 623/1102/1049 620/1103/1050 622/1104/1051
f 622/1104/1051 620/1103/1050 621/1105/1052
f 622/1104/1051 621/1105/1052 609/1106/1053
f 609/1106/1053 621/1105/1052 608/1107/1054
f 543/1108/1055 610/1109/1056 544/1110/1057
f 544/1110/1057 610/1109/1056 633/1111/1058
f 544/1112/1059 633/1113/1060 545/1114/1061
f 545/1114/1061 633/1113/1060 632/1115/1062
f 545/1114/1061 632/1115/1062 631/1116/1063
f 545/1114/1061 631/1116/1063 648/1117/1064
f 648/1117/1064 631/1116/1063 630/1118/1065
f 648/1117/1064 630/1118/1065 629/1119/1066
f 629/1119/1066 628/1120/1067 648/1117/1064
f 648/1117/1064 628/1120/1067 627/1121/1068
f 648/1117/1064 627/1121/1068 647/1122/1069
f 647/1122/1069 627/1121/1068 626/1123/1070
f 647/1122/1069 626/1123/1070 625/1124/1071
f 625/1124/1071 624/1125/1072 647/1122/1069
f 647/1122/1069 624/1125/1072 623/1126/1073
f 647/1122/1069 623/1126/1073 606/1127/1074
f 606/1127/1074 623/1126/1073 622/1128/1075
f 606/1127/1074 622/1128/1075 609/1129/1076
f 609/1129/1076 607/1130/1077 606/1127/1074
f 606/1127/1074 605/1131/1078 647/1122/1069
f 647/1122/1069 605/1131/1078 646/1132/1079
f 646/1132/1079 605/1131/1078 601/1133/1080
f 646/1132/1079 601/1133/1080 599/1134/1081
f 646/1132/1079 599/1134/1081 645/1135/1082
f 645/1135/1082 599/1134/1081 598/1136/1083
f 645/1135/1082 598/1136/1083 597/1137/1084
f 645/1135/1082 597/1137/1084 644/1138/1085
f 644/1138/1085 597/1137/1084 596/1139/1086
f 644/1138/1085 596/1139/1086 643/1140/1087
f 643/1140/1087 596/1139/1086 595/1141/1088
f 643/1140/1087 595/1141/1088 642/1142/1089
f 642/1142/1089 595/1141/1088 594/1143/1090
f 642/1142/1089 594/1143/1090 641/1144/1091
f 641/1144/1091 594/1143/1090 593/1145/1092
f 641/1144/1091 593/1145/1092 640/1146/1093
f 640/1146/1093 593/1145/1092 592/1147/1094
f 640/1146/1093 592/1147/1094 639/1148/1095
f 639/1148/1095 592/1147/1094 591/1149/1096
f 639/1148/1095 591/1149/1096 638/1150/1097
f 638/1150/1097 591/1149/1096 590/1151/1098
f 638/1150/1097 590/1151/1098 637/1152/1099
f 637/1152/1099 590/1151/1098 589/1153/1100
f 637/1152/1099 589/1153/1100 636/1154/1101
f 636/1154/1101 589/1153/1100 588/1155/1102
f 636/1154/1101 588/1155/1102 635/1156/1103
f 635/1156/1103 588/1155/1102 587/1157/1104
f 635/1156/1103 587/1157/1104 634/1158/1105
f 634/1158/1105 587/1157/1104 586/1159/1106
f 634/1158/1105 586/1159/1106 660/1160/1107
f 660/1160/1107 586/1159/1106 585/1161/1108
f 660/1160/1107 585/1161/1108 659/1162/1109
f 659/1162/1109 585/1161/1108 584/1163/1110
f 659/1162/1109 584/1163/1110 658/1164/1111
f 658/1164/1111 584/1163/1110 583/1165/1112
f 658/1164/1111 583/1165/1112 657/1166/1113
f 657/1166/1113 583/1165/1112 582/1167/1114
f 657/1166/1113 582/1167/1114 656/1168/1115
f 656/1168/1115 582/1167/1114 581/1169/1116
f 656/1168/1115 581/1169/1116 655/1170/1117
f 655/1170/1117 581/1169/1116 580/1171/1118
f 655/1170/1117 580/1171/1118 654/1172/1119
f 654/1172/1119 580/1171/1118 579/1173/1120
f 654/1172/1119 579/1173/1120 653/1174/1121
f 653/1174/1121 579/1173/1120 578/1175/1122
f 653/1174/1121 578/1175/1122 652/1176/1123
f 652/1176/1123 578/1175/1122 577/1177/1124
f 652/1176/1123 577/1177/1124 651/1178/1125
f 651/1178/1125 577/1177/1124 576/1179/1126
f 651/1178/1125 576/1179/1126 650/1180/1127
f 650/1180/1127 576/1179/1126 575/1181/1128
f 650/1180/1127 575/1181/1128 549/1182/1129
f 650/1180/1127 549/1182/1129 649/1183/1130
f 649/1183/1130 549/1182/1129 547/1184/1131
f 649/1183/1130 547/1184/1131 546/1185/1132
f 649/1183/1130 546/1185/1132 648/1117/1064
f 648/1117/1064 546/1185/1132 545/1114/1061
f 662/1186/1133 669/1187/1134 661/1188/1135
f 661/1188/1135 669/1187/1134 670/1189/1136
f 661/1188/1135 670/1189/1136 679/1190/1137
f 679/1190/1137 670/1189/1136 678/1191/1138
f 678/1191/1138 670/1189/1136 671/1192/1139
f 678/1191/1138 671/1192/1139 677/1193/1140
f 677/1193/1140 671/1192/1139 675/1194/1141
f 677/1193/1140 675/1194/1141 676/1195/1142
f 669/1187/1134 662/1186/1133 668/1196/1143
f 668/1196/1143 662/1186/1133 663/1197/1144
f 668/1196/1143 663/1197/1144 667/1198/1145
f 667/1198/1145 663/1197/1144 664/1199/1146
f 667/1198/1145 664/1199/1146 666/1200/1147
f 666/1200/1147 664/1199/1146 665/1201/1148
f 675/1194/1141 671/1192/1139 674/1202/1149
f 674/1202/1149 671/1192/1139 672/1203/1150
f 674/1202/1149 672/1203/1150 673/1204/1151
f 679/1190/1137 680/1205/1152 661/1188/1135
f 673/1206/1151 672/1207/1150 685/1208/1153
f 685/1208/1153 672/1207/1150 684/1209/1154
f 684/1209/1154 672/1207/1150 683/1210/1155
f 683/1210/1155 672/1207/1150 682/1211/1156
f 682/1211/1156 672/1207/1150 681/1212/1157
f 686/1213/1158 687/1214/1159 705/1215/1160
f 705/1215/1160 687/1214/1159 696/1216/1161
f 705/1215/1160 696/1216/1161 697/1217/1162
f 687/1214/1159 688/1218/1163 696/1216/1161
f 696/1216/1161 688/1218/1163 695/1219/1164
f 695/1219/1164 688/1218/1163 689/1220/1165
f 695/1219/1164 689/1220/1165 690/1221/1166
f 690/1221/1166 691/1222/1167 695/1219/1164
f 695/1219/1164 691/1222/1167 692/1223/1168
f 695/1219/1164 692/1223/1168 694/1224/1169
f 694/1224/1169 692/1223/1168 693/1225/1170
f 705/1215/1160 697/1217/1162 704/1226/1171
f 704/1226/1171 697/1217/1162 698/1227/1172
f 704/1226/1171 698/1227/1172 703/1228/1173
f 703/1228/1173 698/1227/1172 699/1229/1174
f 703/1228/1173 699/1229/1174 702/1230/1175
f 702/1230/1175 699/1229/1174 700/1231/1176
f 702/1230/1175 700/1231/1176 701/1232/1177
f 665/1233/1148 701/1234/1177 666/1235/1147
f 666/1235/1147 701/1234/1177 700/1236/1176
f 707/1237/1178 753/1238/1179 706/1239/1180
f 706/1239/1180 753/1238/1179 730/1240/1181
f 706/1241/1180 730/1242/1181 729/1243/1182
f 729/1243/1182 730/1242/1181 731/1244/1183
f 729/1243/1182 731/1244/1183 728/1245/1184
f 728/1245/1184 731/1244/1183 732/1246/1185
f 728/1245/1184 732/1246/1185 727/1247/1186
f 727/1247/1186 732/1246/1185 733/1248/1187
f 727/1247/1186 733/1248/1187 726/1249/1188
f 726/1249/1188 733/1248/1187 734/1250/1189
f 726/1249/1188 734/1250/1189 725/1251/1190
f 725/1251/1190 734/1250/1189 735/1252/1191
f 725/1251/1190 735/1252/1191 724/1253/1192
f 724/1253/1192 735/1252/1191 736/1254/1193
f 724/1253/1192 736/1254/1193 723/1255/1194
f 723/1255/1194 736/1254/1193 737/1256/1195
f 723/1255/1194 737/1256/1195 722/1257/1196
f 722/1257/1196 737/1256/1195 738/1258/1197
f 722/1257/1196 738/1258/1197 721/1259/1198
f 721/1259/1198 738/1258/1197 739/1260/1199
f 721/1259/1198 739/1260/1199 720/1261/1200
f 720/1261/1200 739/1260/1199 740/1262/1201
f 720/1261/1200 740/1262/1201 719/1263/1202
f 719/1263/1202 740/1262/1201 741/1264/1203
f 719/1263/1202 741/1264/1203 718/1265/1204
f 718/1265/1204 741/1264/1203 742/1266/1205
f 718/1265/1204 742/1266/1205 717/1267/1206
f 717/1267/1206 742/1266/1205 743/1268/1207
f 717/1267/1206 743/1268/1207 716/1269/1208
f 716/1269/1208 743/1268/1207 744/1270/1209
f 716/1269/1208 744/1270/1209 715/1271/1210
f 715/1271/1210 744/1270/1209 745/1272/1211
f 715/1271/1210 745/1272/1211 714/1273/1212
f 714/1273/1212 745/1272/1211 746/1274/1213
f 714/1273/1212 746/1274/1213 713/1275/1214
f 713/1275/1214 746/1274/1213 747/1276/1215
f 713/1275/1214 747/1276/1215 712/1277/1216
f 712/1277/1216 747/1276/1215 748/1278/1217
f 712/1277/1216 748/1278/1217 711/1279/1218
f 711/1279/1218 748/1278/1217 749/1280/1219
f 711/1279/1218 749/1280/1219 710/1281/1220
f 710/1281/1220 749/1280/1219 750/1282/1221
f 710/1281/1220 750/1282/1221 709/1283/1222
f 709/1283/1222 750/1282/1221 751/1284/1223
f 709/1283/1222 751/1284/1223 708/1285/1224
f 708/1285/1224 751/1284/1223 752/1286/1225
f 708/1285/1224 752/1286/1225 707/1237/1178
f 707/1237/1178 752/1286/1225 753/1238/1179
f 729/1287/1226 719/1288/1227 706/1289/1228
f 706/1289/1228 719/1288/1227 718/1290/1229
f 706/1289/1228 718/1290/1229 707/1291/1230
f 707/1291/1230 718/1290/1229 717/1292/1231
f 707/1291/1230 717/1292/1231 708/1293/1232
f 708/1293/1232 717/1292/1231 716/1294/1233
f 708/1293/1232 716/1294/1233 709/1295/1234
f 709/1295/1234 716/1294/1233 715/1296/1235
f 709/1295/1234 715/1296/1235 710/1297/1236
f 710/1297/1236 715/1296/1235 714/1298/1237
f 710/1297/1236 714/1298/1237 711/1299/1238
f 711/1299/1238 714/1298/1237 713/1300/1239
f 711/1299/1238 713/1300/1239 712/1301/1240
f 719/1288/1227 729/1287/1226 720/1302/1241
f 720/1302/1241 729/1287/1226 728/1303/1242
f 720/1302/1241 728/1303/1242 721/1304/1243
f 721/1304/1243 728/1303/1242 727/1305/1244
f 721/1304/1243 727/1305/1244 722/1306/1245
f 722/1306/1245 727/1305/1244 726/1307/1246
f 722/1306/1245 726/1307/1246 723/1308/1247
f 723/1308/1247 726/1307/1246 725/1309/1248
f 723/1308/1247 725/1309/1248 724/1310/1249
f 755/1311/1250 801/1312/1251 754/1313/1252
f 754/1313/1252 801/1312/1251 778/1314/1253
f 754/1315/1252 778/1316/1253 777/1317/1254
f 777/1317/1254 778/1316/1253 779/1318/1255
f 777/1317/1254 779/1318/1255 776/1319/1256
f 776/1319/1256 779/1318/1255 780/1320/1257
f 776/1319/1256 780/1320/1257 775/1321/1258
f 775/1321/1258 780/1320/1257 781/1322/1259
f 775/1321/1258 781/1322/1259 774/1323/1260
f 774/1323/1260 781/1322/1259 782/1324/1261
f 774/1323/1260 782/1324/1261 773/1325/1262
f 773/1325/1262 782/1324/1261 783/1326/1263
f 773/1325/1262 783/1326/1263 772/1327/1264
f 772/1327/1264 783/1326/1263 784/1328/1265
f 772/1327/1264 784/1328/1265 771/1329/1266
f 771/1329/1266 784/1328/1265 785/1330/1267
f 771/1329/1266 785/1330/1267 770/1331/1268
f 770/1331/1268 785/1330/1267 786/1332/1269
f 770/1331/1268 786/1332/1269 769/1333/1270
f 769/1333/1270 786/1332/1269 787/1334/1271
f 769/1333/1270 787/1334/1271 768/1335/1272
f 768/1335/1272 787/1334/1271 788/1336/1273
f 768/1335/1272 788/1336/1273 767/1337/1274
f 767/1337/1274 788/1336/1273 789/1338/1275
f 767/1337/1274 789/1338/1275 766/1339/1276
f 766/1339/1276 789/1338/1275 790/1340/1277
f 766/1339/1276 790/1340/1277 765/1341/1278
f 765/1341/1278 790/1340/1277 791/1342/1279
f 765/1341/1278 791/1342/1279 764/1343/1280
f 764/1343/1280 791/1342/1279 792/1344/1281
f 764/1343/1280 792/1344/1281 763/1345/1282
f 763/1345/1282 792/1344/1281 793/1346/1283
f 763/1345/1282 793/1346/1283 762/1347/1284
f 762/1347/1284 793/1346/1283 794/1348/1285
f 762/1347/1284 794/1348/1285 761/1349/1286
f 761/1349/1286 794/1348/1285 795/1350/1287
f 761/1349/1286 795/1350/1287 760/1351/1288
f 760/1351/1288 795/1350/1287 796/1352/1289
f 760/1351/1288 796/1352/1289 759/1353/1290
f 759/1353/1290 796/1352/1289 797/1354/1291
f 759/1353/1290 797/1354/1291 758/1355/1292
f 758/1355/1292 797/1354/1291 798/1356/1293
f 758/1355/1292 798/1356/1293 757/1357/1294
f 757/1357/1294 798/1356/1293 799/1358/1295
f 757/1357/1294 799/1358/1295 756/1359/1296
f 756/1359/1296 799/1358/1295 800/1360/1297
f 756/1359/1296 800/1360/1297 755/1311/1250
f 755/1311/1250 800/1360/1297 801/1312/1251
f 777/1361/1298 767/1362/1299 754/1363/1300
f 754/1363/1300 767/1362/1299 766/1364/1301
f 754/1363/1300 766/1364/1301 755/1365/1302
f 755/1365/1302 766/1364/1301 765/1366/1303
f 755/1365/1302 765/1366/1303 756/1367/1304
f 756/1367/1304 765/1366/1303 764/1368/1305
f 756/1367/1304 764/1368/1305 757/1369/1306
f 757/1369/1306 764/1368/1305 763/1370/1307
f 757/1369/1306 763/1370/1307 758/1371/1308
f 758/1371/1308 763/1370/1307 762/1372/1309
f 758/1371/1308 762/1372/1309 759/1373/1310
f 759/1373/1310 762/1372/1309 761/1374/1311
f 759/1373/1310 761/1374/1311 760/1375/1312
f 767/1362/1299 777/1361/1298 768/1376/1313
f 768/1376/1313 777/1361/1298 776/1377/1314
f 768/1376/1313 776/1377/1314 769/1378/1315
f 769/1378/1315 776/1377/1314 775/1379/1316
f 769/1378/1315 775/1379/1316 770/1380/1317
f 770/1380/1317 775/1379/1316 774/1381/1318
f 770/1380/1317 774/1381/1318 771/1382/1319
f 771/1382/1319 774/1381/1318 773/1383/1320
f 771/1382/1319 773/1383/1320 772/1384/1321
f 802/1385/1322 803/1386/1323 808/1387/1324
f 808/1387/1324 803/1386/1323 807/1388/1325
f 807/1388/1325 803/1386/1323 804/1389/1326
f 807/1388/1325 804/1389/1326 806/1390/1327
f 806/1390/1327 804/1389/1326 805/1391/1328
f 805/1391/1328 804/1389/1326 682/1392/1329
f 682/1392/1329 804/1389/1326 683/1393/1330
f 683/1394/1331 804/1395/1332 684/1396/1333
f 684/1396/1333 804/1395/1332 809/1397/1334
f 684/1396/1333 809/1397/1334 810/1398/1335
f 684/1396/1333 810/1398/1335 813/1399/1336
f 813/1399/1336 810/1398/1335 811/1400/1337
f 813/1399/1336 811/1400/1337 812/1401/1338
f 810/1402/1339 814/1403/1340 811/1404/1341
f 811/1404/1341 814/1403/1340 815/1405/1342
f 810/1406/1343 809/1407/1344 814/1408/1345
f 814/1408/1345 809/1407/1344 816/1409/1346
f 809/1410/1347 804/1411/1348 816/1412/1349
f 816/1412/1349 804/1411/1348 803/1413/1350
f 819/1414/1351 815/1415/1352 818/1416/1353
f 818/1416/1353 815/1415/1352 814/1417/1354
f 818/1416/1353 814/1417/1354 817/1418/1355
f 817/1418/1355 814/1417/1354 816/1419/1356
f 817/1418/1355 816/1419/1356 803/1420/1357
f 803/1420/1357 802/1421/1358 817/1418/1355
f 821/1422/1359 867/1423/1360 820/1424/1361
f 820/1424/1361 867/1423/1360 844/1425/1362
f 820/1426/1361 844/1427/1362 843/1428/1363
f 843/1428/1363 844/1427/1362 845/1429/1364
f 843/1428/1363 845/1429/1364 842/1430/1365
f 842/1430/1365 845/1429/1364 846/1431/1366
f 842/1430/1365 846/1431/1366 841/1432/1367
f 841/1432/1367 846/1431/1366 847/1433/1368
f 841/1432/1367 847/1433/1368 840/1434/1369
f 840/1434/1369 847/1433/1368 848/1435/1370
f 840/1434/1369 848/1435/1370 839/1436/1371
f 839/1436/1371 848/1435/1370 849/1437/1372
f 839/1436/1371 849/1437/1372 838/1438/1373
f 838/1438/1373 849/1437/1372 850/1439/1374
f 838/1438/1373 850/1439/1374 837/1440/1375
f 837/1440/1375 850/1439/1374 851/1441/1376
f 837/1440/1375 851/1441/1376 836/1442/1377
f 836/1442/1377 851/1441/1376 852/1443/1378
f 836/1442/1377 852/1443/1378 835/1444/1379
f 835/1444/1379 852/1443/1378 853/1445/1380
f 835/1444/1379 853/1445/1380 834/1446/1381
f 834/1446/1381 853/1445/1380 854/1447/1382
f 834/1446/1381 854/1447/1382 833/1448/1383
f 833/1448/1383 854/1447/1382 855/1449/1384
f 833/1448/1383 855/1449/1384 832/1450/1385
f 832/1450/1385 855/1449/1384 856/1451/1386
f 832/1450/1385 856/1451/1386 831/1452/1387
f 831/1452/1387 856/1451/1386 857/1453/1388
f 831/1452/1387 857/1453/1388 830/1454/1389
f 830/1454/1389 857/1453/1388 858/1455/1390
f 830/1454/1389 858/1455/1390 829/1456/1391
f 829/1456/1391 858/1455/1390 859/1457/1392
f 829/1456/1391 859/1457/1392 828/1458/1393
f 828/1458/1393 859/1457/1392 860/1459/1394
f 828/1458/1393 860/1459/1394 827/1460/1395
f 827/1460/1395 860/1459/1394 861/1461/1396
f 827/1460/1395 861/1461/1396 826/1462/1397
f 826/1462/1397 861/1461/1396 862/1463/1398
f 826/1462/1397 862/1463/1398 825/1464/1399
f 825/1464/1399 862/1463/1398 863/1465/1400
f 825/1464/1399 863/1465/1400 824/1466/1401
f 824/1466/1401 863/1465/1400 864/1467/1402
f 824/1466/1401 864/1467/1402 823/1468/1403
f 823/1468/1403 864/1467/1402 865/1469/1404
f 823/1468/1403 865/1469/1404 822/1470/1405
f 822/1470/1405 865/1469/1404 866/1471/1406
f 822/1470/1405 866/1471/1406 821/1422/1359
f 821/1422/1359 866/1471/1406 867/1423/1360
f 843/1472/1407 868/1473/1408 820/1474/1409
f 820/1474/1409 868/1473/1408 869/1475/1410
f 820/1474/1409 869/1475/1410 821/1476/1411
f 821/1476/1411 869/1475/1410 870/1477/1412
f 821/1476/1411 870/1477/1412 822/1478/1413
f 822/1478/1413 870/1477/1412 871/1479/1414
f 822/1478/1413 871/1479/1414 823/1480/1415
f 823/1480/1415 871/1479/1414 872/1481/1416
f 823/1480/1415 872/1481/1416 824/1482/1417
f 824/1482/1417 872/1481/1416 873/1483/1418
f 824/1482/1417 873/1483/1418 825/1484/1419
f 825/1484/1419 873/1483/1418 874/1485/1420
f 825/1484/1419 874/1485/1420 826/1486/1421
f 826/1486/1421 874/1485/1420 827/1487/1422
f 827/1487/1422 874/1485/1420 875/1488/1423
f 827/1487/1422 875/1488/1423 828/1489/1424
f 828/1489/1424 875/1488/1423 876/1490/1425
f 828/1489/1424 876/1490/1425 829/1491/1426
f 829/1491/1426 876/1490/1425 877/1492/1427
f 829/1491/1426 877/1492/1427 830/1493/1428
f 830/1493/1428 877/1492/1427 878/1494/1429
f 830/1493/1428 878/1494/1429 831/1495/1430
f 831/1495/1430 878/1494/1429 879/1496/1431
f 831/1495/1430 879/1496/1431 832/1497/1432
f 832/1497/1432 879/1496/1431 880/1498/1433
f 832/1497/1432 880/1498/1433 833/1499/1434
f 833/1499/1434 880/1498/1433 881/1500/1435
f 833/1499/1434 881/1500/1435 834/1501/1436
f 834/1501/1436 881/1500/1435 882/1502/1437
f 834/1501/1436 882/1502/1437 835/1503/1438
f 835/1503/1438 882/1502/1437 883/1504/1439
f 835/1503/1438 883/1504/1439 836/1505/1440
f 836/1505/1440 883/1504/1439 884/1506/1441
f 836/1505/1440 884/1506/1441 837/1507/1442
f 837/1507/1442 884/1506/1441 885/1508/1443
f 837/1507/1442 885/1508/1443 838/1509/1444
f 838/1509/1444 885/1508/1443 886/1510/1445
f 838/1509/1444 886/1510/1445 887/1511/1446
f 868/1473/1408 843/1472/1407 891/1512/1447
f 891/1512/1447 843/1472/1407 842/1513/1448
f 891/1512/1447 842/1513/1448 890/1514/1449
f 890/1514/1449 842/1513/1448 841/1515/1450
f 890/1514/1449 841/1515/1450 889/1516/1451
f 889/1516/1451 841/1515/1450 840/1517/1452
f 889/1516/1451 840/1517/1452 888/1518/1453
f 888/1518/1453 840/1517/1452 839/1519/1454
f 888/1518/1453 839/1519/1454 887/1511/1446
f 887/1511/1446 839/1519/1454 838/1509/1444
f 893/1520/1455 939/1521/1456 892/1522/1457
f 892/1522/1457 939/1521/1456 916/1523/1458
f 892/1524/1457 916/1525/1458 915/1526/1459
f 915/1526/1459 916/1525/1458 917/1527/1460
f 915/1526/1459 917/1527/1460 914/1528/1461
f 914/1528/1461 917/1527/1460 918/1529/1462
f 914/1528/1461 918/1529/1462 913/1530/1463
f 913/1530/1463 918/1529/1462 919/1531/1464
f 913/1530/1463 919/1531/1464 912/1532/1465
f 912/1532/1465 919/1531/1464 920/1533/1466
f 912/1532/1465 920/1533/1466 911/1534/1467
f 911/1534/1467 920/1533/1466 921/1535/1468
f 911/1534/1467 921/1535/1468 910/1536/1469
f 910/1536/1469 921/1535/1468 922/1537/1470
f 910/1536/1469 922/1537/1470 909/1538/1471
f 909/1538/1471 922/1537/1470 923/1539/1472
f 909/1538/1471 923/1539/1472 908/1540/1473
f 908/1540/1473 923/1539/1472 924/1541/1474
f 908/1540/1473 924/1541/1474 907/1542/1475
f 907/1542/1475 924/1541/1474 925/1543/1476
f 907/1542/1475 925/1543/1476 906/1544/1477
f 906/1544/1477 925/1543/1476 926/1545/1478
f 906/1544/1477 926/1545/1478 905/1546/1479
f 905/1546/1479 926/1545/1478 927/1547/1480
f 905/1546/1479 927/1547/1480 904/1548/1481
f 904/1548/1481 927/1547/1480 928/1549/1482
f 904/1548/1481 928/1549/1482 903/1550/1483
f 903/1550/1483 928/1549/1482 929/1551/1484
f 903/1550/1483 929/1551/1484 902/1552/1485
f 902/1552/1485 929/1551/1484 930/1553/1486
f 902/1552/1485 930/1553/1486 901/1554/1487
f 901/1554/1487 930/1553/1486 931/1555/1488
f 901/1554/1487 931/1555/1488 900/1556/1489
f 900/1556/1489 931/1555/1488 932/1557/1490
f 900/1556/1489 932/1557/1490 899/1558/1491
f 899/1558/1491 932/1557/1490 933/1559/1492
f 899/1558/1491 933/1559/1492 898/1560/1493
f 898/1560/1493 933/1559/1492 934/1561/1494
f 898/1560/1493 934/1561/1494 897/1562/1495
f 897/1562/1495 934/1561/1494 935/1563/1496
f 897/1562/1495 935/1563/1496 896/1564/1497
f 896/1564/1497 935/1563/1496 936/1565/1498
f 896/1564/1497 936/1565/1498 895/1566/1499
f 895/1566/1499 936/1565/1498 937/1567/1500
f 895/1566/1499 937/1567/1500 894/1568/1501
f 894/1568/1501 937/1567/1500 938/1569/1502
f 894/1568/1501 938/1569/1502 893/1520/1455
f 893/1520/1455 938/1569/1502 939/1521/1456
f 915/1570/1503 951/1571/1504 892/1572/1505
f 892/1572/1505 951/1571/1504 952/1573/1506
f 892/1572/1505 952/1573/1506 893/1574/1507
f 893/1574/1507 952/1573/1506 953/1575/1508
f 893/1574/1507 953/1575/1508 894/1576/1509
f 894/1576/1509 953/1575/1508 954/1577/1510
f 894/1576/1509 954/1577/1510 895/1578/1511
f 895/1578/1511 954/1577/1510 955/1579/1512
f 895/1578/1511 955/1579/1512 896/1580/1513
f 896/1580/1513 955/1579/1512 956/1581/1514
f 896/1580/1513 956/1581/1514 897/1582/1515
f 897/1582/1515 956/1581/1514 957/1583/1516
f 897/1582/1515 957/1583/1516 898/1584/1517
f 898/1584/1517 957/1583/1516 958/1585/1518
f 898/1584/1517 958/1585/1518 959/1586/1519
f 951/1571/1504 915/1570/1503 950/1587/1520
f 950/1587/1520 915/1570/1503 914/1588/1521
f 950/1587/1520 914/1588/1521 949/1589/1522
f 949/1589/1522 914/1588/1521 913/1590/1523
f 949/1589/1522 913/1590/1523 948/1591/1524
f 948/1591/1524 913/1590/1523 912/1592/1525
f 948/1591/1524 912/1592/1525 947/1593/1526
f 947/1593/1526 912/1592/1525 911/1594/1527
f 947/1593/1526 911/1594/1527 946/1595/1528
f 946/1595/1528 911/1594/1527 910/1596/1529
f 946/1595/1528 910/1596/1529 909/1597/1530
f 946/1595/1528 909/1597/1530 945/1598/1531
f 945/1598/1531 909/1597/1530 908/1599/1532
f 945/1598/1531 908/1599/1532 944/1600/1533
f 944/1600/1533 908/1599/1532 907/1601/1534
f 944/1600/1533 907/1601/1534 943/1602/1535
f 943/1602/1535 907/1601/1534 906/1603/1536
f 943/1602/1535 906/1603/1536 942/1604/1537
f 942/1604/1537 906/1603/1536 905/1605/1538
f 942/1604/1537 905/1605/1538 941/1606/1539
f 941/1606/1539 905/1605/1538 904/1607/1540
f 941/1606/1539 904/1607/1540 940/1608/1541
f 940/1608/1541 904/1607/1540 903/1609/1542
f 940/1608/1541 903/1609/1542 963/1610/1543
f 963/1610/1543 903/1609/1542 902/1611/1544
f 963/1610/1543 902/1611/1544 962/1612/1545
f 962/1612/1545 902/1611/1544 901/1613/1546
f 962/1612/1545 901/1613/1546 961/1614/1547
f 961/1614/1547 901/1613/1546 900/1615/1548
f 961/1614/1547 900/1615/1548 960/1616/1549
f 960/1616/1549 900/1615/1548 899/1617/1550
f 960/1616/1549 899/1617/1550 959/1586/1519
f 959/1586/1519 899/1617/1550 898/1584/1517
f 995/1618/1551 964/1619/1552 880/1620/1553
f 880/1620/1553 964/1619/1552 965/1621/1554
f 880/1620/1553 965/1621/1554 881/1622/1555
f 881/1622/1555 965/1621/1554 966/1623/1556
f 881/1622/1555 966/1623/1556 882/1624/1557
f 882/1624/1557 966/1623/1556 967/1625/1558
f 882/1624/1557 967/1625/1558 883/1626/1559
f 883/1626/1559 967/1625/1558 968/1627/1560
f 883/1626/1559 968/1627/1560 969/1628/1561
f 883/1626/1559 969/1628/1561 884/1629/1562
f 884/1629/1562 969/1628/1561 970/1630/1563
f 884/1629/1562 970/1630/1563 885/1631/1564
f 885/1631/1564 970/1630/1563 971/1632/1565
f 885/1631/1564 971/1632/1565 886/1633/1566
f 886/1633/1566 971/1632/1565 972/1634/1567
f 886/1633/1566 972/1634/1567 973/1635/1568
f 886/1633/1566 973/1635/1568 887/1636/1569
f 887/1636/1569 973/1635/1568 974/1637/1570
f 887/1636/1569 974/1637/1570 888/1638/1571
f 888/1638/1571 974/1637/1570 975/1639/1572
f 888/1638/1571 975/1639/1572 889/1640/1573
f 889/1640/1573 975/1639/1572 976/1641/1574
f 889/1640/1573 976/1641/1574 977/1642/1575
f 889/1640/1573 977/1642/1575 890/1643/1576
f 890/1643/1576 977/1642/1575 978/1644/1577
f 890/1643/1576 978/1644/1577 891/1645/1578
f 891/1645/1578 978/1644/1577 979/1646/1579
f 891/1645/1578 979/1646/1579 868/1647/1580
f 868/1648/1580 979/1649/1579 980/1650/1581
f 868/1648/1580 980/1650/1581 981/1651/1582
f 868/1648/1580 981/1651/1582 869/1652/1583
f 869/1652/1583 981/1651/1582 982/1653/1584
f 869/1652/1583 982/1653/1584 870/1654/1585
f 870/1654/1585 982/1653/1584 983/1655/1586
f 870/1654/1585 983/1655/1586 871/1656/1587
f 871/1656/1587 983/1655/1586 984/1657/1588
f 871/1656/1587 984/1657/1588 985/1658/1589
f 871/1656/1587 985/1658/1589 872/1659/1590
f 872/1659/1590 985/1658/1589 986/1660/1591
f 872/1659/1590 986/1660/1591 873/1661/1592
f 873/1661/1592 986/1660/1591 987/1662/1593
f 873/1661/1592 987/1662/1593 874/1663/1594
f 874/1663/1594 987/1662/1593 988/1664/1595
f 874/1663/1594 988/1664/1595 989/1665/1596
f 874/1663/1594 989/1665/1596 875/1666/1597
f 875/1666/1597 989/1665/1596 990/1667/1598
f 875/1666/1597 990/1667/1598 876/1668/1599
f 876/1668/1599 990/1667/1598 991/1669/1600
f 876/1668/1599 991/1669/1600 877/1670/1601
f 877/1670/1601 991/1669/1600 992/1671/1602
f 877/1670/1601 992/1671/1602 993/1672/1603
f 877/1670/1601 993/1672/1603 878/1673/1604
f 878/1673/1604 993/1672/1603 994/1674/1605
f 878/1673/1604 994/1674/1605 879/1675/1606
f 879/1675/1606 994/1674/1605 995/1618/1551
f 879/1675/1606 995/1618/1551 880/1620/1553
f 963/1676/1607 1011/1677/1608 940/1678/1609
f 940/1679/1609 1011/1680/1608 1012/1681/1610
f 940/1679/1609 1012/1681/1610 1013/1682/1611
f 1011/1677/1608 963/1676/1607 1010/1683/1612
f 1010/1683/1612 963/1676/1607 962/1684/1613
f 1010/1683/1612 962/1684/1613 1009/1685/1614
f 1009/1685/1614 962/1684/1613 961/1686/1615
f 1009/1685/1614 961/1686/1615 1008/1687/1616
f 1008/1687/1616 961/1686/1615 1007/1688/1617
f 1007/1688/1617 961/1686/1615 960/1689/1618
f 1007/1688/1617 960/1689/1618 1006/1690/1619
f 1006/1690/1619 960/1689/1618 959/1691/1620
f 1006/1690/1619 959/1691/1620 1005/1692/1621
f 1005/1692/1621 959/1691/1620 958/1693/1622
f 1005/1692/1621 958/1693/1622 1004/1694/1623
f 1004/1694/1623 958/1693/1622 1003/1695/1624
f 1003/1695/1624 958/1693/1622 957/1696/1625
f 1003/1695/1624 957/1696/1625 1002/1697/1626
f 1002/1697/1626 957/1696/1625 956/1698/1627
f 1002/1697/1626 956/1698/1627 1001/1699/1628
f 1001/1699/1628 956/1698/1627 955/1700/1629
f 1001/1699/1628 955/1700/1629 1000/1701/1630
f 1000/1701/1630 955/1700/1629 999/1702/1631
f 999/1702/1631 955/1700/1629 954/1703/1632
f 999/1702/1631 954/1703/1632 998/1704/1633
f 998/1704/1633 954/1703/1632 953/1705/1634
f 998/1704/1633 953/1705/1634 997/1706/1635
f 997/1706/1635 953/1705/1634 952/1707/1636
f 997/1706/1635 952/1707/1636 996/1708/1637
f 996/1708/1637 952/1707/1636 1027/1709/1638
f 1027/1709/1638 952/1707/1636 951/1710/1639
f 1027/1709/1638 951/1710/1639 1026/1711/1640
f 1026/1711/1640 951/1710/1639 950/1712/1641
f 1026/1711/1640 950/1712/1641 1025/1713/1642
f 1025/1713/1642 950/1712/1641 949/1714/1643
f 1025/1713/1642 949/1714/1643 1024/1715/1644
f 1024/1715/1644 949/1714/1643 1023/1716/1645
f 1023/1716/1645 949/1714/1643 948/1717/1646
f 1023/1716/1645 948/1717/1646 1022/1718/1647
f 1022/1718/1647 948/1717/1646 947/1719/1648
f 1022/1718/1647 947/1719/1648 1021/1720/1649
f 1021/1720/1649 947/1719/1648 946/1721/1650
f 1021/1720/1649 946/1721/1650 1020/1722/1651
f 1020/1722/1651 946/1721/1650 1019/1723/1652
f 1019/1723/1652 946/1721/1650 945/1724/1653
f 1019/1723/1652 945/1724/1653 1018/1725/1654
f 1018/1725/1654 945/1724/1653 944/1726/1655
f 1018/1725/1654 944/1726/1655 1017/1727/1656
f 1017/1727/1656 944/1726/1655 943/1728/1657
f 1017/1727/1656 943/1728/1657 1016/1729/1658
f 1016/1729/1658 943/1728/1657 1015/1730/1659
f 1015/1730/1659 943/1728/1657 942/1731/1660
f 1015/1730/1659 942/1731/1660 1014/1732/1661
f 1014/1732/1661 942/1731/1660 941/1733/1662
f 1014/1732/1661 941/1733/1662 1013/1682/1611
f 1013/1682/1611 941/1733/1662 940/1679/1609
f 661/1734/1663 680/1735/1664 1075/1736/1665
f 1075/1736/1665 680/1735/1664 1028/1737/1666
f 1075/1736/1665 1028/1737/1666 1029/1738/1667
f 1075/1736/1665 1029/1738/1667 1074/1739/1668
f 1074/1739/1668 1029/1738/1667 1030/1740/1669
f 1074/1739/1668 1030/1740/1669 1073/1741/1670
f 1073/1741/1670 1030/1740/1669 1031/1742/1671
f 1073/1741/1670 1031/1742/1671 1072/1743/1672
f 1072/1743/1672 1031/1742/1671 1032/1744/1673
f 1072/1743/1672 1032/1744/1673 1071/1745/1674
f 1071/1745/1674 1032/1744/1673 1033/1746/1675
f 1071/1745/1674 1033/1746/1675 1070/1747/1676
f 1070/1747/1676 1033/1746/1675 1034/1748/1677
f 1070/1747/1676 1034/1748/1677 1069/1749/1678
f 1069/1749/1678 1034/1748/1677 1035/1750/1679
f 1069/1749/1678 1035/1750/1679 1068/1751/1680
f 1068/1751/1680 1035/1750/1679 1036/1752/1681
f 1068/1751/1680 1036/1752/1681 1067/1753/1682
f 1067/1753/1682 1036/1752/1681 1037/1754/1683
f 1067/1753/1682 1037/1754/1683 1066/1755/1684
f 1066/1755/1684 1037/1754/1683 1038/1756/1685
f 1066/1755/1684 1038/1756/1685 1065/1757/1686
f 1065/1757/1686 1038/1756/1685 1039/1758/1687
f 1065/1757/1686 1039/1758/1687 1064/1759/1688
f 1064/1759/1688 1039/1758/1687 1040/1760/1689
f 1064/1759/1688 1040/1760/1689 1063/1761/1690
f 1063/1761/1690 1040/1760/1689 1041/1762/1691
f 1063/1761/1690 1041/1762/1691 1062/1763/1692
f 1062/1763/1692 1041/1762/1691 1042/1764/1693
f 1062/1763/1692 1042/1764/1693 1061/1765/1694
f 1061/1765/1694 1042/1764/1693 1043/1766/1695
f 1061/1765/1694 1043/1766/1695 1060/1767/1696
f 1060/1767/1696 1043/1766/1695 1044/1768/1697
f 1060/1767/1696 1044/1768/1697 1059/1769/1698
f 1059/1769/1698 1044/1768/1697 1045/1770/1699
f 1059/1769/1698 1045/1770/1699 1058/1771/1700
f 1058/1771/1700 1045/1770/1699 1046/1772/1701
f 1058/1771/1700 1046/1772/1701 1057/1773/1702
f 1057/1773/1702 1046/1772/1701 1047/1774/1703
f 1057/1773/1702 1047/1774/1703 1056/1775/1704
f 1056/1775/1704 1047/1774/1703 1048/1776/1705
f 1056/1775/1704 1048/1776/1705 1055/1777/1706
f 1055/1777/1706 1048/1776/1705 1049/1778/1707
f 1055/1777/1706 1049/1778/1707 1054/1779/1708
f 1054/1779/1708 1049/1778/1707 1050/1780/1709
f 1054/1779/1708 1050/1780/1709 1053/1781/1710
f 1053/1781/1710 1050/1780/1709 1051/1782/1711
f 1053/1781/1710 1051/1782/1711 1052/1783/1712
f 1052/1783/1712 1051/1782/1711 705/1784/1713
f 705/1784/1713 1051/1782/1711 686/1785/1714
f 678/1786/1715 677/1787/1716 1028/1788/1717
f 1028/1788/1717 677/1787/1716 1076/1789/1718
f 1028/1788/1717 1076/1789/1718 1029/1790/1719
f 1029/1790/1719 1076/1789/1718 1077/1791/1720
f 1029/1790/1719 1077/1791/1720 1030/1792/1721
f 1030/1792/1721 1077/1791/1720 1078/1793/1722
f 1030/1792/1721 1078/1793/1722 1031/1794/1723
f 1031/1794/1723 1078/1793/1722 1079/1795/1724
f 1031/1794/1723 1079/1795/1724 1032/1796/1725
f 1032/1796/1725 1079/1795/1724 1080/1797/1726
f 1032/1796/1725 1080/1797/1726 1033/1798/1727
f 1033/1798/1727 1080/1797/1726 1081/1799/1728
f 1033/1798/1727 1081/1799/1728 1034/1800/1729
f 1034/1800/1729 1081/1799/1728 1082/1801/1730
f 1034/1800/1729 1082/1801/1730 1035/1802/1731
f 1035/1802/1731 1082/1801/1730 1083/1803/1732
f 1035/1802/1731 1083/1803/1732 1036/1804/1733
f 1036/1804/1733 1083/1803/1732 1084/1805/1734
f 1036/1804/1733 1084/1805/1734 1037/1806/1735
f 1037/1806/1735 1084/1805/1734 1085/1807/1736
f 1037/1806/1735 1085/1807/1736 1038/1808/1737
f 1038/1808/1737 1085/1807/1736 1086/1809/1738
f 1038/1808/1737 1086/1809/1738 1039/1810/1739
f 1039/1810/1739 1086/1809/1738 1040/1811/1740
f 1040/1811/1740 1086/1809/1738 1087/1812/1741
f 1040/1811/1740 1087/1812/1741 1041/1813/1742
f 1041/1813/1742 1087/1812/1741 1088/1814/1743
f 1041/1813/1742 1088/1814/1743 1042/1815/1744
f 1042/1815/1744 1088/1814/1743 1089/1816/1745
f 1042/1815/1744 1089/1816/1745 1043/1817/1746
f 1043/1817/1746 1089/1816/1745 1090/1818/1747
f 1043/1817/1746 1090/1818/1747 1044/1819/1748
f 1044/1819/1748 1090/1818/1747 1091/1820/1749
f 1044/1819/1748 1091/1820/1749 1045/1821/1750
f 1045/1821/1750 1091/1820/1749 1092/1822/1751
f 1045/1821/1750 1092/1822/1751 1046/1823/1752
f 1046/1823/1752 1092/1822/1751 1093/1824/1753
f 1046/1823/1752 1093/1824/1753 1047/1825/1754
f 1047/1825/1754 1093/1824/1753 1094/1826/1755
f 1047/1825/1754 1094/1826/1755 1048/1827/1756
f 1048/1827/1756 1094/1826/1755 1095/1828/1757
f 1048/1827/1756 1095/1828/1757 1049/1829/1758
f 1049/1829/1758 1095/1828/1757 1096/1830/1759
f 1049/1829/1758 1096/1830/1759 1050/1831/1760
f 1050/1831/1760 1096/1830/1759 1097/1832/1761
f 1050/1831/1760 1097/1832/1761 1051/1833/1762
f 1051/1833/1762 1097/1832/1761 689/1834/1763
f 1051/1833/1762 689/1834/1763 688/1835/1764
f 688/1835/1764 687/1836/1765 1051/1833/1762
f 1051/1833/1762 687/1836/1765 686/1837/1766
f 680/1838/1767 679/1839/1768 1028/1788/1717
f 1028/1788/1717 679/1839/1768 678/1786/1715
f 677/1840/1769 676/1841/1770 1076/1842/1771
f 1076/1842/1771 676/1841/1770 1098/1843/1772
f 1076/1842/1771 1098/1843/1772 1077/1844/1773
f 1077/1844/1773 1098/1843/1772 1099/1845/1774
f 1077/1844/1773 1099/1845/1774 1078/1846/1775
f 1078/1846/1775 1099/1845/1774 1100/1847/1776
f 1078/1846/1775 1100/1847/1776 1079/1848/1777
f 1079/1848/1777 1100/1847/1776 1101/1849/1778
f 1079/1848/1777 1101/1849/1778 1080/1850/1779
f 1080/1850/1779 1101/1849/1778 1102/1851/1780
f 1080/1850/1779 1102/1851/1780 1081/1852/1781
f 1081/1852/1781 1102/1851/1780 1103/1853/1782
f 1081/1852/1781 1103/1853/1782 1082/1854/1783
f 1082/1854/1783 1103/1853/1782 1104/1855/1784
f 1082/1854/1783 1104/1855/1784 1083/1856/1785
f 1083/1856/1785 1104/1855/1784 1105/1857/1786
f 1083/1856/1785 1105/1857/1786 1084/1858/1787
f 1084/1858/1787 1105/1857/1786 1106/1859/1788
f 1084/1858/1787 1106/1859/1788 1085/1860/1789
f 1085/1860/1789 1106/1859/1788 1107/1861/1790
f 1085/1860/1789 1107/1861/1790 1086/1862/1791
f 1086/1862/1791 1107/1861/1790 1108/1863/1792
f 1086/1862/1791 1108/1863/1792 1087/1864/1793
f 1087/1864/1793 1108/1863/1792 1109/1865/1794
f 1087/1864/1793 1109/1865/1794 1088/1866/1795
f 1088/1866/1795 1109/1865/1794 1110/1867/1796
f 1088/1866/1795 1110/1867/1796 1089/1868/1797
f 1089/1868/1797 1110/1867/1796 1111/1869/1798
f 1089/1868/1797 1111/1869/1798 1090/1870/1799
f 1090/1870/1799 1111/1869/1798 1112/1871/1800
f 1090/1870/1799 1112/1871/1800 1091/1872/1801
f 1091/1872/1801 1112/1871/1800 1113/1873/1802
f 1091/1872/1801 1113/1873/1802 1092/1874/1803
f 1092/1874/1803 1113/1873/1802 1114/1875/1804
f 1092/1874/1803 1114/1875/1804 1093/1876/1805
f 1093/1876/1805 1114/1875/1804 1115/1877/1806
f 1093/1876/1805 1115/1877/1806 1094/1878/1807
f 1094/1878/1807 1115/1877/1806 1116/1879/1808
f 1094/1878/1807 1116/1879/1808 1095/1880/1809
f 1095/1880/1809 1116/1879/1808 1117/1881/1810
f 1095/1880/1809 1117/1881/1810 1096/1882/1811
f 1096/1882/1811 1117/1881/1810 1118/1883/1812
f 1096/1882/1811 1118/1883/1812 1097/1884/1813
f 1097/1884/1813 1118/1883/1812 1119/1885/1814
f 1097/1884/1813 1119/1885/1814 689/1886/1815
f 689/1886/1815 1119/1885/1814 690/1887/1816
f 685/1888/1817 778/1889/1818 673/1890/1819
f 673/1890/1819 778/1889/1818 801/1891/1820
f 673/1890/1819 801/1891/1820 800/1892/1821
f 1120/1893/1822 1108/1894/1823 685/1888/1817
f 685/1888/1817 1108/1894/1823 1107/1895/1824
f 685/1888/1817 1107/1895/1824 1106/1896/1825
f 693/1897/1826 742/1898/1827 1120/1893/1822
f 1120/1893/1822 742/1898/1827 741/1899/1828
f 1120/1893/1822 741/1899/1828 740/1900/1829
f 692/1901/1830 1119/1902/1831 693/1897/1826
f 693/1897/1826 1119/1902/1831 746/1903/1832
f 693/1897/1826 746/1903/1832 745/1904/1833
f 692/1901/1830 691/1905/1834 1119/1902/1831
f 1119/1902/1831 691/1905/1834 690/1906/1835
f 1119/1902/1831 1118/1907/1836 746/1903/1832
f 746/1903/1832 1118/1907/1836 747/1908/1837
f 747/1908/1837 1118/1907/1836 1117/1909/1838
f 747/1908/1837 1117/1909/1838 748/1910/1839
f 748/1910/1839 1117/1909/1838 749/1911/1840
f 749/1911/1840 1117/1909/1838 750/1912/1841
f 750/1912/1841 1117/1909/1838 751/1913/1842
f 751/1913/1842 1117/1909/1838 1116/1914/1843
f 751/1913/1842 1116/1914/1843 752/1915/1844
f 752/1915/1844 1116/1914/1843 753/1916/1845
f 753/1916/1845 1116/1914/1843 730/1917/1846
f 730/1917/1846 1116/1914/1843 731/1918/1847
f 731/1918/1847 1116/1914/1843 732/1919/1848
f 732/1919/1848 1116/1914/1843 1115/1920/1849
f 732/1919/1848 1115/1920/1849 733/1921/1850
f 733/1921/1850 1115/1920/1849 734/1922/1851
f 734/1922/1851 1115/1920/1849 735/1923/1852
f 735/1923/1852 1115/1920/1849 736/1924/1853
f 736/1924/1853 1115/1920/1849 1114/1925/1854
f 736/1924/1853 1114/1925/1854 737/1926/1855
f 737/1926/1855 1114/1925/1854 738/1927/1856
f 738/1927/1856 1114/1925/1854 1113/1928/1857
f 738/1927/1856 1113/1928/1857 1120/1893/1822
f 1120/1893/1822 1113/1928/1857 1112/1929/1858
f 1120/1893/1822 1112/1929/1858 1111/1930/1859
f 1111/1930/1859 1110/1931/1860 1120/1893/1822
f 1120/1893/1822 1110/1931/1860 1109/1932/1861
f 1120/1893/1822 1109/1932/1861 1108/1894/1823
f 1106/1896/1825 1105/1933/1862 685/1888/1817
f 685/1888/1817 1105/1933/1862 1104/1934/1863
f 685/1888/1817 1104/1934/1863 782/1935/1864
f 782/1935/1864 1104/1934/1863 1103/1936/1865
f 782/1935/1864 1103/1936/1865 783/1937/1866
f 783/1937/1866 1103/1936/1865 784/1938/1867
f 784/1938/1867 1103/1936/1865 1102/1939/1868
f 784/1938/1867 1102/1939/1868 785/1940/1869
f 785/1940/1869 1102/1939/1868 786/1941/1870
f 786/1941/1870 1102/1939/1868 787/1942/1871
f 787/1942/1871 1102/1939/1868 788/1943/1872
f 788/1943/1872 1102/1939/1868 1101/1944/1873
f 788/1943/1872 1101/1944/1873 789/1945/1874
f 789/1945/1874 1101/1944/1873 790/1946/1875
f 790/1946/1875 1101/1944/1873 791/1947/1876
f 791/1947/1876 1101/1944/1873 792/1948/1877
f 792/1948/1877 1101/1944/1873 793/1949/1878
f 793/1949/1878 1101/1944/1873 1100/1950/1879
f 793/1949/1878 1100/1950/1879 794/1951/1880
f 794/1951/1880 1100/1950/1879 795/1952/1881
f 795/1952/1881 1100/1950/1879 796/1953/1882
f 796/1953/1882 1100/1950/1879 797/1954/1883
f 797/1954/1883 1100/1950/1879 1099/1955/1884
f 797/1954/1883 1099/1955/1884 798/1956/1885
f 798/1956/1885 1099/1955/1884 1098/1957/1886
f 798/1956/1885 1098/1957/1886 673/1890/1819
f 673/1890/1819 1098/1957/1886 674/1958/1887
f 674/1958/1887 1098/1957/1886 675/1959/1888
f 675/1959/1888 1098/1957/1886 676/1960/1889
f 745/1904/1833 744/1961/1890 693/1897/1826
f 693/1897/1826 744/1961/1890 743/1962/1891
f 693/1897/1826 743/1962/1891 742/1898/1827
f 740/1900/1829 739/1963/1892 1120/1893/1822
f 1120/1893/1822 739/1963/1892 738/1927/1856
f 800/1892/1821 799/1964/1893 673/1890/1819
f 673/1890/1819 799/1964/1893 798/1956/1885
f 782/1935/1864 781/1965/1894 685/1888/1817
f 685/1888/1817 781/1965/1894 780/1966/1895
f 685/1888/1817 780/1966/1895 779/1967/1896
f 779/1967/1896 778/1889/1818 685/1888/1817
f 1122/1968/1897 1067/1969/1898 1121/1970/1899
f 1121/1970/1899 1067/1969/1898 1066/1971/1900
f 1121/1970/1899 1066/1971/1900 1153/1972/1901
f 1153/1972/1901 1066/1971/1900 1065/1973/1902
f 1153/1972/1901 1065/1973/1902 1152/1974/1903
f 1152/1974/1903 1065/1973/1902 1064/1975/1904
f 1152/1974/1903 1064/1975/1904 1151/1976/1905
f 1151/1976/1905 1064/1975/1904 1063/1977/1906
f 1151/1976/1905 1063/1977/1906 1150/1978/1907
f 1150/1978/1907 1063/1977/1906 1062/1979/1908
f 1150/1978/1907 1062/1979/1908 1149/1980/1909
f 1149/1980/1909 1062/1979/1908 1148/1981/1910
f 1148/1981/1910 1062/1979/1908 1061/1982/1911
f 1148/1981/1910 1061/1982/1911 1147/1983/1912
f 1147/1983/1912 1061/1982/1911 1060/1984/1913
f 1147/1983/1912 1060/1984/1913 1146/1985/1914
f 1146/1985/1914 1060/1984/1913 1059/1986/1915
f 1146/1985/1914 1059/1986/1915 1145/1987/1916
f 1145/1987/1916 1059/1986/1915 1058/1988/1917
f 1145/1987/1916 1058/1988/1917 1144/1989/1918
f 1144/1989/1918 1058/1988/1917 1057/1990/1919
f 1144/1989/1918 1057/1990/1919 1143/1991/1920
f 1143/1991/1920 1057/1990/1919 1056/1992/1921
f 1143/1991/1920 1056/1992/1921 1142/1993/1922
f 1142/1993/1922 1056/1992/1921 1055/1994/1923
f 1142/1993/1922 1055/1994/1923 1141/1995/1924
f 1141/1995/1924 1055/1994/1923 1054/1996/1925
f 1141/1995/1924 1054/1996/1925 1140/1997/1926
f 1140/1997/1926 1054/1996/1925 1053/1998/1927
f 1140/1997/1926 1053/1998/1927 1139/1999/1928
f 1139/1999/1928 1053/1998/1927 1052/2000/1929
f 1139/1999/1928 1052/2000/1929 1138/2001/1930
f 1138/2001/1930 1052/2000/1929 705/2002/1931
f 1138/2001/1930 705/2002/1931 1137/2003/1932
f 1137/2003/1932 705/2002/1931 704/2004/1933
f 1137/2003/1932 704/2004/1933 703/2005/1934
f 1067/1969/1898 1122/1968/1897 1068/2006/1935
f 1068/2006/1935 1122/1968/1897 1123/2007/1936
f 1068/2006/1935 1123/2007/1936 1069/2008/1937
f 1069/2008/1937 1123/2007/1936 1124/2009/1938
f 1069/2008/1937 1124/2009/1938 1070/2010/1939
f 1070/2010/1939 1124/2009/1938 1125/2011/1940
f 1070/2010/1939 1125/2011/1940 1071/2012/1941
f 1071/2012/1941 1125/2011/1940 1126/2013/1942
f 1071/2012/1941 1126/2013/1942 1072/2014/1943
f 1072/2014/1943 1126/2013/1942 1127/2015/1944
f 1072/2014/1943 1127/2015/1944 1073/2016/1945
f 1073/2016/1945 1127/2015/1944 1128/2017/1946
f 1073/2016/1945 1128/2017/1946 1074/2018/1947
f 1074/2018/1947 1128/2017/1946 1129/2019/1948
f 1074/2018/1947 1129/2019/1948 1075/2020/1949
f 1075/2020/1949 1129/2019/1948 1130/2021/1950
f 1075/2020/1949 1130/2021/1950 661/2022/1951
f 661/2022/1951 1130/2021/1950 1131/2023/1952
f 661/2022/1951 1131/2023/1952 662/2024/1953
f 662/2024/1953 1131/2023/1952 663/2025/1954
f 663/2025/1954 1131/2023/1952 1132/2026/1955
f 663/2025/1954 1132/2026/1955 664/2027/1956
f 664/2027/1956 1132/2026/1955 665/2028/1957
f 665/2028/1957 1132/2026/1955 1133/2029/1958
f 665/2028/1957 1133/2029/1958 1134/2030/1959
f 665/2028/1957 1134/2030/1959 701/2031/1960
f 701/2031/1960 1134/2030/1959 1135/2032/1961
f 701/2031/1960 1135/2032/1961 1136/2033/1962
f 1137/2003/1932 703/2005/1934 1136/2033/1962
f 1136/2033/1962 703/2005/1934 702/2034/1963
f 1136/2033/1962 702/2034/1963 701/2031/1960
f 1153/1972/1901 1154/2035/1964 1121/1970/1899
f 1121/1970/1899 1154/2035/1964 1160/2036/1965
f 1121/1970/1899 1160/2036/1965 1172/2037/1966
f 1172/2037/1966 1160/2036/1965 1161/2038/1967
f 1172/2037/1966 1161/2038/1967 1171/2039/1968
f 1171/2039/1968 1161/2038/1967 1162/2040/1969
f 1171/2039/1968 1162/2040/1969 1170/2041/1970
f 1170/2041/1970 1162/2040/1969 1163/2042/1971
f 1170/2041/1970 1163/2042/1971 1169/2043/1972
f 1169/2043/1972 1163/2042/1971 1164/2044/1973
f 1169/2043/1972 1164/2044/1973 1168/2045/1974
f 1168/2045/1974 1164/2044/1973 1165/2046/1975
f 1168/2045/1974 1165/2046/1975 1167/2047/1976
f 1167/2047/1976 1165/2046/1975 1166/2048/1977
f 1154/2035/1964 1155/2049/1978 1160/2036/1965
f 1160/2036/1965 1155/2049/1978 1156/2050/1979
f 1160/2036/1965 1156/2050/1979 1157/2051/1980
f 1157/2051/1980 1158/2052/1981 1160/2036/1965
f 1160/2036/1965 1158/2052/1981 1159/2053/1982
f 1173/2054/1983 1174/2055/1984 1196/2056/1985
f 1196/2056/1985 1174/2055/1984 1195/2057/1986
f 1195/2057/1986 1174/2055/1984 1175/2058/1987
f 1195/2057/1986 1175/2058/1987 1194/2059/1988
f 1194/2059/1988 1175/2058/1987 1176/2060/1989
f 1194/2059/1988 1176/2060/1989 1193/2061/1990
f 1193/2061/1990 1176/2060/1989 1177/2062/1991
f 1193/2061/1990 1177/2062/1991 1192/2063/1992
f 1192/2063/1992 1177/2062/1991 1178/2064/1993
f 1192/2063/1992 1178/2064/1993 1191/2065/1994
f 1191/2065/1994 1178/2064/1993 1179/2066/1995
f 1191/2065/1994 1179/2066/1995 1190/2067/1996
f 1190/2067/1996 1179/2066/1995 1180/2068/1997
f 1190/2067/1996 1180/2068/1997 1189/2069/1998
f 1189/2069/1998 1180/2068/1997 1181/2070/1999
f 1189/2069/1998 1181/2070/1999 1188/2071/2000
f 1188/2071/2000 1181/2070/1999 1182/2072/2001
f 1188/2071/2000 1182/2072/2001 1187/2073/2002
f 1187/2073/2002 1182/2072/2001 1183/2074/2003
f 1187/2073/2002 1183/2074/2003 1186/2075/2004
f 1186/2075/2004 1183/2074/2003 1184/2076/2005
f 1186/2075/2004 1184/2076/2005 1185/2077/2006
f 1198/2078/2007 1208/2079/2008 1197/2080/2009
f 1197/2080/2009 1208/2079/2008 1209/2081/2010
f 1197/2080/2009 1209/2081/2010 1220/2082/2011
f 1220/2082/2011 1209/2081/2010 1210/2083/2012
f 1220/2082/2011 1210/2083/2012 1219/2084/2013
f 1219/2084/2013 1210/2083/2012 1211/2085/2014
f 1219/2084/2013 1211/2085/2014 1218/2086/2015
f 1218/2086/2015 1211/2085/2014 1212/2087/2016
f 1218/2086/2015 1212/2087/2016 1217/2088/2017
f 1217/2088/2017 1212/2087/2016 1213/2089/2018
f 1217/2088/2017 1213/2089/2018 1216/2090/2019
f 1216/2090/2019 1213/2089/2018 1214/2091/2020
f 1216/2090/2019 1214/2091/2020 1215/2092/2021
f 1208/2079/2008 1198/2078/2007 1207/2093/2022
f 1207/2093/2022 1198/2078/2007 1199/2094/2023
f 1207/2093/2022 1199/2094/2023 1206/2095/2024
f 1206/2095/2024 1199/2094/2023 1200/2096/2025
f 1206/2095/2024 1200/2096/2025 1205/2097/2026
f 1205/2097/2026 1200/2096/2025 1201/2098/2027
f 1205/2097/2026 1201/2098/2027 1204/2099/2028
f 1204/2099/2028 1201/2098/2027 1202/2100/2029
f 1204/2099/2028 1202/2100/2029 1203/2101/2030
f 1221/2102/2031 1222/2103/2032 1234/2104/2033
f 1234/2104/2033 1222/2103/2032 1229/2105/2034
f 1234/2104/2033 1229/2105/2034 1230/2106/2035
f 1222/2103/2032 1223/2107/2036 1229/2105/2034
f 1229/2105/2034 1223/2107/2036 1224/2108/2037
f 1229/2105/2034 1224/2108/2037 1228/2109/2038
f 1228/2109/2038 1224/2108/2037 1225/2110/2039
f 1228/2109/2038 1225/2110/2039 1227/2111/2040
f 1227/2111/2040 1225/2110/2039 1226/2112/2041
f 1231/2113/2042 1232/2114/2043 1230/2106/2035
f 1230/2106/2035 1232/2114/2043 1233/2115/2044
f 1230/2106/2035 1233/2115/2044 1234/2104/2033
f 1223/2116/2045 1222/2117/2046 1235/2118/2047
f 1235/2118/2047 1222/2117/2046 1236/2119/2048
f 1154/2120/2049 1153/2121/2050 1238/2122/2051
f 1238/2122/2051 1153/2121/2050 1237/2123/2052
f 1239/2124/2053 1240/2125/2054 1241/2126/2055
f 1227/2127/2056 1226/2128/2057 1256/2129/2058
f 1256/2129/2058 1226/2128/2057 1239/2130/2059
f 1256/2129/2058 1239/2130/2059 1242/2131/2060
f 1242/2131/2060 1239/2130/2059 1241/2132/2061
f 1242/2131/2060 1243/2133/2062 1256/2129/2058
f 1256/2129/2058 1243/2133/2062 1257/2134/2063
f 1256/2129/2058 1257/2134/2063 1227/2127/2056
f 1227/2127/2056 1257/2134/2063 1228/2135/2064
f 1228/2135/2064 1257/2134/2063 1258/2136/2065
f 1228/2135/2064 1258/2136/2065 1229/2137/2066
f 1229/2137/2066 1258/2136/2065 1245/2138/2067
f 1229/2137/2066 1245/2138/2067 1246/2139/2068
f 1243/2133/2062 1244/2140/2069 1257/2134/2063
f 1257/2134/2063 1244/2140/2069 1258/2136/2065
f 1244/2140/2069 1245/2138/2067 1258/2136/2065
f 1229/2137/2066 1246/2139/2068 1261/2141/2070
f 1261/2141/2070 1246/2139/2068 1247/2142/2071
f 1261/2141/2070 1247/2142/2071 1230/2143/2072
f 1230/2143/2072 1247/2142/2071 1262/2144/2073
f 1230/2143/2072 1262/2144/2073 1231/2145/2074
f 1231/2145/2074 1262/2144/2073 1248/2146/2075
f 1231/2145/2074 1248/2146/2075 1249/2147/2076
f 1247/2142/2071 1248/2146/2075 1262/2144/2073
f 1231/2145/2074 1249/2147/2076 1260/2148/2077
f 1260/2148/2077 1249/2147/2076 1250/2149/2078
f 1260/2148/2077 1250/2149/2078 1259/2150/2079
f 1259/2150/2079 1250/2149/2078 1255/2151/2080
f 1259/2150/2079 1255/2151/2080 1254/2152/2081
f 1254/2152/2081 1255/2151/2080 1253/2153/2082
f 1253/2153/2082 1255/2151/2080 1252/2154/2083
f 1252/2154/2083 1255/2151/2080 1251/2155/2084
f 1251/2155/2084 1255/2151/2080 1250/2149/2078
f 1259/2150/2079 1254/2152/2081 1260/2148/2077
f 1260/2148/2077 1254/2152/2081 1231/2145/2074
f 1230/2143/2072 1229/2137/2066 1261/2141/2070
f 1263/2156/2085 1264/2157/2086 1267/2158/2087
f 1267/2158/2087 1264/2157/2086 1265/2159/2088
f 1267/2158/2087 1265/2159/2088 1266/2160/2089
f 1269/2161/2090 1270/2162/2091 1268/2163/2092
f 1268/2163/2092 1270/2162/2091 1264/2164/2093
f 1268/2163/2092 1264/2164/2093 1263/2165/2094
f 1275/2166/2095 1159/2167/2096 1274/2168/2097
f 1274/2168/2097 1159/2167/2096 1158/2169/2098
f 1274/2168/2097 1158/2169/2098 1273/2170/2099
f 1273/2170/2099 1158/2169/2098 1157/2171/2100
f 1273/2170/2099 1157/2171/2100 1272/2172/2101
f 1272/2172/2101 1157/2171/2100 1156/2173/2102
f 1272/2172/2101 1156/2173/2102 1271/2174/2103
f 1271/2174/2103 1156/2173/2102 1155/2175/2104
f 1271/2174/2103 1155/2175/2104 1238/2176/2051
f 1238/2176/2051 1155/2175/2104 1154/2177/2049
f 1276/2178/2105 1277/2179/2106 1290/2180/2107
f 1290/2180/2107 1277/2179/2106 1289/2181/2108
f 1289/2181/2108 1277/2179/2106 1278/2182/2109
f 1289/2181/2108 1278/2182/2109 1288/2183/2110
f 1288/2183/2110 1278/2182/2109 1287/2184/2111
f 1287/2184/2111 1278/2182/2109 1286/2185/2112
f 1286/2185/2112 1278/2182/2109 1285/2186/2113
f 1285/2186/2113 1278/2182/2109 1268/2187/2114
f 1285/2186/2113 1268/2187/2114 1284/2188/2115
f 1284/2188/2115 1268/2187/2114 1283/2189/2116
f 1283/2189/2116 1268/2187/2114 1282/2190/2117
f 1282/2190/2117 1268/2187/2114 1281/2191/2118
f 1281/2191/2118 1268/2187/2114 1263/2192/2119
f 1281/2191/2118 1263/2192/2119 1280/2193/2120
f 1280/2193/2120 1263/2192/2119 1279/2194/2121
f 1159/2195/2122 1275/2196/2123 1160/2197/2124
f 1160/2197/2124 1275/2196/2123 1311/2198/2125
f 1311/2198/2125 1275/2196/2123 1310/2199/2126
f 1310/2199/2126 1275/2196/2123 1293/2200/2127
f 1310/2199/2126 1293/2200/2127 1294/2201/2128
f 1275/2196/2123 1277/2202/2129 1293/2200/2127
f 1293/2200/2127 1277/2202/2129 1292/2203/2130
f 1292/2203/2130 1277/2202/2129 1291/2204/2131
f 1291/2204/2131 1277/2202/2129 1276/2205/2132
f 1310/2199/2126 1294/2201/2128 1309/2206/2133
f 1309/2206/2133 1294/2201/2128 1295/2207/2134
f 1309/2206/2133 1295/2207/2134 1308/2208/2135
f 1308/2208/2135 1295/2207/2134 1296/2209/2136
f 1308/2208/2135 1296/2209/2136 1307/2210/2137
f 1307/2210/2137 1296/2209/2136 1306/2211/2138
f 1306/2211/2138 1296/2209/2136 1297/2212/2139
f 1306/2211/2138 1297/2212/2139 1305/2213/2140
f 1305/2213/2140 1297/2212/2139 1298/2214/2141
f 1305/2213/2140 1298/2214/2141 1304/2215/2142
f 1304/2215/2142 1298/2214/2141 1303/2216/2143
f 1303/2216/2143 1298/2214/2141 1302/2217/2144
f 1302/2217/2144 1298/2214/2141 1299/2218/2145
f 1302/2217/2144 1299/2218/2145 1267/2219/2146
f 1267/2219/2146 1299/2218/2145 1300/2220/2147
f 1267/2219/2146 1300/2220/2147 1301/2221/2148
f 1279/2222/2149 1263/2223/2150 1301/2221/2148
f 1301/2221/2148 1263/2223/2150 1267/2219/2146
f 1252/2224/2151 1251/2225/2152 1328/2226/2153
f 1328/2226/2153 1251/2225/2152 1312/2227/2154
f 1328/2226/2153 1312/2227/2154 1327/2228/2155
f 1327/2228/2155 1312/2227/2154 1329/2229/2156
f 1327/2228/2155 1329/2229/2156 1326/2230/2157
f 1326/2230/2157 1329/2229/2156 1321/2231/2158
f 1326/2230/2157 1321/2231/2158 1325/2232/2159
f 1325/2232/2159 1321/2231/2158 1324/2233/2160
f 1324/2233/2160 1321/2231/2158 1323/2234/2161
f 1323/2234/2161 1321/2231/2158 1322/2235/2162
f 1313/2236/2163 1320/2237/2164 1312/2227/2154
f 1312/2227/2154 1320/2237/2164 1321/2231/2158
f 1312/2227/2154 1321/2231/2158 1329/2229/2156
f 1320/2237/2164 1313/2236/2163 1319/2238/2165
f 1319/2238/2165 1313/2236/2163 1314/2239/2166
f 1319/2238/2165 1314/2239/2166 1318/2240/2167
f 1318/2240/2167 1314/2239/2166 1315/2241/2168
f 1318/2240/2167 1315/2241/2168 1317/2242/2169
f 1317/2242/2169 1315/2241/2168 1316/2243/2170
f 1328/2244/2171 1336/2245/2172 1252/2246/2173
f 1252/2246/2173 1336/2245/2172 1337/2247/2174
f 1252/2246/2173 1337/2247/2174 1253/2248/2175
f 1253/2248/2175 1337/2247/2174 1334/2249/2176
f 1253/2248/2175 1334/2249/2176 1254/2250/2177
f 1254/2250/2177 1334/2249/2176 1339/2251/2178
f 1254/2250/2177 1339/2251/2178 1231/2252/2179
f 1231/2252/2179 1339/2251/2178 1232/2253/2180
f 1232/2253/2180 1339/2251/2178 1233/2254/2181
f 1233/2254/2181 1339/2251/2178 1234/2255/2182
f 1234/2255/2182 1339/2251/2178 1333/2256/2183
f 1333/2256/2183 1339/2251/2178 1334/2249/2176
f 1333/2256/2183 1334/2249/2176 1332/2257/2184
f 1332/2257/2184 1334/2249/2176 1337/2247/2174
f 1332/2257/2184 1337/2247/2174 1336/2245/2172
f 1328/2244/2171 1327/2258/2185 1336/2245/2172
f 1336/2245/2172 1327/2258/2185 1338/2259/2186
f 1336/2245/2172 1338/2259/2186 1331/2260/2187
f 1331/2260/2187 1338/2259/2186 1335/2261/2188
f 1331/2260/2187 1335/2261/2188 1330/2262/2189
f 1330/2262/2189 1335/2261/2188 1325/2263/2190
f 1325/2263/2190 1335/2261/2188 1326/2264/2191
f 1326/2264/2191 1335/2261/2188 1338/2259/2186
f 1326/2264/2191 1338/2259/2186 1327/2258/2185
f 1331/2260/2187 1332/2257/2184 1336/2245/2172
f 1340/2265/2192 1341/2266/2193 1343/2267/2194
f 1343/2267/2194 1341/2266/2193 1342/2268/2195
f 1340/2269/2196 1343/2270/2197 1347/2271/2198
f 1347/2271/2198 1343/2270/2197 1344/2272/2199
f 1347/2271/2198 1344/2272/2199 1346/2273/2200
f 1346/2273/2200 1344/2272/2199 1345/2274/2201
f 1345/2275/2202 1344/2276/2203 1348/2277/2204
f 1348/2277/2204 1344/2276/2203 1320/2278/2205
f 1348/2277/2204 1320/2278/2205 1319/2279/2206
f 1320/2278/2205 1344/2276/2203 1321/2280/2207
f 1321/2280/2207 1344/2276/2203 1349/2281/2208
f 1321/2280/2207 1349/2281/2208 1322/2282/2209
f 1319/2279/2206 1318/2283/2210 1348/2277/2204
f 1348/2277/2204 1318/2283/2210 1317/2284/2211
f 1348/2277/2204 1317/2284/2211 1316/2285/2212
f 1343/2286/2213 1342/2287/2214 1356/2288/2215
f 1356/2288/2215 1342/2287/2214 1355/2289/2216
f 1355/2289/2216 1342/2287/2214 1350/2290/2217
f 1355/2289/2216 1350/2290/2217 1349/2291/2218
f 1349/2291/2218 1350/2290/2217 1322/2292/2219
f 1322/2292/2219 1350/2290/2217 1323/2293/2220
f 1323/2293/2220 1350/2290/2217 1324/2294/2221
f 1324/2294/2221 1350/2290/2217 1325/2295/2222
f 1325/2295/2222 1350/2290/2217 1351/2296/2223
f 1325/2295/2222 1351/2296/2223 1330/2297/2224
f 1330/2297/2224 1351/2296/2223 1352/2298/2225
f 1330/2297/2224 1352/2298/2225 1331/2299/2226
f 1331/2299/2226 1352/2298/2225 1353/2300/2227
f 1331/2299/2226 1353/2300/2227 1332/2301/2228
f 1332/2301/2228 1353/2300/2227 1354/2302/2229
f 1332/2301/2228 1354/2302/2229 1333/2303/2230
f 1333/2303/2230 1354/2302/2229 1234/2304/2231
f 1234/2304/2231 1354/2302/2229 1221/2305/2232
f 1343/2306/2233 1356/2307/2234 1344/2308/2235
f 1344/2308/2235 1356/2307/2234 1355/2309/2236
f 1344/2308/2235 1355/2309/2236 1349/2310/2237
f 1269/2311/2238 1357/2312/2239 1270/2313/2240
f 1270/2313/2240 1357/2312/2239 1358/2314/2241
f 1270/2313/2240 1358/2314/2241 1359/2315/2242
f 1360/2316/2243 1265/2317/2244 1359/2315/2242
f 1359/2315/2242 1265/2317/2244 1264/2318/2245
f 1359/2315/2242 1264/2318/2245 1270/2313/2240
f 1360/2316/2243 1361/2319/2246 1265/2317/2244
f 1265/2317/2244 1361/2319/2246 1266/2320/2247
f 1362/2321/2248 1363/2322/2249 1278/2323/2250
f 1278/2323/2250 1363/2322/2249 1268/2324/2251
f 1268/2324/2251 1363/2322/2249 1357/2325/2252
f 1268/2324/2251 1357/2325/2252 1269/2326/2253
f 1376/2327/2254 1364/2328/2255 1345/2329/2256
f 1345/2329/2256 1364/2328/2255 1365/2330/2257
f 1345/2329/2256 1365/2330/2257 1346/2331/2258
f 1346/2331/2258 1365/2330/2257 1369/2332/2259
f 1346/2331/2258 1369/2332/2259 1347/2333/2260
f 1347/2333/2260 1369/2332/2259 1370/2334/2261
f 1347/2333/2260 1370/2334/2261 1340/2335/2262
f 1340/2335/2262 1370/2334/2261 1341/2336/2263
f 1341/2336/2263 1370/2334/2261 1371/2337/2264
f 1369/2332/2259 1365/2330/2257 1368/2338/2265
f 1368/2338/2265 1365/2330/2257 1366/2339/2266
f 1368/2338/2265 1366/2339/2266 1367/2340/2267
f 1345/2329/2256 1348/2341/2268 1376/2327/2254
f 1376/2327/2254 1348/2341/2268 1375/2342/2269
f 1375/2342/2269 1348/2341/2268 1311/2343/2270
f 1375/2342/2269 1311/2343/2270 1374/2344/2271
f 1374/2344/2271 1311/2343/2270 1310/2345/2272
f 1348/2341/2268 1372/2346/2273 1311/2343/2270
f 1311/2343/2270 1372/2346/2273 1373/2347/2274
f 1266/2348/2275 1361/2349/2276 1267/2350/2277
f 1267/2350/2277 1361/2349/2276 1377/2351/2278
f 1267/2350/2277 1377/2351/2278 1378/2352/2279
f 1379/2353/2280 1380/2354/2281 1378/2352/2279
f 1378/2352/2279 1380/2354/2281 1267/2350/2277
f 1380/2354/2281 1381/2355/2282 1267/2350/2277
f 1267/2350/2277 1381/2355/2282 1382/2356/2283
f 1267/2350/2277 1382/2356/2283 1302/2357/2284
f 1302/2358/2285 1382/2359/2286 1303/2360/2287
f 1303/2360/2287 1382/2359/2286 1381/2361/2288
f 1303/2360/2287 1381/2361/2288 1393/2362/2289
f 1393/2362/2289 1381/2361/2288 1394/2363/2290
f 1393/2362/2289 1394/2363/2290 1304/2364/2291
f 1304/2364/2291 1394/2363/2290 1395/2365/2292
f 1304/2364/2291 1395/2365/2292 1305/2366/2293
f 1305/2366/2293 1395/2365/2292 1396/2367/2294
f 1305/2366/2293 1396/2367/2294 1306/2368/2295
f 1306/2368/2295 1396/2367/2294 1307/2369/2296
f 1307/2369/2296 1396/2367/2294 1434/2370/2297
f 1307/2369/2296 1434/2370/2297 1397/2371/2298
f 1397/2371/2298 1434/2370/2297 1429/2372/2299
f 1397/2371/2298 1429/2372/2299 1428/2373/2300
f 1428/2373/2300 1429/2372/2299 1424/2374/2301
f 1428/2373/2300 1424/2374/2301 1425/2375/2302
f 1425/2375/2302 1424/2374/2301 1414/2376/2303
f 1425/2375/2302 1414/2376/2303 1390/2377/2304
f 1390/2377/2304 1414/2376/2303 1406/2378/2305
f 1390/2377/2304 1406/2378/2305 1374/2379/2306
f 1374/2379/2306 1406/2378/2305 1375/2380/2307
f 1375/2380/2307 1406/2378/2305 1405/2381/2308
f 1375/2380/2307 1405/2381/2308 1376/2382/2309
f 1376/2382/2309 1405/2381/2308 1413/2383/2310
f 1376/2382/2309 1413/2383/2310 1364/2384/2311
f 1364/2384/2311 1413/2383/2310 1389/2385/2312
f 1389/2385/2312 1413/2383/2310 1412/2386/2313
f 1389/2385/2312 1412/2386/2313 1388/2387/2314
f 1388/2387/2314 1412/2386/2313 1403/2388/2315
f 1388/2387/2314 1403/2388/2315 1402/2389/2316
f 1402/2389/2316 1403/2388/2315 1409/2390/2317
f 1402/2389/2316 1409/2390/2317 1410/2391/2318
f 1410/2391/2318 1409/2390/2317 1417/2392/2319
f 1410/2391/2318 1417/2392/2319 1418/2393/2320
f 1418/2393/2320 1417/2392/2319 1421/2394/2321
f 1418/2393/2320 1421/2394/2321 1420/2395/2322
f 1420/2395/2322 1421/2394/2321 1419/2396/2323
f 1420/2395/2322 1419/2396/2323 1380/2397/2324
f 1380/2397/2324 1419/2396/2323 1381/2361/2288
f 1381/2361/2288 1419/2396/2323 1391/2398/2325
f 1381/2361/2288 1391/2398/2325 1394/2363/2290
f 1394/2363/2290 1391/2398/2325 1435/2399/2326
f 1394/2363/2290 1435/2399/2326 1395/2365/2292
f 1395/2365/2292 1435/2399/2326 1434/2370/2297
f 1395/2365/2292 1434/2370/2297 1396/2367/2294
f 1379/2400/2327 1399/2401/2328 1380/2397/2324
f 1380/2397/2324 1399/2401/2328 1398/2402/2329
f 1380/2397/2324 1398/2402/2329 1392/2403/2330
f 1392/2403/2330 1398/2402/2329 1411/2404/2331
f 1392/2403/2330 1411/2404/2331 1418/2393/2320
f 1418/2393/2320 1411/2404/2331 1410/2391/2318
f 1379/2400/2327 1383/2405/2332 1399/2401/2328
f 1399/2401/2328 1383/2405/2332 1384/2406/2333
f 1399/2401/2328 1384/2406/2333 1398/2402/2329
f 1398/2402/2329 1384/2406/2333 1411/2404/2331
f 1411/2404/2331 1384/2406/2333 1400/2407/2334
f 1400/2407/2334 1384/2406/2333 1385/2408/2335
f 1400/2407/2334 1385/2408/2335 1386/2409/2336
f 1400/2407/2334 1386/2409/2336 1401/2410/2337
f 1401/2410/2337 1386/2409/2336 1387/2411/2338
f 1401/2410/2337 1387/2411/2338 1402/2389/2316
f 1402/2389/2316 1387/2411/2338 1388/2387/2314
f 1374/2379/2306 1310/2412/2339 1390/2377/2304
f 1390/2377/2304 1310/2412/2339 1426/2413/2340
f 1390/2377/2304 1426/2413/2340 1425/2375/2302
f 1425/2375/2302 1426/2413/2340 1427/2414/2341
f 1425/2375/2302 1427/2414/2341 1428/2373/2300
f 1428/2373/2300 1427/2414/2341 1433/2415/2342
f 1428/2373/2300 1433/2415/2342 1397/2371/2298
f 1397/2371/2298 1433/2415/2342 1308/2416/2343
f 1397/2371/2298 1308/2416/2343 1436/2417/2344
f 1436/2417/2344 1308/2416/2343 1307/2369/2296
f 1436/2417/2344 1307/2369/2296 1397/2371/2298
f 1426/2413/2340 1310/2412/2339 1432/2418/2345
f 1432/2418/2345 1310/2412/2339 1309/2419/2346
f 1432/2418/2345 1309/2419/2346 1426/2413/2340
f 1426/2413/2340 1309/2419/2346 1427/2414/2341
f 1309/2419/2346 1308/2416/2343 1427/2414/2341
f 1427/2414/2341 1308/2416/2343 1433/2415/2342
f 1304/2364/2291 1303/2360/2287 1393/2362/2289
f 1420/2395/2322 1380/2397/2324 1392/2403/2330
f 1410/2391/2318 1411/2404/2331 1401/2410/2337
f 1401/2410/2337 1411/2404/2331 1400/2407/2334
f 1401/2410/2337 1402/2389/2316 1410/2391/2318
f 1403/2388/2315 1404/2420/2347 1408/2421/2348
f 1408/2421/2348 1404/2420/2347 1407/2422/2349
f 1408/2421/2348 1407/2422/2349 1415/2423/2350
f 1415/2423/2350 1407/2422/2349 1414/2376/2303
f 1415/2423/2350 1414/2376/2303 1424/2374/2301
f 1404/2420/2347 1405/2381/2308 1407/2422/2349
f 1407/2422/2349 1405/2381/2308 1406/2378/2305
f 1407/2422/2349 1406/2378/2305 1414/2376/2303
f 1403/2388/2315 1412/2386/2313 1404/2420/2347
f 1404/2420/2347 1412/2386/2313 1413/2383/2310
f 1404/2420/2347 1413/2383/2310 1405/2381/2308
f 1403/2388/2315 1408/2421/2348 1409/2390/2317
f 1409/2390/2317 1408/2421/2348 1416/2424/2351
f 1409/2390/2317 1416/2424/2351 1417/2392/2319
f 1417/2392/2319 1416/2424/2351 1422/2425/2352
f 1417/2392/2319 1422/2425/2352 1421/2394/2321
f 1421/2394/2321 1422/2425/2352 1431/2426/2353
f 1421/2394/2321 1431/2426/2353 1419/2396/2323
f 1419/2396/2323 1431/2426/2353 1391/2398/2325
f 1416/2424/2351 1408/2421/2348 1415/2423/2350
f 1418/2393/2320 1420/2395/2322 1392/2403/2330
f 1416/2424/2351 1415/2423/2350 1423/2427/2354
f 1423/2427/2354 1415/2423/2350 1424/2374/2301
f 1423/2427/2354 1424/2374/2301 1429/2372/2299
f 1422/2425/2352 1423/2427/2354 1430/2428/2355
f 1430/2428/2355 1423/2427/2354 1429/2372/2299
f 1430/2428/2355 1429/2372/2299 1434/2370/2297
f 1423/2427/2354 1422/2425/2352 1416/2424/2351
f 1422/2425/2352 1430/2428/2355 1431/2426/2353
f 1431/2426/2353 1430/2428/2355 1435/2399/2326
f 1431/2426/2353 1435/2399/2326 1391/2398/2325
f 1435/2399/2326 1430/2428/2355 1434/2370/2297
f 1437/2429/2356 1438/2430/2357 1450/2431/2358
f 1450/2431/2358 1438/2430/2357 1439/2432/2359
f 1450/2431/2358 1439/2432/2359 1440/2433/2360
f 1440/2433/2360 1441/2434/2361 1450/2431/2358
f 1450/2431/2358 1441/2434/2361 1442/2435/2362
f 1450/2431/2358 1442/2435/2362 1449/2436/2363
f 1449/2436/2363 1442/2435/2362 1443/2437/2364
f 1449/2436/2363 1443/2437/2364 1444/2438/2365
f 1449/2436/2363 1444/2438/2365 1448/2439/2366
f 1448/2439/2366 1444/2438/2365 1445/2440/2367
f 1448/2439/2366 1445/2440/2367 1447/2441/2368
f 1447/2441/2368 1445/2440/2367 1446/2442/2369
f 1368/2443/2370 1367/2444/2371 1462/2445/2372
f 1462/2445/2372 1367/2444/2371 1451/2446/2373
f 1462/2445/2372 1451/2446/2373 1463/2447/2374
f 1463/2447/2374 1451/2446/2373 1461/2448/2375
f 1463/2447/2374 1461/2448/2375 1459/2449/2376
f 1459/2449/2376 1461/2448/2375 1458/2450/2377
f 1458/2450/2377 1461/2448/2375 1464/2451/2378
f 1458/2450/2377 1464/2451/2378 1465/2452/2379
f 1465/2452/2379 1464/2451/2378 1453/2453/2380
f 1465/2452/2379 1453/2453/2380 1454/2454/2381
f 1451/2446/2373 1452/2455/2382 1461/2448/2375
f 1461/2448/2375 1452/2455/2382 1464/2451/2378
f 1452/2455/2382 1453/2453/2380 1464/2451/2378
f 1465/2452/2379 1454/2454/2381 1466/2456/2383
f 1466/2456/2383 1454/2454/2381 1455/2457/2384
f 1466/2456/2383 1455/2457/2384 1467/2458/2385
f 1467/2458/2385 1455/2457/2384 1437/2459/2386
f 1467/2458/2385 1437/2459/2386 1450/2460/2387
f 1450/2460/2387 1456/2461/2388 1467/2458/2385
f 1467/2458/2385 1456/2461/2388 1466/2456/2383
f 1456/2461/2388 1457/2462/2389 1466/2456/2383
f 1466/2456/2383 1457/2462/2389 1465/2452/2379
f 1457/2462/2389 1458/2450/2377 1465/2452/2379
f 1459/2449/2376 1460/2463/2390 1463/2447/2374
f 1463/2447/2374 1460/2463/2390 1462/2445/2372
f 1460/2463/2390 1371/2464/2391 1462/2445/2372
f 1462/2445/2372 1371/2464/2391 1370/2465/2392
f 1462/2445/2372 1370/2465/2392 1369/2466/2393
f 1369/2466/2393 1368/2443/2370 1462/2445/2372
f 1446/2467/2394 1468/2468/2395 1447/2469/2396
f 1447/2469/2396 1468/2468/2395 1469/2470/2397
f 1470/2471/2398 1471/2472/2399 1477/2473/2400
f 1477/2473/2400 1471/2472/2399 1472/2474/2401
f 1477/2473/2400 1472/2474/2401 1476/2475/2402
f 1476/2475/2402 1472/2474/2401 1473/2476/2403
f 1476/2475/2402 1473/2476/2403 1475/2477/2404
f 1475/2477/2404 1473/2476/2403 1474/2478/2405
f 1479/2479/2406 1480/2480/2407 1478/2481/2408
f 1478/2481/2408 1480/2480/2407 1481/2482/2409
f 1478/2481/2408 1481/2482/2409 1484/2483/2410
f 1484/2483/2410 1481/2482/2409 1482/2484/2411
f 1484/2483/2410 1482/2484/2411 1483/2485/2412
f 1485/2486/2413 1486/2487/2414 1495/2488/2415
f 1495/2488/2415 1486/2487/2414 1504/2489/2416
f 1495/2488/2415 1504/2489/2416 1494/2490/2417
f 1494/2490/2417 1504/2489/2416 1512/2491/2418
f 1494/2490/2417 1512/2491/2418 1493/2492/2419
f 1493/2492/2419 1512/2491/2418 1513/2493/2420
f 1493/2492/2419 1513/2493/2420 1514/2494/2421
f 1514/2494/2421 1513/2493/2420 1501/2495/2422
f 1514/2494/2421 1501/2495/2422 1500/2496/2423
f 1500/2496/2423 1501/2495/2422 1487/2497/2424
f 1500/2496/2423 1487/2497/2424 1488/2498/2425
f 1487/2497/2424 1501/2495/2422 1486/2487/2414
f 1486/2487/2414 1501/2495/2422 1502/2499/2426
f 1486/2487/2414 1502/2499/2426 1503/2500/2427
f 1503/2500/2427 1502/2499/2426 1512/2491/2418
f 1503/2500/2427 1512/2491/2418 1504/2489/2416
f 1489/2501/2428 1498/2502/2429 1488/2498/2425
f 1488/2498/2425 1498/2502/2429 1499/2503/2430
f 1488/2498/2425 1499/2503/2430 1500/2496/2423
f 1500/2496/2423 1499/2503/2430 1515/2504/2431
f 1500/2496/2423 1515/2504/2431 1514/2494/2421
f 1514/2494/2421 1515/2504/2431 1508/2505/2432
f 1514/2494/2421 1508/2505/2432 1493/2492/2419
f 1493/2492/2419 1508/2505/2432 1492/2506/2433
f 1492/2506/2433 1508/2505/2432 1509/2507/2434
f 1492/2506/2433 1509/2507/2434 1505/2508/2435
f 1505/2508/2435 1509/2507/2434 1510/2509/2436
f 1505/2508/2435 1510/2509/2436 1506/2510/2437
f 1506/2510/2437 1510/2509/2436 1496/2511/2438
f 1506/2510/2437 1496/2511/2438 1507/2512/2439
f 1507/2512/2439 1496/2511/2438 1490/2513/2440
f 1507/2512/2439 1490/2513/2440 1506/2510/2437
f 1506/2510/2437 1490/2513/2440 1491/2514/2441
f 1506/2510/2437 1491/2514/2441 1505/2508/2435
f 1505/2508/2435 1491/2514/2441 1492/2506/2433
f 1490/2513/2440 1511/2515/2442 1489/2501/2428
f 1489/2501/2428 1511/2515/2442 1497/2516/2443
f 1489/2501/2428 1497/2516/2443 1498/2502/2429
f 1498/2502/2429 1497/2516/2443 1517/2517/2444
f 1498/2502/2429 1517/2517/2444 1516/2518/2445
f 1516/2518/2445 1517/2517/2444 1509/2507/2434
f 1516/2518/2445 1509/2507/2434 1508/2505/2432
f 1511/2515/2442 1490/2513/2440 1496/2511/2438
f 1517/2517/2444 1497/2516/2443 1511/2515/2442
f 1515/2504/2431 1499/2503/2430 1516/2518/2445
f 1516/2518/2445 1499/2503/2430 1498/2502/2429
f 1504/2489/2416 1486/2487/2414 1503/2500/2427
f 1512/2491/2418 1502/2499/2426 1513/2493/2420
f 1513/2493/2420 1502/2499/2426 1501/2495/2422
f 1515/2504/2431 1516/2518/2445 1508/2505/2432
f 1511/2515/2442 1496/2511/2438 1510/2509/2436
f 1511/2515/2442 1510/2509/2436 1517/2517/2444
f 1517/2517/2444 1510/2509/2436 1509/2507/2434
f 1518/2519/2446 1519/2520/2447 1522/2521/2448
f 1522/2521/2448 1519/2520/2447 1520/2522/2449
f 1522/2521/2448 1520/2522/2449 1521/2523/2450
f 1521/2524/2451 1520/2525/2452 1525/2526/2453
f 1525/2526/2453 1520/2525/2452 1524/2527/2454
f 1524/2527/2454 1520/2525/2452 1523/2528/2455
f 1523/2528/2455 1520/2525/2452 1485/2529/2456
f 1526/2530/2457 1527/2531/2458 1528/2532/2459
f 1528/2533/2460 1529/2534/2461 1526/2535/2462
f 1530/2536/2463 1531/2537/2464 1532/2538/2465
f 1531/2539/2466 1533/2540/2467 1532/2541/2468
f 1539/2542/2469 1534/2543/2470 1538/2544/2471
f 1538/2544/2471 1534/2543/2470 1535/2545/2472
f 1538/2544/2471 1535/2545/2472 1536/2546/2473
f 1536/2546/2473 1537/2547/2474 1538/2544/2471
f 1541/2548/2475 1518/2549/2476 1540/2550/2477
f 1540/2550/2477 1518/2549/2476 1522/2551/2478
f 1522/2552/2479 1521/2553/2480 1540/2554/2481
f 1540/2554/2481 1521/2553/2480 1543/2555/2482
f 1543/2555/2482 1521/2553/2480 1542/2556/2483
f 1542/2556/2483 1521/2553/2480 1525/2557/2484
f 1543/2558/2485 1542/2559/2486 1550/2560/2487
f 1550/2560/2487 1542/2559/2486 1544/2561/2488
f 1550/2560/2487 1544/2561/2488 1549/2562/2489
f 1549/2562/2489 1544/2561/2488 1545/2563/2490
f 1549/2562/2489 1545/2563/2490 807/2564/2491
f 1549/2562/2489 807/2564/2491 1548/2565/2492
f 1548/2565/2492 807/2564/2491 806/2566/2493
f 1548/2565/2492 806/2566/2493 1546/2567/2494
f 1546/2567/2494 1547/2568/2495 1548/2565/2492
f 1551/2569/2496 1552/2570/2497 1557/2571/2498
f 1557/2571/2498 1552/2570/2497 1556/2572/2499
f 1556/2572/2499 1552/2570/2497 1555/2573/2500
f 1555/2573/2500 1552/2570/2497 1553/2574/2501
f 1555/2573/2500 1553/2574/2501 1554/2575/2502
f 1554/2575/2502 1553/2574/2501 1470/2576/2503
f 1470/2576/2503 1553/2574/2501 1471/2577/2504
f 1565/2578/2505 1558/2579/2506 1564/2580/2507
f 1564/2580/2507 1558/2579/2506 1559/2581/2508
f 1564/2580/2507 1559/2581/2508 1563/2582/2509
f 1563/2582/2509 1559/2581/2508 1560/2583/2510
f 1563/2582/2509 1560/2583/2510 1562/2584/2511
f 1562/2584/2511 1560/2583/2510 1561/2585/2512
f 1576/2586/2513 1566/2587/2514 1575/2588/2515
f 1575/2588/2515 1566/2587/2514 1567/2589/2516
f 1575/2588/2515 1567/2589/2516 1568/2590/2517
f 1575/2588/2515 1568/2590/2517 1574/2591/2518
f 1574/2591/2518 1568/2590/2517 1569/2592/2519
f 1574/2591/2518 1569/2592/2519 1570/2593/2520
f 1574/2591/2518 1570/2593/2520 1573/2594/2521
f 1573/2594/2521 1570/2593/2520 1571/2595/2522
f 1573/2594/2521 1571/2595/2522 1572/2596/2523
f 1577/2597/2524 1572/2598/2525 1539/2599/2526
f 1539/2599/2526 1572/2598/2525 1571/2600/2527
f 1539/2599/2526 1571/2600/2527 1534/2601/2528
f 1578/2602/2529 1579/2603/2530 1588/2604/2531
f 1588/2604/2531 1579/2603/2530 1587/2605/2532
f 1587/2605/2532 1579/2603/2530 1580/2606/2533
f 1587/2605/2532 1580/2606/2533 1586/2607/2534
f 1586/2607/2534 1580/2606/2533 1581/2608/2535
f 1586/2607/2534 1581/2608/2535 1474/2609/2536
f 1474/2609/2536 1581/2608/2535 1475/2610/2537
f 1475/2610/2537 1581/2608/2535 1582/2611/2538
f 1475/2610/2537 1582/2611/2538 1585/2612/2539
f 1585/2612/2539 1582/2611/2538 1583/2613/2540
f 1585/2612/2539 1583/2613/2540 1584/2614/2541
f 1589/2615/2542 1590/2616/2543 1592/2617/2544
f 1592/2617/2544 1590/2616/2543 1591/2618/2545
f 1593/2619/2546 1594/2620/2547 1596/2621/2548
f 1596/2621/2548 1594/2620/2547 1595/2622/2549
f 1596/2621/2548 1595/2622/2549 1592/2623/2550
f 1592/2623/2550 1595/2622/2549 1589/2624/2551
f 1593/2625/2552 1596/2626/2553 1597/2627/2554
f 1597/2627/2554 1596/2626/2553 1598/2628/2555
f 1590/2629/2556 1599/2630/2557 1591/2631/2558
f 1591/2631/2558 1599/2630/2557 1600/2632/2559
f 1591/2631/2558 1600/2632/2559 1598/2633/2560
f 1598/2633/2560 1600/2632/2559 1597/2634/2561
f 1602/2635/2562 1603/2636/2563 1601/2637/2564
f 1601/2637/2564 1603/2636/2563 1604/2638/2565
f 1601/2637/2564 1604/2638/2565 1606/2639/2566
f 1606/2639/2566 1604/2638/2565 1584/2640/2541
f 1606/2639/2566 1584/2640/2541 1605/2641/2567
f 1605/2641/2567 1584/2640/2541 1583/2642/2540
f 1601/2643/2568 540/2644/2569 1602/2645/2570
f 1602/2645/2570 540/2644/2569 548/2646/2571
f 550/2647/2572 600/2648/2573 1607/2649/2574
f 1607/2649/2574 600/2648/2573 1608/2650/2575
f 1610/2651/2576 1611/2652/2577 1609/2653/2578
f 1609/2653/2578 1611/2652/2577 1616/2654/2579
f 1616/2654/2579 1611/2652/2577 1612/2655/2580
f 1616/2654/2579 1612/2655/2580 1607/2656/2581
f 1607/2656/2581 1608/2657/2582 1616/2654/2579
f 1616/2654/2579 1608/2657/2582 1613/2658/2583
f 1616/2654/2579 1613/2658/2583 1614/2659/2584
f 1614/2659/2584 1615/2660/2585 1616/2654/2579
f 1618/2661/2586 1621/2662/2587 1617/2663/2588
f 1617/2663/2588 1621/2662/2587 1622/2664/2589
f 1617/2663/2588 1622/2664/2589 1626/2665/2590
f 1626/2665/2590 1622/2664/2589 1623/2666/2591
f 1626/2665/2590 1623/2666/2591 1625/2667/2592
f 1625/2667/2592 1623/2666/2591 1624/2668/2593
f 1618/2661/2586 1619/2669/2594 1621/2662/2587
f 1621/2662/2587 1619/2669/2594 1620/2670/2595
f 1627/2671/2596 1628/2672/2597 1617/2673/2598
f 1617/2673/2598 1628/2672/2597 1618/2674/2599
f 1618/2674/2599 1628/2672/2597 1629/2675/2600
f 1618/2674/2599 1629/2675/2600 1619/2676/2601
f 1619/2676/2601 1629/2675/2600 1630/2677/2602
f 1619/2676/2601 1630/2677/2602 1620/2678/2603
f 1620/2678/2603 1630/2677/2602 1631/2679/2604
f 1620/2678/2603 1631/2679/2604 1632/2680/2605
f 1633/2681/2606 1632/2682/2607 1635/2683/2608
f 1635/2683/2608 1632/2682/2607 1634/2684/2609
f 1634/2684/2609 1632/2682/2607 1631/2685/2610
f 819/2686/2611 818/2687/2612 1639/2688/2613
f 1639/2688/2613 818/2687/2612 1638/2689/2614
f 1638/2689/2614 818/2687/2612 1636/2690/2615
f 1638/2689/2614 1636/2690/2615 1627/2691/2616
f 1627/2691/2616 1636/2690/2615 1628/2692/2617
f 1628/2692/2617 1636/2690/2615 1637/2693/2618
f 1628/2692/2617 1637/2693/2618 1629/2694/2619
f 1629/2694/2619 1637/2693/2618 1478/2695/2620
f 1629/2694/2619 1478/2695/2620 1630/2696/2621
f 1630/2696/2621 1478/2695/2620 1633/2697/2622
f 1630/2696/2621 1633/2697/2622 1635/2698/2623
f 1637/2693/2618 1479/2699/2624 1478/2695/2620
f 1635/2698/2623 1634/2700/2625 1630/2696/2621
f 1630/2696/2621 1634/2700/2625 1631/2701/2626
f 1641/2702/2627 1642/2703/2628 1640/2704/2629
f 1640/2704/2629 1642/2703/2628 1643/2705/2630
f 1640/2704/2629 1643/2705/2630 1645/2706/2631
f 1645/2706/2631 1643/2705/2630 1644/2707/2632
f 1645/2706/2631 1644/2707/2632 1484/2708/2633
f 1484/2708/2633 1483/2709/2634 1645/2706/2631
f 1527/2710/2635 1646/2711/2636 1528/2712/2637
f 1528/2712/2637 1646/2711/2636 806/2713/2638
f 1528/2712/2637 806/2713/2638 1648/2714/2639
f 1648/2714/2639 806/2713/2638 805/2715/2640
f 1646/2711/2636 1647/2716/2641 806/2713/2638
f 806/2713/2638 1647/2716/2641 1546/2717/2642
f 1648/2714/2639 1529/2718/2643 1528/2712/2637
f 802/2719/2644 808/2720/2645 817/2721/2646
f 817/2721/2646 808/2720/2645 1489/2722/2647
f 1489/2722/2647 808/2720/2645 1490/2723/2648
f 819/2724/2649 1639/2725/2650 815/2726/2651
f 815/2726/2651 1639/2725/2650 1638/2727/2652
f 815/2726/2651 1638/2727/2652 1627/2728/2653
f 1627/2728/2653 1617/2729/2654 815/2726/2651
f 815/2726/2651 1617/2729/2654 811/2730/2655
f 811/2730/2655 1617/2729/2654 1626/2731/2656
f 811/2730/2655 1626/2731/2656 1649/2732/2657
f 1649/2732/2657 1650/2733/2658 811/2730/2655
f 811/2730/2655 1650/2733/2658 812/2734/2659
f 1625/2735/2660 1651/2736/2661 1626/2737/2662
f 1626/2737/2662 1651/2736/2661 1649/2738/2663
f 1652/2739/2664 1653/2740/2665 1616/2741/2666
f 1616/2741/2666 1653/2740/2665 1609/2742/2667
f 1652/2743/2668 1616/2744/2669 1660/2745/2670
f 1660/2745/2670 1616/2744/2669 1578/2746/2671
f 1660/2745/2670 1578/2746/2671 1659/2747/2672
f 1615/2748/2673 1654/2749/2674 1616/2744/2669
f 1616/2744/2669 1654/2749/2674 1579/2750/2675
f 1616/2744/2669 1579/2750/2675 1578/2746/2671
f 1654/2749/2674 1655/2751/2676 1579/2750/2675
f 1579/2750/2675 1655/2751/2676 1580/2752/2677
f 1580/2752/2677 1655/2751/2676 1656/2753/2678
f 1580/2752/2677 1656/2753/2678 1657/2754/2679
f 1657/2754/2679 1658/2755/2680 1580/2752/2677
f 1580/2752/2677 1658/2755/2680 1581/2756/2681
f 1661/2757/2682 1662/2758/2683 1677/2759/2684
f 1677/2759/2684 1662/2758/2683 1663/2760/2685
f 1677/2759/2684 1663/2760/2685 1676/2761/2686
f 1676/2761/2686 1663/2760/2685 1664/2762/2687
f 1676/2761/2686 1664/2762/2687 1675/2763/2688
f 1675/2763/2688 1664/2762/2687 1665/2764/2689
f 1675/2763/2688 1665/2764/2689 1674/2765/2690
f 1674/2765/2690 1665/2764/2689 1666/2766/2691
f 1674/2765/2690 1666/2766/2691 1673/2767/2692
f 1673/2767/2692 1666/2766/2691 1667/2768/2693
f 1673/2767/2692 1667/2768/2693 1672/2769/2694
f 1672/2769/2694 1667/2768/2693 1668/2770/2695
f 1672/2769/2694 1668/2770/2695 1671/2771/2696
f 1671/2771/2696 1668/2770/2695 1669/2772/2697
f 1671/2771/2696 1669/2772/2697 1670/2773/2698
f 1684/2774/2699 1678/2775/2700 1681/2776/2701
f 1681/2776/2701 1678/2775/2700 1679/2777/2702
f 1681/2776/2701 1679/2777/2702 1669/2778/2697
f 1669/2778/2697 1679/2777/2702 1670/2779/2698
f 1669/2778/2697 1680/2780/2703 1681/2776/2701
f 1682/2781/2704 1683/2782/2705 1681/2776/2701
f 1681/2776/2701 1683/2782/2705 1684/2774/2699
f 1678/2783/2706 1568/2784/2707 1686/2785/2708
f 1686/2785/2708 1568/2784/2707 1567/2786/2709
f 1686/2785/2708 1567/2786/2709 1685/2787/2710
f 1686/2785/2708 1679/2788/2711 1678/2783/2706
f 1566/2789/2712 1530/2790/2713 1567/2791/2714
f 1567/2791/2714 1530/2790/2713 1532/2792/2715
f 1567/2791/2714 1532/2792/2715 1687/2793/2716
f 1687/2793/2716 1532/2792/2715 1533/2794/2717
f 1687/2793/2716 1685/2795/2718 1567/2791/2714
f 1536/2796/2719 1571/2797/2720 1537/2798/2721
f 1537/2798/2721 1571/2797/2720 1691/2799/2722
f 1537/2798/2721 1691/2799/2722 1692/2800/2723
f 1536/2796/2719 1535/2801/2724 1571/2797/2720
f 1571/2797/2720 1535/2801/2724 1534/2802/2725
f 1571/2797/2720 1570/2803/2726 1691/2799/2722
f 1691/2799/2722 1570/2803/2726 1690/2804/2727
f 1690/2804/2727 1570/2803/2726 1569/2805/2728
f 1690/2804/2727 1569/2805/2728 1689/2806/2729
f 1689/2806/2729 1569/2805/2728 1688/2807/2730
f 1688/2807/2730 1569/2805/2728 1568/2808/2731
f 1688/2807/2730 1568/2808/2731 1682/2809/2732
f 1682/2809/2732 1568/2808/2731 1683/2810/2733
f 1683/2810/2733 1568/2808/2731 1684/2811/2734
f 1684/2811/2734 1568/2808/2731 1678/2812/2735
f 1682/2813/2736 1681/2814/2737 1688/2815/2738
f 1688/2815/2738 1681/2814/2737 1698/2816/2739
f 1688/2815/2738 1698/2816/2739 1699/2817/2740
f 1699/2817/2740 1698/2816/2739 1700/2818/2741
f 1699/2817/2740 1700/2818/2741 1689/2819/2742
f 1689/2819/2742 1700/2818/2741 1697/2820/2743
f 1689/2819/2742 1697/2820/2743 1690/2821/2744
f 1690/2821/2744 1697/2820/2743 1705/2822/2745
f 1690/2821/2744 1705/2822/2745 1709/2823/2746
f 1709/2823/2746 1705/2822/2745 1708/2824/2747
f 1709/2823/2746 1708/2824/2747 1695/2825/2748
f 1695/2825/2748 1708/2824/2747 1694/2826/2749
f 1694/2826/2749 1708/2824/2747 1706/2827/2750
f 1694/2826/2749 1706/2827/2750 1707/2828/2751
f 1707/2828/2751 1706/2827/2750 1703/2829/2752
f 1707/2828/2751 1703/2829/2752 1693/2830/2753
f 1693/2830/2753 1703/2829/2752 1702/2831/2754
f 1693/2830/2753 1702/2831/2754 1696/2832/2755
f 1696/2832/2755 1702/2831/2754 1701/2833/2756
f 1696/2832/2755 1701/2833/2756 1698/2816/2739
f 1698/2816/2739 1701/2833/2756 1700/2818/2741
f 1698/2816/2739 1681/2814/2737 1696/2832/2755
f 1696/2832/2755 1681/2814/2737 1680/2834/2757
f 1696/2832/2755 1680/2834/2757 1693/2830/2753
f 1693/2830/2753 1694/2826/2749 1707/2828/2751
f 1695/2825/2748 1692/2835/2758 1709/2823/2746
f 1709/2823/2746 1692/2835/2758 1691/2836/2759
f 1709/2823/2746 1691/2836/2759 1690/2821/2744
f 1689/2819/2742 1688/2815/2738 1699/2817/2740
f 1700/2818/2741 1701/2833/2756 1697/2820/2743
f 1697/2820/2743 1701/2833/2756 1704/2837/2760
f 1697/2820/2743 1704/2837/2760 1705/2822/2745
f 1705/2822/2745 1704/2837/2760 1706/2827/2750
f 1705/2822/2745 1706/2827/2750 1708/2824/2747
f 1701/2833/2756 1702/2831/2754 1704/2837/2760
f 1704/2837/2760 1702/2831/2754 1703/2829/2752
f 1704/2837/2760 1703/2829/2752 1706/2827/2750
f 1608/2838/2761 600/2839/2762 1613/2840/2763
f 1613/2840/2763 600/2839/2762 1614/2841/2764
f 1614/2841/2764 600/2839/2762 604/2842/2765
f 1614/2841/2764 604/2842/2765 1615/2843/2766
f 1615/2843/2766 604/2842/2765 1654/2844/2767
f 1654/2844/2767 604/2842/2765 603/2845/2768
f 1654/2844/2767 603/2845/2768 1655/2846/2769
f 1655/2846/2769 603/2845/2768 602/2847/2770
f 1655/2846/2769 602/2847/2770 1656/2848/2771
f 1656/2848/2771 602/2847/2770 1657/2849/2772
f 1657/2849/2772 602/2847/2770 1711/2850/2773
f 1657/2849/2772 1711/2850/2773 1658/2851/2774
f 1658/2851/2774 1711/2850/2773 1712/2852/2775
f 1658/2851/2774 1712/2852/2775 1581/2853/2776
f 1581/2853/2776 1712/2852/2775 1713/2854/2777
f 1581/2853/2776 1713/2854/2777 1714/2855/2778
f 602/2847/2770 1710/2856/2779 1711/2850/2773
f 1715/2857/2780 543/2858/2781 1714/2855/2778
f 1714/2855/2778 543/2858/2781 1582/2859/2782
f 1714/2855/2778 1582/2859/2782 1581/2853/2776
f 543/2858/2781 542/2860/2783 1582/2859/2782
f 1582/2859/2782 542/2860/2783 1583/2861/2784
f 1583/2861/2784 542/2860/2783 541/2862/2785
f 1583/2861/2784 541/2862/2785 1605/2863/2786
f 1605/2863/2786 541/2862/2785 1606/2864/2787
f 1606/2864/2787 541/2862/2785 540/2865/2788
f 1606/2864/2787 540/2865/2788 1601/2866/2789
f 1591/2867/2790 1598/2868/2791 1592/2869/2792
f 1592/2869/2792 1598/2868/2791 1596/2870/2793
f 610/2871/2794 1716/2872/2795 611/2873/2796
f 611/2873/2796 1716/2872/2795 1717/2874/2797
f 611/2873/2796 1717/2874/2797 612/2875/2798
f 612/2875/2798 1717/2874/2797 1718/2876/2799
f 612/2875/2798 1718/2876/2799 613/2877/2800
f 613/2877/2800 1718/2876/2799 1719/2878/2801
f 613/2877/2800 1719/2878/2801 614/2879/2802
f 614/2879/2802 1719/2878/2801 1720/2880/2803
f 614/2879/2802 1720/2880/2803 615/2881/2804
f 615/2881/2804 1720/2880/2803 1721/2882/2805
f 615/2881/2804 1721/2882/2805 616/2883/2806
f 616/2883/2806 1721/2882/2805 1722/2884/2807
f 616/2883/2806 1722/2884/2807 617/2885/2808
f 617/2885/2808 1722/2884/2807 1723/2886/2809
f 617/2885/2808 1723/2886/2809 618/2887/2810
f 618/2887/2810 1723/2886/2809 1724/2888/2811
f 618/2887/2810 1724/2888/2811 619/2889/2812
f 619/2889/2812 1724/2888/2811 1725/2890/2813
f 619/2889/2812 1725/2890/2813 620/2891/2814
f 620/2891/2814 1725/2890/2813 1726/2892/2815
f 620/2891/2814 1726/2892/2815 621/2893/2816
f 621/2893/2816 1726/2892/2815 1727/2894/2817
f 621/2893/2816 1727/2894/2817 608/2895/2818
f 608/2895/2818 1727/2894/2817 1728/2896/2819
f 1710/2897/2820 602/2898/2821 1728/2899/2819
f 1728/2899/2819 602/2898/2821 608/2900/2818
f 1715/2901/2822 1716/2902/2795 543/2903/2823
f 543/2903/2823 1716/2902/2795 610/2904/2794
f 1729/2905/2824 1730/2906/2825 1752/2907/2826
f 1752/2907/2826 1730/2906/2825 1751/2908/2827
f 1751/2908/2827 1730/2906/2825 1731/2909/2828
f 1751/2908/2827 1731/2909/2828 1750/2910/2829
f 1750/2910/2829 1731/2909/2828 1732/2911/2830
f 1750/2910/2829 1732/2911/2830 1749/2912/2831
f 1749/2912/2831 1732/2911/2830 1733/2913/2832
f 1749/2912/2831 1733/2913/2832 1748/2914/2833
f 1748/2914/2833 1733/2913/2832 1734/2915/2834
f 1748/2914/2833 1734/2915/2834 1747/2916/2835
f 1747/2916/2835 1734/2915/2834 1735/2917/2836
f 1747/2916/2835 1735/2917/2836 1746/2918/2837
f 1746/2918/2837 1735/2917/2836 1736/2919/2838
f 1746/2918/2837 1736/2919/2838 1745/2920/2839
f 1745/2920/2839 1736/2919/2838 1737/2921/2840
f 1745/2920/2839 1737/2921/2840 1744/2922/2841
f 1744/2922/2841 1737/2921/2840 1738/2923/2842
f 1744/2922/2841 1738/2923/2842 1743/2924/2843
f 1743/2924/2843 1738/2923/2842 1739/2925/2844
f 1743/2924/2843 1739/2925/2844 1742/2926/2845
f 1742/2926/2845 1739/2925/2844 1740/2927/2846
f 1742/2926/2845 1740/2927/2846 1741/2928/2847
f 1711/2929/2848 1753/2930/2849 1712/2931/2850
f 1712/2931/2850 1753/2930/2849 1754/2932/2851
f 1712/2931/2850 1754/2932/2851 1713/2933/2852
f 1713/2933/2852 1754/2932/2851 1755/2934/2853
f 1713/2933/2852 1755/2934/2853 1756/2935/2854
f 1756/2935/2854 1757/2936/2855 1713/2933/2852
f 1713/2933/2852 1757/2936/2855 1758/2937/2856
f 1713/2933/2852 1758/2937/2856 1759/2938/2857
f 1759/2938/2857 1760/2939/2858 1713/2933/2852
f 1713/2933/2852 1760/2939/2858 1761/2940/2859
f 1713/2933/2852 1761/2940/2859 1762/2941/2860
f 1762/2941/2860 1763/2942/2861 1713/2933/2852
f 1713/2933/2852 1763/2942/2861 1764/2943/2862
f 1713/2933/2852 1764/2943/2862 1765/2944/2863
f 1765/2944/2863 1714/2945/2864 1713/2933/2852
f 1714/2946/2865 1765/2947/2866 1715/2948/2867
f 1715/2948/2867 1765/2947/2866 1716/2949/2868
f 1728/2950/2869 1753/2951/2870 1710/2952/2871
f 1710/2952/2871 1753/2951/2870 1711/2953/2872
f 1753/2954/2870 1728/2955/2869 1754/2956/2873
f 1754/2956/2873 1728/2955/2869 1727/2957/2874
f 1754/2956/2873 1727/2957/2874 1755/2958/2875
f 1755/2958/2875 1727/2957/2874 1726/2959/2876
f 1755/2958/2875 1726/2959/2876 1756/2960/2877
f 1756/2960/2877 1726/2959/2876 1725/2961/2878
f 1756/2960/2877 1725/2961/2878 1757/2962/2879
f 1757/2962/2879 1725/2961/2878 1724/2963/2880
f 1757/2962/2879 1724/2963/2880 1758/2964/2881
f 1758/2964/2881 1724/2963/2880 1723/2965/2882
f 1758/2964/2881 1723/2965/2882 1759/2966/2883
f 1759/2966/2883 1723/2965/2882 1722/2967/2884
f 1759/2966/2883 1722/2967/2884 1760/2968/2885
f 1760/2968/2885 1722/2967/2884 1721/2969/2886
f 1760/2968/2885 1721/2969/2886 1761/2970/2887
f 1761/2970/2887 1721/2969/2886 1720/2971/2888
f 1761/2970/2887 1720/2971/2888 1762/2972/2889
f 1762/2972/2889 1720/2971/2888 1719/2973/2890
f 1762/2972/2889 1719/2973/2890 1763/2974/2891
f 1763/2974/2891 1719/2973/2890 1718/2975/2892
f 1763/2974/2891 1718/2975/2892 1764/2976/2893
f 1764/2976/2893 1718/2975/2892 1717/2977/2894
f 1764/2976/2893 1717/2977/2894 1765/2978/2866
f 1765/2978/2866 1717/2977/2894 1716/2979/2868
f 1766/2980/2895 1767/2981/2896 1772/2982/2897
f 1772/2982/2897 1767/2981/2896 1768/2983/2898
f 1772/2982/2897 1768/2983/2898 1769/2984/2899
f 1772/2982/2897 1769/2984/2899 1771/2985/2900
f 1771/2985/2900 1769/2984/2899 1770/2986/2901
f 1771/2985/2900 1770/2986/2901 1540/2987/2902
f 1540/2987/2902 1770/2986/2901 1541/2988/2903
f 1578/2989/2904 1588/2990/2905 1659/2991/2906
f 1659/2991/2906 1588/2990/2905 1662/2992/2683
f 1659/2991/2906 1662/2992/2683 1661/2993/2682
f 1773/2994/2907 1774/2995/2908 1777/2996/2909
f 1777/2996/2909 1774/2995/2908 1645/2997/2910
f 1645/2997/2910 1774/2995/2908 1775/2998/2911
f 1645/2997/2910 1775/2998/2911 1565/2999/2912
f 1565/2999/2912 1775/2998/2911 1776/3000/2913
f 1565/2999/2912 1564/3001/2914 1645/2997/2910
f 1645/2997/2910 1564/3001/2914 1563/3002/2915
f 1645/2997/2910 1563/3002/2915 1562/3003/2916
f 1562/3003/2916 1640/3004/2917 1645/2997/2910
f 1552/3005/2918 1779/3006/2919 1553/3007/2920
f 1553/3007/2920 1779/3006/2919 1780/3008/2921
f 1553/3007/2920 1780/3008/2921 1782/3009/2922
f 1782/3009/2922 1780/3008/2921 1781/3010/2923
f 1552/3005/2918 1778/3011/2924 1779/3006/2919
f 1783/3012/2925 1784/3013/2926 1538/3014/2927
f 1538/3014/2927 1784/3013/2926 1539/3015/2928
f 1784/3016/2929 1785/3017/2930 1539/3018/2931
f 1539/3018/2931 1785/3017/2930 1577/3019/2932
f 1785/3020/2933 1786/3021/2934 1577/3022/2935
f 1577/3022/2935 1786/3021/2934 1793/3023/2936
f 1793/3023/2936 1786/3021/2934 1787/3024/2937
f 1793/3023/2936 1787/3024/2937 1792/3025/2938
f 1792/3025/2938 1787/3024/2937 1788/3026/2939
f 1792/3025/2938 1788/3026/2939 1789/3027/2940
f 1790/3028/2941 1791/3029/2942 1789/3027/2940
f 1789/3027/2940 1791/3029/2942 1792/3025/2938
f 1794/3030/2943 1795/3031/2944 1781/3032/2945
f 1781/3032/2945 1795/3031/2944 1796/3033/2946
f 1781/3032/2945 1796/3033/2946 1782/3034/2947
f 1782/3034/2947 1796/3033/2946 1797/3035/2948
f 1798/3036/2949 1799/3037/2950 1768/3038/2951
f 1768/3038/2951 1799/3037/2950 1769/3039/2952
f 1769/3039/2952 1799/3037/2950 1800/3040/2953
f 1769/3039/2952 1800/3040/2953 1770/3041/2954
f 1770/3041/2954 1800/3040/2953 1801/3042/2955
f 1770/3041/2954 1801/3042/2955 1541/3043/2956
f 1541/3043/2956 1801/3042/2955 1518/3044/2957
f 1518/3044/2957 1801/3042/2955 1519/3045/2958
f 1565/3046/2959 1776/3047/2960 1558/3048/2961
f 1558/3048/2961 1776/3047/2960 1805/3049/2962
f 1558/3048/2961 1805/3049/2962 1806/3050/2963
f 1802/3051/2964 1803/3052/2965 1776/3047/2960
f 1776/3047/2960 1803/3052/2965 1804/3053/2966
f 1776/3047/2960 1804/3053/2966 1805/3049/2962
f 1806/3050/2963 1807/3054/2967 1558/3048/2961
f 1558/3055/2968 1807/3056/2969 1559/3057/2970
f 1559/3057/2970 1807/3056/2969 1560/3058/2971
f 1560/3058/2971 1807/3056/2969 1808/3059/2972
f 1560/3058/2971 1808/3059/2972 1561/3060/2973
f 1808/3061/2974 1809/3062/2975 1561/3063/2976
f 1561/3063/2976 1809/3062/2975 1641/3064/2977
f 1561/3063/2976 1641/3064/2977 1562/3065/2978
f 1562/3065/2978 1641/3064/2977 1640/3066/2979
f 1809/3062/2975 1810/3067/2980 1641/3064/2977
f 1641/3064/2977 1810/3067/2980 1811/3068/2981
f 1812/3069/2982 1813/3070/2983 1778/3071/2984
f 1778/3071/2984 1813/3070/2983 1779/3072/2985
f 1779/3072/2985 1813/3070/2983 1814/3073/2986
f 1779/3072/2985 1814/3073/2986 1780/3074/2987
f 1780/3074/2987 1814/3073/2986 1794/3075/2988
f 1780/3074/2987 1794/3075/2988 1781/3076/2989
f 1815/3077/2990 1788/3078/2991 1818/3079/2992
f 1818/3079/2992 1788/3078/2991 1787/3080/2993
f 1818/3079/2992 1787/3080/2993 1817/3081/2994
f 1817/3081/2994 1787/3080/2993 1786/3082/2995
f 1817/3081/2994 1786/3082/2995 1816/3083/2996
f 1816/3083/2996 1786/3082/2995 1785/3084/2997
f 1816/3083/2996 1785/3084/2997 1784/3085/2998
f 1784/3085/2998 1783/3086/2999 1816/3083/2996
f 1819/3087/3000 1820/3088/3001 1844/3089/3002
f 1844/3089/3002 1820/3088/3001 1856/3090/3003
f 1844/3089/3002 1856/3090/3003 1857/3091/3004
f 1821/3092/3005 1853/3093/3006 1820/3088/3001
f 1820/3088/3001 1853/3093/3006 1854/3094/3007
f 1820/3088/3001 1854/3094/3007 1855/3095/3008
f 1853/3093/3006 1821/3092/3005 1852/3096/3009
f 1852/3096/3009 1821/3092/3005 1822/3097/3010
f 1852/3096/3009 1822/3097/3010 1851/3098/3011
f 1851/3098/3011 1822/3097/3010 1823/3099/3012
f 1851/3098/3011 1823/3099/3012 1824/3100/3013
f 1824/3100/3013 1825/3101/3014 1851/3098/3011
f 1851/3098/3011 1825/3101/3014 1826/3102/3015
f 1851/3098/3011 1826/3102/3015 1850/3103/3016
f 1850/3103/3016 1826/3102/3015 1827/3104/3017
f 1850/3103/3016 1827/3104/3017 1849/3105/3018
f 1849/3105/3018 1827/3104/3017 1828/3106/3019
f 1849/3105/3018 1828/3106/3019 1848/3107/3020
f 1848/3107/3020 1828/3106/3019 1829/3108/3021
f 1848/3107/3020 1829/3108/3021 1847/3109/3022
f 1847/3109/3022 1829/3108/3021 1846/3110/3023
f 1846/3110/3023 1829/3108/3021 1830/3111/3024
f 1846/3110/3023 1830/3111/3024 1845/3112/3025
f 1845/3112/3025 1830/3111/3024 1831/3113/3026
f 1845/3112/3025 1831/3113/3026 1868/3114/3027
f 1868/3114/3027 1831/3113/3026 1832/3115/3028
f 1868/3114/3027 1832/3115/3028 1867/3116/3029
f 1867/3116/3029 1832/3115/3028 1866/3117/3030
f 1866/3117/3030 1832/3115/3028 1833/3118/3031
f 1866/3117/3030 1833/3118/3031 1865/3119/3032
f 1865/3119/3032 1833/3118/3031 1834/3120/3033
f 1865/3119/3032 1834/3120/3033 1864/3121/3034
f 1864/3121/3034 1834/3120/3033 1835/3122/3035
f 1864/3121/3034 1835/3122/3035 1863/3123/3036
f 1863/3123/3036 1835/3122/3035 1836/3124/3037
f 1863/3123/3036 1836/3124/3037 1837/3125/3038
f 1837/3125/3038 1838/3126/3039 1863/3123/3036
f 1863/3123/3036 1838/3126/3039 1839/3127/3040
f 1863/3123/3036 1839/3127/3040 1862/3128/3041
f 1862/3128/3041 1839/3127/3040 1840/3129/3042
f 1862/3128/3041 1840/3129/3042 1861/3130/3043
f 1861/3130/3043 1840/3129/3042 1841/3131/3044
f 1861/3130/3043 1841/3131/3044 1860/3132/3045
f 1860/3132/3045 1841/3131/3044 1859/3133/3046
f 1859/3133/3046 1841/3131/3044 1858/3134/3047
f 1858/3134/3047 1841/3131/3044 1843/3135/3048
f 1858/3134/3047 1843/3135/3048 1857/3091/3004
f 1857/3091/3004 1843/3135/3048 1844/3089/3002
f 1841/3131/3044 1842/3136/3049 1843/3135/3048
f 1855/3095/3008 1856/3090/3003 1820/3088/3001
f 1869/3137/3050 1790/3138/3051 1870/3139/3052
f 1870/3139/3052 1790/3138/3051 1789/3140/3053
f 1870/3139/3052 1789/3140/3053 1815/3141/3054
f 1815/3141/3054 1789/3140/3053 1788/3142/3055
f 1791/3143/3056 1790/3144/3057 1871/3145/3058
f 1871/3145/3058 1790/3144/3057 1869/3146/3059
f 1873/3147/3060 1791/3148/3061 1872/3149/3062
f 1872/3149/3062 1791/3148/3061 1871/3150/3063
f 1842/3151/3064 1841/3152/3065 1872/3153/3066
f 1872/3153/3066 1841/3152/3065 1873/3154/3067
f 1874/3155/3068 1875/3156/3069 1551/3157/3070
f 1551/3157/3070 1875/3156/3069 1778/3158/3071
f 1551/3157/3070 1778/3158/3071 1552/3159/3072
f 1875/3156/3069 1876/3160/3073 1778/3158/3071
f 1778/3158/3071 1876/3160/3073 1877/3161/3074
f 1778/3158/3071 1877/3161/3074 1878/3162/3075
f 1878/3162/3075 1812/3163/3076 1778/3158/3071
f 1797/3164/3077 866/3165/3078 1782/3166/3079
f 1782/3166/3079 866/3165/3078 865/3167/3080
f 1782/3166/3079 865/3167/3080 864/3168/3081
f 1797/3164/3077 1879/3169/3082 866/3165/3078
f 866/3165/3078 1879/3169/3082 867/3170/3083
f 867/3170/3083 1879/3169/3082 844/3171/3084
f 844/3171/3084 1879/3169/3082 1880/3172/3085
f 844/3171/3084 1880/3172/3085 845/3173/3086
f 845/3173/3086 1880/3172/3085 846/3174/3087
f 846/3174/3087 1880/3172/3085 1881/3175/3088
f 846/3174/3087 1881/3175/3088 1783/3176/3089
f 1783/3176/3089 1881/3175/3088 1816/3177/3090
f 1538/3178/3091 1695/3179/3092 1783/3176/3089
f 1783/3176/3089 1695/3179/3092 1694/3180/3093
f 1783/3176/3089 1694/3180/3093 1693/3181/3094
f 1537/3182/3095 1692/3183/3096 1538/3178/3091
f 1538/3178/3091 1692/3183/3096 1695/3179/3092
f 1693/3181/3094 1680/3184/3097 1783/3176/3089
f 1783/3176/3089 1680/3184/3097 1669/3185/3098
f 1783/3176/3089 1669/3185/3098 851/3186/3099
f 851/3186/3099 1669/3185/3098 1668/3187/3100
f 851/3186/3099 1668/3187/3100 852/3188/3101
f 852/3188/3101 1668/3187/3100 1667/3189/3102
f 852/3188/3101 1667/3189/3102 853/3190/3103
f 853/3190/3103 1667/3189/3102 854/3191/3104
f 854/3191/3104 1667/3189/3102 1666/3192/3105
f 854/3191/3104 1666/3192/3105 855/3193/3106
f 855/3193/3106 1666/3192/3105 856/3194/3107
f 856/3194/3107 1666/3192/3105 1665/3195/3108
f 856/3194/3107 1665/3195/3108 857/3196/3109
f 857/3196/3109 1665/3195/3108 858/3197/3110
f 858/3197/3110 1665/3195/3108 1664/3198/3111
f 858/3197/3110 1664/3198/3111 859/3199/3112
f 859/3199/3112 1664/3198/3111 1663/3200/3113
f 859/3199/3112 1663/3200/3113 860/3201/3114
f 860/3201/3114 1663/3200/3113 1662/3202/3115
f 860/3201/3114 1662/3202/3115 861/3203/3116
f 861/3203/3116 1662/3202/3115 1782/3166/3079
f 861/3203/3116 1782/3166/3079 862/3204/3117
f 862/3204/3117 1782/3166/3079 863/3205/3118
f 863/3205/3118 1782/3166/3079 864/3168/3081
f 1662/3202/3115 1588/3206/3119 1782/3166/3079
f 1782/3166/3079 1588/3206/3119 1587/3207/3120
f 1782/3166/3079 1587/3207/3120 1471/3208/3121
f 1471/3208/3121 1587/3207/3120 1586/3209/3122
f 1471/3208/3121 1586/3209/3122 1472/3210/3123
f 1472/3210/3123 1586/3209/3122 1473/3211/3124
f 1473/3211/3124 1586/3209/3122 1474/3212/3125
f 1471/3208/3121 1553/3213/3126 1782/3166/3079
f 851/3186/3099 850/3214/3127 1783/3176/3089
f 1783/3176/3089 850/3214/3127 849/3215/3128
f 1783/3176/3089 849/3215/3128 848/3216/3129
f 848/3216/3129 847/3217/3130 1783/3176/3089
f 1783/3176/3089 847/3217/3130 846/3174/3087
f 1641/3218/3131 1811/3219/3132 1888/3220/3133
f 1888/3220/3133 1811/3219/3132 1887/3221/3134
f 1887/3221/3134 1811/3219/3132 1882/3222/3135
f 1887/3221/3134 1882/3222/3135 1886/3223/3136
f 1886/3223/3136 1882/3222/3135 1883/3224/3137
f 1886/3223/3136 1883/3224/3137 1885/3225/3138
f 1885/3225/3138 1883/3224/3137 1874/3226/3139
f 1885/3225/3138 1874/3226/3139 1884/3227/3140
f 1884/3227/3140 1874/3226/3139 1551/3228/3141
f 1889/3229/3142 1890/3230/3143 1773/3231/3144
f 1773/3231/3144 1890/3230/3143 1774/3232/3145
f 1774/3232/3145 1890/3230/3143 1891/3233/3146
f 1774/3232/3145 1891/3233/3146 1775/3234/3147
f 1775/3234/3147 1891/3233/3146 1776/3235/3148
f 1776/3235/3148 1891/3233/3146 1802/3236/3149
f 1889/3237/3150 1773/3238/3151 1894/3239/3152
f 1894/3239/3152 1773/3238/3151 1893/3240/3153
f 1893/3240/3153 1773/3238/3151 1777/3241/3154
f 1893/3240/3153 1777/3241/3154 1892/3242/3155
f 1895/3243/3156 1767/3244/3157 1896/3245/3158
f 1896/3245/3158 1767/3244/3157 1766/3246/3159
f 1896/3247/3160 1766/3248/3161 1898/3249/3162
f 1898/3249/3162 1766/3248/3161 1897/3250/3163
f 1897/3251/3164 1820/3252/3165 1898/3253/3166
f 1898/3253/3166 1820/3252/3165 1819/3254/3167
f 1899/3255/3168 1815/3256/3169 1881/3257/3170
f 1881/3257/3170 1815/3256/3169 1818/3258/3171
f 1881/3257/3170 1818/3258/3171 1817/3259/3172
f 1900/3260/3173 1842/3261/3174 1899/3255/3168
f 1899/3255/3168 1842/3261/3174 1872/3262/3175
f 1899/3255/3168 1872/3262/3175 1869/3263/3176
f 1869/3263/3176 1872/3262/3175 1871/3264/3177
f 1842/3261/3174 1900/3260/3173 1843/3265/3178
f 1843/3265/3178 1900/3260/3173 1901/3266/3179
f 1843/3265/3178 1901/3266/3179 1844/3267/3180
f 1844/3267/3180 1901/3266/3179 1819/3268/3181
f 1819/3268/3181 1901/3266/3179 1902/3269/3182
f 1819/3268/3181 1902/3269/3182 1895/3270/3183
f 1895/3270/3183 1902/3269/3182 1798/3271/3184
f 1798/3271/3184 1902/3269/3182 1799/3272/3185
f 1799/3272/3185 1902/3269/3182 1903/3273/3186
f 1799/3272/3185 1903/3273/3186 1800/3274/3187
f 1800/3274/3187 1903/3273/3186 1801/3275/3188
f 1896/3276/3189 1898/3277/3190 1895/3270/3183
f 1895/3270/3183 1898/3277/3190 1819/3268/3181
f 1869/3263/3176 1870/3278/3191 1899/3255/3168
f 1899/3255/3168 1870/3278/3191 1815/3256/3169
f 1817/3259/3172 1816/3279/3192 1881/3257/3170
f 1768/3280/3193 1767/3281/3194 1798/3282/3195
f 1798/3282/3195 1767/3281/3194 1895/3283/3196
f 1904/3284/3197 1905/3285/3198 1469/3286/3199
f 1469/3286/3199 1905/3285/3198 1447/3287/3200
f 1447/3287/3200 1905/3285/3198 1448/3288/3201
f 1237/3289/3202 1906/3290/3203 1238/3291/3204
f 1238/3291/3204 1906/3290/3203 1271/3292/3205
f 1271/3292/3205 1906/3290/3203 1272/3293/3206
f 1272/3293/3206 1906/3290/3203 1273/3294/3207
f 1273/3294/3207 1906/3290/3203 1277/3295/3208
f 1273/3294/3207 1277/3295/3208 1274/3296/3209
f 1274/3296/3209 1277/3295/3208 1275/3297/3210
f 1906/3290/3203 1907/3298/3211 1277/3295/3208
f 1277/3295/3208 1907/3298/3211 1908/3299/3212
f 1277/3295/3208 1908/3299/3212 1278/3300/3213
f 1278/3300/3213 1908/3299/3212 1909/3301/3214
f 1278/3300/3213 1909/3301/3214 1362/3302/3215
f 1362/3302/3215 1909/3301/3214 1910/3303/3216
f 1362/3302/3215 1910/3303/3216 1956/3304/3217
f 1956/3304/3217 1910/3303/3216 1911/3305/3218
f 1956/3304/3217 1911/3305/3218 1955/3306/3219
f 1955/3306/3219 1911/3305/3218 1912/3307/3220
f 1955/3306/3219 1912/3307/3220 1954/3308/3221
f 1954/3308/3221 1912/3307/3220 1913/3309/3222
f 1954/3308/3221 1913/3309/3222 1953/3310/3223
f 1953/3310/3223 1913/3309/3222 1914/3311/3224
f 1953/3310/3223 1914/3311/3224 1952/3312/3225
f 1952/3312/3225 1914/3311/3224 1915/3313/3226
f 1952/3312/3225 1915/3313/3226 1951/3314/3227
f 1951/3314/3227 1915/3313/3226 1916/3315/3228
f 1951/3314/3227 1916/3315/3228 1950/3316/3229
f 1950/3316/3229 1916/3315/3228 1917/3317/3230
f 1950/3316/3229 1917/3317/3230 1949/3318/3231
f 1949/3318/3231 1917/3317/3230 1918/3319/3232
f 1949/3318/3231 1918/3319/3232 1948/3320/3233
f 1948/3320/3233 1918/3319/3232 1919/3321/3234
f 1948/3320/3233 1919/3321/3234 1947/3322/3235
f 1947/3322/3235 1919/3321/3234 1920/3323/3236
f 1947/3322/3235 1920/3323/3236 1946/3324/3237
f 1946/3324/3237 1920/3323/3236 1921/3325/3238
f 1946/3324/3237 1921/3325/3238 1945/3326/3239
f 1945/3326/3239 1921/3325/3238 1922/3327/3240
f 1945/3326/3239 1922/3327/3240 1944/3328/3241
f 1944/3328/3241 1922/3327/3240 1923/3329/3242
f 1944/3328/3241 1923/3329/3242 1943/3330/3243
f 1943/3330/3243 1923/3329/3242 1924/3331/3244
f 1943/3330/3243 1924/3331/3244 1942/3332/3245
f 1942/3332/3245 1924/3331/3244 1925/3333/3246
f 1942/3332/3245 1925/3333/3246 1941/3334/3247
f 1941/3334/3247 1925/3333/3246 1926/3335/3248
f 1941/3334/3247 1926/3335/3248 1940/3336/3249
f 1940/3336/3249 1926/3335/3248 1927/3337/3250
f 1940/3336/3249 1927/3337/3250 1939/3338/3251
f 1939/3338/3251 1927/3337/3250 1928/3339/3252
f 1939/3338/3251 1928/3339/3252 1938/3340/3253
f 1938/3340/3253 1928/3339/3252 1929/3341/3254
f 1938/3340/3253 1929/3341/3254 1937/3342/3255
f 1937/3342/3255 1929/3341/3254 1930/3343/3256
f 1937/3342/3255 1930/3343/3256 1468/3344/3257
f 1468/3344/3257 1930/3343/3256 1931/3345/3258
f 1468/3344/3257 1931/3345/3258 1904/3346/3259
f 1904/3346/3259 1931/3345/3258 1932/3347/3260
f 1904/3346/3259 1932/3347/3260 1936/3348/3261
f 1936/3348/3261 1932/3347/3260 1933/3349/3262
f 1936/3348/3261 1933/3349/3262 1934/3350/3263
f 1934/3350/3263 1935/3351/3264 1936/3348/3261
f 1936/3348/3261 1935/3351/3264 1236/3352/3265
f 1236/3352/3265 1935/3351/3264 1235/3353/3266
f 1904/3346/3259 1469/3354/3267 1468/3344/3257
f 1957/3355/3268 1958/3356/3269 1960/3357/3270
f 1960/3357/3270 1958/3356/3269 1959/3358/3271
f 1961/3359/3272 1962/3360/3273 1964/3361/3274
f 1964/3361/3274 1962/3360/3273 1963/3362/3275
f 1965/3363/3276 1966/3364/3277 1904/3365/3278
f 1904/3365/3278 1966/3364/3277 1967/3366/3279
f 1904/3365/3278 1967/3366/3279 1905/3367/3280
f 1905/3367/3281 1967/3366/3282 1448/3368/3283
f 1448/3368/3283 1967/3369/3282 1963/3370/3284
f 1448/3368/3283 1963/3370/3284 1962/3371/3285
f 1964/3372/3286 1959/3373/3287 1961/3374/3288
f 1961/3374/3288 1959/3373/3287 1958/3375/3289
f 1968/3376/3290 1449/3377/3291 1969/3378/3292
f 1969/3378/3292 1449/3377/3291 1960/3379/3293
f 1960/3379/3293 1449/3377/3291 1957/3380/3294
f 1966/3381/3295 1970/3382/3296 1967/3383/3297
f 1967/3383/3297 1970/3382/3296 1969/3384/3298
f 1967/3383/3297 1969/3384/3298 1959/3385/3299
f 1959/3385/3299 1969/3384/3298 1960/3386/3300
f 1959/3385/3299 1964/3387/3301 1967/3383/3297
f 1967/3383/3297 1964/3387/3301 1963/3388/3302
f 1449/3389/3303 1448/3390/3304 1957/3391/3305
f 1957/3391/3305 1448/3390/3304 1962/3392/3306
f 1957/3391/3305 1962/3392/3306 1958/3393/3307
f 1958/3393/3307 1962/3392/3306 1961/3394/3308
f 1449/3395/3309 1968/3396/3310 1450/3397/3311
f 1450/3397/3311 1968/3396/3310 1236/3398/3312
f 1450/3397/3311 1236/3398/3312 1989/3399/3313
f 1989/3399/3313 1236/3398/3312 1988/3400/3314
f 1988/3400/3314 1236/3398/3312 1987/3401/3315
f 1987/3401/3315 1236/3398/3312 1986/3402/3316
f 1986/3402/3316 1236/3398/3312 1985/3403/3317
f 1985/3403/3317 1236/3398/3312 1222/3404/3318
f 1985/3403/3317 1222/3404/3318 1984/3405/3319
f 1984/3405/3319 1222/3404/3318 1221/3406/3320
f 1984/3405/3319 1221/3406/3320 1983/3407/3321
f 1983/3407/3321 1221/3406/3320 1982/3408/3322
f 1982/3408/3322 1221/3406/3320 1354/3409/3323
f 1982/3408/3322 1354/3409/3323 1353/3410/3324
f 1968/3396/3310 1936/3411/3325 1236/3398/3312
f 1982/3408/3322 1353/3410/3324 1981/3412/3326
f 1981/3412/3326 1353/3410/3324 1352/3413/3327
f 1981/3412/3326 1352/3413/3327 1980/3414/3328
f 1980/3414/3328 1352/3413/3327 1351/3415/3329
f 1980/3414/3328 1351/3415/3329 1979/3416/3330
f 1979/3416/3330 1351/3415/3329 1350/3417/3331
f 1979/3416/3330 1350/3417/3331 1978/3418/3332
f 1978/3418/3332 1350/3417/3331 1342/3419/3333
f 1978/3418/3332 1342/3419/3333 1977/3420/3334
f 1977/3420/3334 1342/3419/3333 1976/3421/3335
f 1976/3421/3335 1342/3419/3333 1975/3422/3336
f 1975/3422/3336 1342/3419/3333 1341/3423/3337
f 1975/3422/3336 1341/3423/3337 1974/3424/3338
f 1974/3424/3338 1341/3423/3337 1973/3425/3339
f 1973/3425/3339 1341/3423/3337 1972/3426/3340
f 1972/3426/3340 1341/3423/3337 1371/3427/3341
f 1972/3426/3340 1371/3427/3341 1971/3428/3342
f 1971/3428/3342 1371/3427/3341 1460/3429/3343
f 1971/3428/3342 1460/3429/3343 1994/3430/3344
f 1994/3430/3344 1460/3429/3343 1459/3431/3345
f 1994/3430/3344 1459/3431/3345 1458/3432/3346
f 1994/3430/3344 1458/3432/3346 1993/3433/3347
f 1993/3433/3347 1458/3432/3346 1457/3434/3348
f 1993/3433/3347 1457/3434/3348 1992/3435/3349
f 1992/3435/3349 1457/3434/3348 1456/3436/3350
f 1992/3435/3349 1456/3436/3350 1991/3437/3351
f 1991/3437/3351 1456/3436/3350 1450/3397/3311
f 1991/3437/3351 1450/3397/3311 1990/3438/3352
f 1990/3438/3352 1450/3397/3311 1989/3399/3313
f 1223/3439/3353 1235/3440/3354 1123/3441/3355
f 1123/3441/3355 1235/3440/3354 1935/3442/3356
f 1123/3441/3355 1935/3442/3356 1124/3443/3357
f 1124/3443/3357 1935/3442/3356 1934/3444/3358
f 1124/3443/3357 1934/3444/3358 1125/3445/3359
f 1125/3445/3359 1934/3444/3358 1933/3446/3360
f 1125/3445/3359 1933/3446/3360 1126/3447/3361
f 1126/3447/3361 1933/3446/3360 1932/3448/3362
f 1126/3447/3361 1932/3448/3362 1127/3449/3363
f 1127/3449/3363 1932/3448/3362 1931/3450/3364
f 1127/3449/3363 1931/3450/3364 1128/3451/3365
f 1128/3451/3365 1931/3450/3364 1930/3452/3366
f 1128/3451/3365 1930/3452/3366 1129/3453/3367
f 1129/3453/3367 1930/3452/3366 1929/3454/3368
f 1129/3453/3367 1929/3454/3368 1130/3455/3369
f 1130/3455/3369 1929/3454/3368 1928/3456/3370
f 1130/3455/3369 1928/3456/3370 1131/3457/3371
f 1131/3457/3371 1928/3456/3370 1927/3458/3372
f 1131/3457/3371 1927/3458/3372 1132/3459/3373
f 1132/3459/3373 1927/3458/3372 1926/3460/3374
f 1132/3459/3373 1926/3460/3374 1133/3461/3375
f 1133/3461/3375 1926/3460/3374 1925/3462/3376
f 1133/3461/3375 1925/3462/3376 1134/3463/3377
f 1134/3463/3377 1925/3462/3376 1924/3464/3378
f 1134/3463/3377 1924/3464/3378 1135/3465/3379
f 1135/3465/3379 1924/3464/3378 1923/3466/3380
f 1135/3465/3379 1923/3466/3380 1136/3467/3381
f 1136/3467/3381 1923/3466/3380 1922/3468/3382
f 1136/3467/3381 1922/3468/3382 1137/3469/3383
f 1137/3469/3383 1922/3468/3382 1921/3470/3384
f 1137/3469/3383 1921/3470/3384 1138/3471/3385
f 1138/3471/3385 1921/3470/3384 1920/3472/3386
f 1138/3471/3385 1920/3472/3386 1139/3473/3387
f 1139/3473/3387 1920/3472/3386 1919/3474/3388
f 1139/3473/3387 1919/3474/3388 1140/3475/3389
f 1140/3475/3389 1919/3474/3388 1918/3476/3390
f 1140/3475/3389 1918/3476/3390 1141/3477/3391
f 1141/3477/3391 1918/3476/3390 1917/3478/3392
f 1141/3477/3391 1917/3478/3392 1142/3479/3393
f 1142/3479/3393 1917/3478/3392 1916/3480/3394
f 1142/3479/3393 1916/3480/3394 1143/3481/3395
f 1143/3481/3395 1916/3480/3394 1915/3482/3396
f 1143/3481/3395 1915/3482/3396 1144/3483/3397
f 1144/3483/3397 1915/3482/3396 1914/3484/3398
f 1144/3483/3397 1914/3484/3398 1145/3485/3399
f 1145/3485/3399 1914/3484/3398 1913/3486/3400
f 1145/3485/3399 1913/3486/3400 1146/3487/3401
f 1146/3487/3401 1913/3486/3400 1912/3488/3402
f 1146/3487/3401 1912/3488/3402 1147/3489/3403
f 1147/3489/3403 1912/3488/3402 1911/3490/3404
f 1147/3489/3403 1911/3490/3404 1148/3491/3405
f 1148/3491/3405 1911/3490/3404 1910/3492/3406
f 1148/3491/3405 1910/3492/3406 1149/3493/3407
f 1149/3493/3407 1910/3492/3406 1909/3494/3408
f 1149/3493/3407 1909/3494/3408 1150/3495/3409
f 1150/3495/3409 1909/3494/3408 1908/3496/3410
f 1150/3495/3409 1908/3496/3410 1151/3497/3411
f 1151/3497/3411 1908/3496/3410 1907/3498/3412
f 1151/3497/3411 1907/3498/3412 1152/3499/3413
f 1152/3499/3413 1907/3498/3412 1906/3500/3414
f 1152/3499/3413 1906/3500/3414 1153/3501/3415
f 1153/3501/3415 1906/3500/3414 1237/3502/3416
f 1123/3441/3355 1122/3503/3417 1223/3439/3353
f 1223/3439/3353 1122/3503/3417 1224/3504/3418
f 1224/3504/3418 1122/3503/3417 1225/3505/3419
f 1225/3505/3419 1122/3503/3417 1226/3506/3420
f 1226/3506/3420 1122/3503/3417 1239/3507/3421
f 1239/3507/3421 1122/3503/3417 1121/3508/3422
f 1239/3507/3421 1121/3508/3422 1240/3509/3423
f 1445/3510/3424 1999/3511/3425 1446/3512/3426
f 1446/3512/3426 1999/3511/3425 2000/3513/3427
f 1446/3512/3426 2000/3513/3427 1468/3514/3428
f 1468/3514/3428 2000/3513/3427 1937/3515/3429
f 1937/3515/3429 2000/3513/3427 2001/3516/3430
f 1937/3515/3429 2001/3516/3430 1938/3517/3431
f 1938/3517/3431 2001/3516/3430 2002/3518/3432
f 1938/3517/3431 2002/3518/3432 1939/3519/3433
f 1939/3519/3433 2002/3518/3432 2003/3520/3434
f 1939/3519/3433 2003/3520/3434 1940/3521/3435
f 1940/3521/3435 2003/3520/3434 2004/3522/3436
f 1940/3521/3435 2004/3522/3436 1941/3523/3437
f 1941/3523/3437 2004/3522/3436 2005/3524/3438
f 1941/3523/3437 2005/3524/3438 1942/3525/3439
f 1942/3525/3439 2005/3524/3438 2006/3526/3440
f 1942/3525/3439 2006/3526/3440 1943/3527/3441
f 1943/3527/3441 2006/3526/3440 2007/3528/3442
f 1943/3527/3441 2007/3528/3442 1944/3529/3443
f 1944/3529/3443 2007/3528/3442 2008/3530/3444
f 1944/3529/3443 2008/3530/3444 1945/3531/3445
f 1945/3531/3445 2008/3530/3444 2009/3532/3446
f 1945/3531/3445 2009/3532/3446 1946/3533/3447
f 1946/3533/3447 2009/3532/3446 2010/3534/3448
f 1946/3533/3447 2010/3534/3448 1947/3535/3449
f 1947/3535/3449 2010/3534/3448 2011/3536/3450
f 1947/3535/3449 2011/3536/3450 1948/3537/3451
f 1948/3537/3451 2011/3536/3450 2012/3538/3452
f 1948/3537/3451 2012/3538/3452 1949/3539/3453
f 1949/3539/3453 2012/3538/3452 2013/3540/3454
f 1949/3539/3453 2013/3540/3454 1950/3541/3455
f 1950/3541/3455 2013/3540/3454 2014/3542/3456
f 1950/3541/3455 2014/3542/3456 1951/3543/3457
f 1951/3543/3457 2014/3542/3456 2015/3544/3458
f 1951/3543/3457 2015/3544/3458 1952/3545/3459
f 1952/3545/3459 2015/3544/3458 2016/3546/3460
f 1952/3545/3459 2016/3546/3460 1953/3547/3461
f 1953/3547/3461 2016/3546/3460 2017/3548/3462
f 1953/3547/3461 2017/3548/3462 1954/3549/3463
f 1954/3549/3463 2017/3548/3462 2018/3550/3464
f 1954/3549/3463 2018/3550/3464 1955/3551/3465
f 1955/3551/3465 2018/3550/3464 2019/3552/3466
f 1955/3551/3465 2019/3552/3466 1956/3553/3467
f 1956/3553/3467 2019/3552/3466 1363/3554/3468
f 1956/3553/3467 1363/3554/3468 1362/3555/3469
f 1999/3511/3425 1445/3510/3424 1998/3556/3470
f 1998/3556/3470 1445/3510/3424 1444/3557/3471
f 1998/3556/3470 1444/3557/3471 1997/3558/3472
f 1997/3558/3472 1444/3557/3471 1443/3559/3473
f 1997/3558/3472 1443/3559/3473 1996/3560/3474
f 1996/3560/3474 1443/3559/3473 1442/3561/3475
f 1996/3560/3474 1442/3561/3475 1995/3562/3476
f 1995/3562/3476 1442/3561/3475 1441/3563/3477
f 1995/3562/3476 1441/3563/3477 1440/3564/3478
f 1841/3565/3479 1840/3566/3480 1873/3567/3481
f 1873/3567/3481 1840/3566/3480 1792/3568/3482
f 1873/3567/3481 1792/3568/3482 1791/3569/3483
f 1840/3566/3480 1839/3570/3484 1792/3568/3482
f 1792/3568/3482 1839/3570/3484 1793/3571/3485
f 1793/3571/3485 1839/3570/3484 1838/3572/3486
f 1793/3571/3485 1838/3572/3486 1577/3573/3487
f 1577/3573/3487 1838/3572/3486 1572/3574/3488
f 1572/3574/3488 1838/3572/3486 1837/3575/3489
f 1572/3574/3488 1837/3575/3489 1573/3576/3490
f 1573/3576/3490 1837/3575/3489 1574/3577/3491
f 1574/3577/3491 1837/3575/3489 1836/3578/3492
f 1574/3577/3491 1836/3578/3492 1575/3579/3493
f 1575/3579/3493 1836/3578/3492 1835/3580/3494
f 1575/3579/3493 1835/3580/3494 1576/3581/3495
f 1576/3581/3495 1835/3580/3494 1834/3582/3496
f 1576/3581/3495 1834/3582/3496 2032/3583/3497
f 2032/3583/3497 1834/3582/3496 2031/3584/3498
f 2031/3584/3498 1834/3582/3496 1833/3585/3499
f 2031/3584/3498 1833/3585/3499 2030/3586/3500
f 2030/3586/3500 1833/3585/3499 1832/3587/3501
f 2030/3586/3500 1832/3587/3501 2029/3588/3502
f 2029/3588/3502 1832/3587/3501 2028/3589/3503
f 2028/3589/3503 1832/3587/3501 1831/3590/3504
f 2028/3589/3503 1831/3590/3504 2027/3591/3505
f 2027/3591/3505 1831/3590/3504 2026/3592/3506
f 2026/3592/3506 1831/3590/3504 1830/3593/3507
f 2026/3592/3506 1830/3593/3507 2025/3594/3508
f 2025/3594/3508 1830/3593/3507 2024/3595/3509
f 2024/3595/3509 1830/3593/3507 1829/3596/3510
f 2024/3595/3509 1829/3596/3510 2023/3597/3511
f 2023/3597/3511 1829/3596/3510 1828/3598/3512
f 2023/3597/3511 1828/3598/3512 2022/3599/3513
f 2022/3599/3513 1828/3598/3512 2021/3600/3514
f 2021/3600/3514 1828/3598/3512 1827/3601/3515
f 2021/3600/3514 1827/3601/3515 2020/3602/3516
f 2020/3602/3516 1827/3601/3515 1547/3603/3517
f 1547/3603/3517 1827/3601/3515 1826/3604/3518
f 1547/3603/3517 1826/3604/3518 1548/3605/3519
f 1548/3605/3519 1826/3604/3518 1825/3606/3520
f 1548/3605/3519 1825/3606/3520 1549/3607/3521
f 1549/3607/3521 1825/3606/3520 1824/3608/3522
f 1549/3607/3521 1824/3608/3522 1550/3609/3523
f 1550/3609/3523 1824/3608/3522 1543/3610/3524
f 1543/3610/3524 1824/3608/3522 1823/3611/3525
f 1543/3610/3524 1823/3611/3525 1540/3612/3526
f 1540/3612/3526 1823/3611/3525 1771/3613/3527
f 1771/3613/3527 1823/3611/3525 1822/3614/3528
f 1771/3613/3527 1822/3614/3528 1772/3615/3529
f 1772/3615/3529 1822/3614/3528 1821/3616/3530
f 1772/3615/3529 1821/3616/3530 1897/3617/3531
f 1897/3617/3531 1821/3616/3530 1820/3618/3532
f 1897/3617/3531 1766/3619/3533 1772/3615/3529
f 1602/3620/3534 548/3621/3535 1555/3622/3536
f 1555/3622/3536 548/3621/3535 574/3623/3537
f 1555/3622/3536 574/3623/3537 1556/3624/3538
f 1556/3624/3538 574/3623/3537 573/3625/3539
f 1556/3624/3538 573/3625/3539 1557/3626/3540
f 1557/3626/3540 573/3625/3539 1551/3627/3541
f 1551/3627/3541 573/3625/3539 572/3628/3542
f 1551/3627/3541 572/3628/3542 1884/3629/3543
f 1884/3629/3543 572/3628/3542 571/3630/3544
f 1884/3629/3543 571/3630/3544 1593/3631/3545
f 1593/3631/3545 571/3630/3544 570/3632/3546
f 1593/3631/3545 570/3632/3546 1594/3633/3547
f 1594/3633/3547 570/3632/3546 1595/3634/3548
f 1595/3634/3548 570/3632/3546 569/3635/3549
f 1595/3634/3548 569/3635/3549 1589/3636/3550
f 1589/3636/3550 569/3635/3549 568/3637/3551
f 1589/3636/3550 568/3637/3551 1887/3638/3552
f 1887/3638/3552 568/3637/3551 1888/3639/3553
f 1888/3639/3553 568/3637/3551 567/3640/3554
f 1888/3639/3553 567/3640/3554 1641/3641/3555
f 1641/3641/3555 567/3640/3554 566/3642/3556
f 1641/3641/3555 566/3642/3556 1642/3643/3557
f 1642/3643/3557 566/3642/3556 565/3644/3558
f 1642/3643/3557 565/3644/3558 1643/3645/3559
f 1643/3645/3559 565/3644/3558 564/3646/3560
f 1643/3645/3559 564/3646/3560 1644/3647/3561
f 1644/3647/3561 564/3646/3560 563/3648/3562
f 1644/3647/3561 563/3648/3562 1633/3649/3563
f 1633/3649/3563 563/3648/3562 1632/3650/3564
f 1632/3650/3564 563/3648/3562 1620/3651/3565
f 1620/3651/3565 563/3648/3562 562/3652/3566
f 1620/3651/3565 562/3652/3566 1621/3653/3567
f 1621/3653/3567 562/3652/3566 1622/3654/3568
f 1622/3654/3568 562/3652/3566 561/3655/3569
f 1622/3654/3568 561/3655/3569 1623/3656/3570
f 1623/3656/3570 561/3655/3569 560/3657/3571
f 1623/3656/3570 560/3657/3571 1624/3658/3572
f 1624/3658/3572 560/3657/3571 559/3659/3573
f 1624/3658/3572 559/3659/3573 2045/3660/3574
f 2045/3660/3574 559/3659/3573 558/3661/3575
f 2045/3660/3574 558/3661/3575 2044/3662/3576
f 2044/3662/3576 558/3661/3575 2043/3663/3577
f 2043/3663/3577 558/3661/3575 557/3664/3578
f 2043/3663/3577 557/3664/3578 2042/3665/3579
f 2042/3665/3579 557/3664/3578 2041/3666/3580
f 2041/3666/3580 557/3664/3578 556/3667/3581
f 2041/3666/3580 556/3667/3581 2040/3668/3582
f 2040/3668/3582 556/3667/3581 2039/3669/3583
f 2039/3669/3583 556/3667/3581 555/3670/3584
f 2039/3669/3583 555/3670/3584 2038/3671/3585
f 2038/3671/3585 555/3670/3584 2037/3672/3586
f 2037/3672/3586 555/3670/3584 554/3673/3587
f 2037/3672/3586 554/3673/3587 2036/3674/3588
f 2036/3674/3588 554/3673/3587 553/3675/3589
f 2036/3674/3588 553/3675/3589 2035/3676/3590
f 2035/3676/3590 553/3675/3589 2034/3677/3591
f 2034/3677/3591 553/3675/3589 552/3678/3592
f 2034/3677/3591 552/3678/3592 2033/3679/3593
f 2033/3679/3593 552/3678/3592 1610/3680/3594
f 1610/3680/3594 552/3678/3592 551/3681/3595
f 1610/3680/3594 551/3681/3595 1611/3682/3596
f 1611/3682/3596 551/3681/3595 1612/3683/3597
f 1612/3683/3597 551/3681/3595 550/3684/3598
f 1612/3683/3597 550/3684/3598 1607/3685/3599
f 1478/3686/3600 1484/3687/3601 1633/3649/3563
f 1633/3649/3563 1484/3687/3601 1644/3647/3561
f 1589/3636/3550 1887/3638/3552 1590/3688/3602
f 1590/3688/3602 1887/3638/3552 1886/3689/3603
f 1590/3688/3602 1886/3689/3603 1599/3690/3604
f 1599/3690/3604 1886/3689/3603 1600/3691/3605
f 1600/3691/3605 1886/3689/3603 1885/3692/3606
f 1600/3691/3605 1885/3692/3606 1597/3693/3607
f 1597/3693/3607 1885/3692/3606 1593/3631/3545
f 1593/3631/3545 1885/3692/3606 1884/3629/3543
f 1602/3620/3534 1555/3622/3536 1603/3694/3608
f 1603/3694/3608 1555/3622/3536 1554/3695/3609
f 1603/3694/3608 1554/3695/3609 1604/3696/3610
f 1604/3696/3610 1554/3695/3609 1584/3697/3611
f 1584/3697/3611 1554/3695/3609 1585/3698/3612
f 1585/3698/3612 1554/3695/3609 1470/3699/3613
f 1585/3698/3612 1470/3699/3613 1475/3700/3614
f 1475/3700/3614 1470/3699/3613 1477/3701/3615
f 1475/3700/3614 1477/3701/3615 1476/3702/3616
f 808/3703/3617 807/3704/1325 1490/3705/3618
f 1490/3705/3618 807/3704/1325 1491/3706/3619
f 1491/3706/3619 807/3704/1325 1545/3707/3620
f 1491/3706/3619 1545/3707/3620 1492/3708/3621
f 1492/3708/3621 1545/3707/3620 1493/3709/3622
f 1493/3709/3622 1545/3707/3620 1544/3710/3623
f 1493/3709/3622 1544/3710/3623 1494/3711/3624
f 1494/3711/3624 1544/3710/3623 1495/3712/3625
f 1495/3712/3625 1544/3710/3623 1542/3713/2483
f 1495/3712/3625 1542/3713/2483 1485/3714/3626
f 1485/3714/3626 1542/3713/2483 1523/3715/3627
f 1523/3715/3627 1542/3713/2483 1524/3716/3628
f 1524/3716/3628 1542/3713/2483 1525/3717/3629
f 1752/3718/3630 2080/3719/3631 1729/3720/3632
f 1729/3720/3632 2080/3719/3631 2046/3721/3633
f 1729/3722/3632 2046/3723/3633 2047/3724/3634
f 1751/3725/3635 2078/3726/3636 1752/3718/3630
f 1752/3718/3630 2078/3726/3636 2079/3727/3637
f 1752/3718/3630 2079/3727/3637 2080/3719/3631
f 2078/3726/3636 1751/3725/3635 2077/3728/3638
f 2077/3728/3638 1751/3725/3635 1750/3729/3639
f 2077/3728/3638 1750/3729/3639 2076/3730/3640
f 2076/3730/3640 1750/3729/3639 2075/3731/3641
f 2075/3731/3641 1750/3729/3639 1749/3732/3642
f 2075/3731/3641 1749/3732/3642 2074/3733/3643
f 2074/3733/3643 1749/3732/3642 1748/3734/3644
f 2074/3733/3643 1748/3734/3644 2073/3735/3645
f 2073/3735/3645 1748/3734/3644 1747/3736/3646
f 2073/3735/3645 1747/3736/3646 2072/3737/3647
f 2072/3737/3647 1747/3736/3646 2071/3738/3648
f 2071/3738/3648 1747/3736/3646 1746/3739/3649
f 2071/3738/3648 1746/3739/3649 2070/3740/3650
f 2070/3740/3650 1746/3739/3649 1745/3741/3651
f 2070/3740/3650 1745/3741/3651 2069/3742/3652
f 2069/3742/3652 1745/3741/3651 1744/3743/3653
f 2069/3742/3652 1744/3743/3653 2068/3744/3654
f 2068/3744/3654 1744/3743/3653 1743/3745/3655
f 2068/3744/3654 1743/3745/3655 2067/3746/3656
f 2067/3746/3656 1743/3745/3655 2066/3747/3657
f 2066/3747/3657 1743/3745/3655 1742/3748/3658
f 2066/3747/3657 1742/3748/3658 2065/3749/3659
f 2065/3749/3659 1742/3748/3658 2064/3750/3660
f 2064/3750/3660 1742/3748/3658 1741/3751/3661
f 2064/3750/3660 1741/3751/3661 2063/3752/3662
f 2063/3752/3662 1741/3751/3661 2062/3753/3663
f 2062/3753/3663 1741/3751/3661 1740/3754/3664
f 2062/3753/3663 1740/3754/3664 2061/3755/3665
f 2061/3755/3665 1740/3754/3664 2060/3756/3666
f 2060/3756/3666 1740/3754/3664 1739/3757/3667
f 2060/3756/3666 1739/3757/3667 2059/3758/3668
f 2059/3758/3668 1739/3757/3667 1738/3759/3669
f 2059/3758/3668 1738/3759/3669 2058/3760/3670
f 2058/3760/3670 1738/3759/3669 2057/3761/3671
f 2057/3761/3671 1738/3759/3669 1737/3762/3672
f 2057/3761/3671 1737/3762/3672 2056/3763/3673
f 2056/3763/3673 1737/3762/3672 1736/3764/3674
f 2056/3763/3673 1736/3764/3674 2055/3765/3675
f 2055/3765/3675 1736/3764/3674 1735/3766/3676
f 2055/3765/3675 1735/3766/3676 2054/3767/3677
f 2054/3767/3677 1735/3766/3676 1734/3768/3678
f 2054/3767/3677 1734/3768/3678 2053/3769/3679
f 2053/3769/3679 1734/3768/3678 2052/3770/3680
f 2052/3770/3680 1734/3768/3678 1733/3771/3681
f 2052/3770/3680 1733/3771/3681 2051/3772/3682
f 2051/3772/3682 1733/3771/3681 1732/3773/3683
f 2051/3772/3682 1732/3773/3683 2050/3774/3684
f 2050/3774/3684 1732/3773/3683 2049/3775/3685
f 2049/3775/3685 1732/3773/3683 1731/3776/3686
f 2049/3775/3685 1731/3776/3686 2048/3777/3687
f 2048/3777/3687 1731/3776/3686 1730/3778/3688
f 2048/3777/3687 1730/3778/3688 2047/3724/3634
f 2047/3724/3634 1730/3778/3688 1729/3722/3632
f 660/3779/3689 490/3780/3690 634/3781/3691
f 634/3781/3691 490/3780/3690 489/3782/3692
f 634/3783/3691 489/3784/3692 635/3785/3693
f 635/3785/3693 489/3784/3692 515/3786/3694
f 635/3785/3693 515/3786/3694 636/3787/3695
f 636/3787/3695 515/3786/3694 514/3788/3696
f 636/3787/3695 514/3788/3696 637/3789/3697
f 637/3789/3697 514/3788/3696 513/3790/3698
f 637/3789/3697 513/3790/3698 638/3791/3699
f 638/3791/3699 513/3790/3698 512/3792/3700
f 638/3791/3699 512/3792/3700 639/3793/3701
f 639/3793/3701 512/3792/3700 511/3794/3702
f 639/3793/3701 511/3794/3702 640/3795/3703
f 640/3795/3703 511/3794/3702 510/3796/3704
f 640/3795/3703 510/3796/3704 641/3797/3705
f 641/3797/3705 510/3796/3704 509/3798/3706
f 641/3797/3705 509/3798/3706 642/3799/3707
f 642/3799/3707 509/3798/3706 508/3800/3708
f 642/3799/3707 508/3800/3708 643/3801/3709
f 643/3801/3709 508/3800/3708 507/3802/3710
f 643/3801/3709 507/3802/3710 644/3803/3711
f 644/3803/3711 507/3802/3710 506/3804/3712
f 644/3803/3711 506/3804/3712 645/3805/3713
f 645/3805/3713 506/3804/3712 505/3806/3714
f 645/3805/3713 505/3806/3714 646/3807/3715
f 646/3807/3715 505/3806/3714 504/3808/3716
f 646/3807/3715 504/3808/3716 647/3809/3717
f 647/3809/3717 504/3808/3716 503/3810/3718
f 647/3809/3717 503/3810/3718 648/3811/3719
f 648/3811/3719 503/3810/3718 502/3812/3720
f 648/3811/3719 502/3812/3720 649/3813/3721
f 649/3813/3721 502/3812/3720 501/3814/3722
f 649/3813/3721 501/3814/3722 650/3815/3723
f 650/3815/3723 501/3814/3722 500/3816/3724
f 650/3815/3723 500/3816/3724 651/3817/3725
f 651/3817/3725 500/3816/3724 499/3818/3726
f 651/3817/3725 499/3818/3726 652/3819/3727
f 652/3819/3727 499/3818/3726 498/3820/3728
f 652/3819/3727 498/3820/3728 653/3821/3729
f 653/3821/3729 498/3820/3728 497/3822/3730
f 653/3821/3729 497/3822/3730 654/3823/3731
f 654/3823/3731 497/3822/3730 496/3824/3732
f 654/3823/3731 496/3824/3732 655/3825/3733
f 655/3825/3733 496/3824/3732 495/3826/3734
f 655/3825/3733 495/3826/3734 656/3827/3735
f 656/3827/3735 495/3826/3734 494/3828/3736
f 656/3827/3735 494/3828/3736 657/3829/3737
f 657/3829/3737 494/3828/3736 493/3830/3738
f 657/3829/3737 493/3830/3738 658/3831/3739
f 658/3831/3739 493/3830/3738 492/3832/3740
f 658/3831/3739 492/3832/3740 659/3833/3741
f 659/3833/3741 492/3832/3740 491/3834/3742
f 659/3833/3741 491/3834/3742 660/3779/3689
f 660/3779/3689 491/3834/3742 490/3780/3690
f 1220/3835/3743 1280/3836/3744 1197/3837/3745
f 1197/3837/3745 1280/3836/3744 1279/3838/3746
f 1197/3839/3745 1279/3840/3746 1301/3841/3747
f 1280/3836/3744 1220/3835/3743 1281/3842/3748
f 1281/3842/3748 1220/3835/3743 1219/3843/3749
f 1281/3842/3748 1219/3843/3749 1282/3844/3750
f 1282/3844/3750 1219/3843/3749 1218/3845/3751
f 1282/3844/3750 1218/3845/3751 1283/3846/3752
f 1283/3846/3752 1218/3845/3751 1217/3847/3753
f 1283/3846/3752 1217/3847/3753 1284/3848/3754
f 1284/3848/3754 1217/3847/3753 1216/3849/3755
f 1284/3848/3754 1216/3849/3755 1285/3850/3756
f 1285/3850/3756 1216/3849/3755 1215/3851/3757
f 1285/3850/3756 1215/3851/3757 1214/3852/3758
f 1285/3850/3756 1214/3852/3758 1286/3853/3759
f 1286/3853/3759 1214/3852/3758 1213/3854/3760
f 1286/3853/3759 1213/3854/3760 1287/3855/3761
f 1287/3855/3761 1213/3854/3760 1212/3856/3762
f 1287/3855/3761 1212/3856/3762 1288/3857/3763
f 1288/3857/3763 1212/3856/3762 1211/3858/3764
f 1288/3857/3763 1211/3858/3764 1289/3859/3765
f 1289/3859/3765 1211/3858/3764 1210/3860/3766
f 1289/3859/3765 1210/3860/3766 1290/3861/3767
f 1290/3861/3767 1210/3860/3766 1209/3862/3768
f 1290/3861/3767 1209/3862/3768 1276/3863/3769
f 1276/3863/3769 1209/3862/3768 1291/3864/3770
f 1291/3864/3770 1209/3862/3768 1208/3865/3771
f 1291/3864/3770 1208/3865/3771 1292/3866/3772
f 1292/3866/3772 1208/3865/3771 1207/3867/3773
f 1292/3866/3772 1207/3867/3773 1293/3868/3774
f 1293/3868/3774 1207/3867/3773 1206/3869/3775
f 1293/3868/3774 1206/3869/3775 1294/3870/3776
f 1294/3870/3776 1206/3869/3775 1205/3871/3777
f 1294/3870/3776 1205/3871/3777 1295/3872/3778
f 1295/3872/3778 1205/3871/3777 1204/3873/3779
f 1295/3872/3778 1204/3873/3779 1296/3874/3780
f 1296/3874/3780 1204/3873/3779 1203/3875/3781
f 1296/3874/3780 1203/3875/3781 1202/3876/3782
f 1296/3874/3780 1202/3876/3782 1297/3877/3783
f 1297/3877/3783 1202/3876/3782 1201/3878/3784
f 1297/3877/3783 1201/3878/3784 1298/3879/3785
f 1298/3879/3785 1201/3878/3784 1200/3880/3786
f 1298/3879/3785 1200/3880/3786 1299/3881/3787
f 1299/3881/3787 1200/3880/3786 1199/3882/3788
f 1299/3881/3787 1199/3882/3788 1300/3883/3789
f 1300/3883/3789 1199/3882/3788 1198/3884/3790
f 1300/3883/3789 1198/3884/3790 1301/3841/3747
f 1301/3841/3747 1198/3884/3790 1197/3839/3745
f 1994/3885/3791 1174/3886/3792 1971/3887/3793
f 1971/3887/3793 1174/3886/3792 1173/3888/3794
f 1971/3889/3793 1173/3890/3794 1972/3891/3795
f 1972/3891/3795 1173/3890/3794 1196/3892/3796
f 1972/3891/3795 1196/3892/3796 1973/3893/3797
f 1973/3893/3797 1196/3892/3796 1195/3894/3798
f 1973/3893/3797 1195/3894/3798 1974/3895/3799
f 1974/3895/3799 1195/3894/3798 1194/3896/3800
f 1974/3895/3799 1194/3896/3800 1975/3897/3801
f 1975/3897/3801 1194/3896/3800 1193/3898/3802
f 1975/3897/3801 1193/3898/3802 1976/3899/3803
f 1976/3899/3803 1193/3898/3802 1192/3900/3804
f 1976/3899/3803 1192/3900/3804 1977/3901/3805
f 1977/3901/3805 1192/3900/3804 1191/3902/3806
f 1977/3901/3805 1191/3902/3806 1978/3903/3807
f 1978/3903/3807 1191/3902/3806 1190/3904/3808
f 1978/3903/3807 1190/3904/3808 1979/3905/3809
f 1979/3905/3809 1190/3904/3808 1189/3906/3810
f 1979/3905/3809 1189/3906/3810 1980/3907/3811
f 1980/3907/3811 1189/3906/3810 1188/3908/3812
f 1980/3907/3811 1188/3908/3812 1981/3909/3813
f 1981/3909/3813 1188/3908/3812 1187/3910/3814
f 1981/3909/3813 1187/3910/3814 1982/3911/3815
f 1982/3911/3815 1187/3910/3814 1186/3912/3816
f 1982/3911/3815 1186/3912/3816 1983/3913/3817
f 1983/3913/3817 1186/3912/3816 1185/3914/3818
f 1983/3913/3817 1185/3914/3818 1984/3915/3819
f 1984/3915/3819 1185/3914/3818 1184/3916/3820
f 1984/3915/3819 1184/3916/3820 1985/3917/3821
f 1985/3917/3821 1184/3916/3820 1183/3918/3822
f 1985/3917/3821 1183/3918/3822 1986/3919/3823
f 1986/3919/3823 1183/3918/3822 1182/3920/3824
f 1986/3919/3823 1182/3920/3824 1987/3921/3825
f 1987/3921/3825 1182/3920/3824 1181/3922/3826
f 1987/3921/3825 1181/3922/3826 1988/3923/3827
f 1988/3923/3827 1181/3922/3826 1180/3924/3828
f 1988/3923/3827 1180/3924/3828 1989/3925/3829
f 1989/3925/3829 1180/3924/3828 1179/3926/3830
f 1989/3925/3829 1179/3926/3830 1990/3927/3831
f 1990/3927/3831 1179/3926/3830 1178/3928/3832
f 1990/3927/3831 1178/3928/3832 1991/3929/3833
f 1991/3929/3833 1178/3928/3832 1177/3930/3834
f 1991/3929/3833 1177/3930/3834 1992/3931/3835
f 1992/3931/3835 1177/3930/3834 1176/3932/3836
f 1992/3931/3835 1176/3932/3836 1993/3933/3837
f 1993/3933/3837 1176/3932/3836 1175/3934/3838
f 1993/3933/3837 1175/3934/3838 1994/3885/3791
f 1994/3885/3791 1175/3934/3838 1174/3886/3792
f 1876/3935/3839 2081/3936/3840 1877/3937/3841
f 1877/3937/3841 2081/3936/3840 1878/3938/3842
f 1878/3938/3842 2081/3936/3840 1812/3939/3843
f 1812/3939/3843 2081/3936/3840 2085/3940/3844
f 1812/3939/3843 2085/3940/3844 2088/3941/3845
f 2088/3941/3845 2085/3940/3844 2087/3942/3846
f 2088/3941/3845 2087/3942/3846 1879/3943/3847
f 1879/3943/3847 2087/3942/3846 1880/3944/3848
f 1880/3944/3848 2087/3942/3846 1899/3945/3849
f 1880/3944/3848 1899/3945/3849 1881/3946/3850
f 2085/3940/3844 2081/3936/3840 2089/3947/3851
f 2089/3947/3851 2081/3936/3840 2082/3948/3852
f 2089/3947/3851 2082/3948/3852 2091/3949/3853
f 2091/3949/3853 2082/3948/3852 1802/3950/3854
f 2091/3949/3853 1802/3950/3854 1889/3951/3855
f 1889/3951/3855 1802/3950/3854 1891/3952/3856
f 1889/3951/3855 1891/3952/3856 1890/3953/3857
f 1805/3954/3858 1804/3955/3859 2082/3948/3852
f 2082/3948/3852 1804/3955/3859 1803/3956/3860
f 2082/3948/3852 1803/3956/3860 1802/3950/3854
f 2091/3949/3853 1889/3951/3855 2083/3957/3861
f 2083/3957/3861 1889/3951/3855 1894/3958/3862
f 2083/3957/3861 1894/3958/3862 1893/3959/3863
f 1893/3959/3863 1892/3960/3864 2083/3957/3861
f 2091/3949/3853 2083/3957/3861 2092/3961/3865
f 2092/3961/3865 2083/3957/3861 2084/3962/3866
f 2092/3961/3865 2084/3962/3866 1902/3963/3867
f 1902/3963/3867 2084/3962/3866 1903/3964/3868
f 1902/3963/3867 1901/3965/3869 2092/3961/3865
f 2092/3961/3865 1901/3965/3869 2090/3966/3870
f 2092/3961/3865 2090/3966/3870 2091/3949/3853
f 2091/3949/3853 2090/3966/3870 2089/3947/3851
f 1901/3965/3869 1900/3967/3871 2090/3966/3870
f 2090/3966/3870 1900/3967/3871 2086/3968/3872
f 2090/3966/3870 2086/3968/3872 2089/3947/3851
f 2089/3947/3851 2086/3968/3872 2085/3940/3844
f 1900/3967/3871 1899/3945/3849 2086/3968/3872
f 2086/3968/3872 1899/3945/3849 2087/3942/3846
f 2086/3968/3872 2087/3942/3846 2085/3940/3844
f 1797/3969/3873 1796/3970/3874 1879/3943/3847
f 1879/3943/3847 1796/3970/3874 2088/3941/3845
f 1796/3970/3874 1795/3971/3875 2088/3941/3845
f 2088/3941/3845 1795/3971/3875 1794/3972/3876
f 2088/3941/3845 1794/3972/3876 1814/3973/3877
f 1814/3973/3877 1813/3974/3878 2088/3941/3845
f 2088/3941/3845 1813/3974/3878 1812/3939/3843
f 1875/3975/3879 1874/3976/3880 2093/3977/3881
f 2093/3977/3881 1874/3976/3880 1883/3978/3882
f 2093/3977/3881 1883/3978/3882 2094/3979/3883
f 2094/3979/3883 1883/3978/3882 1882/3980/3884
f 2094/3979/3883 1882/3980/3884 1809/3981/3885
f 1809/3981/3885 1882/3980/3884 1810/3982/3886
f 1810/3982/3886 1882/3980/3884 1811/3983/3887
f 1809/3981/3885 1808/3984/3888 2094/3979/3883
f 2094/3979/3883 1808/3984/3888 1807/3985/3889
f 2094/3979/3883 1807/3985/3889 1806/3986/3890
f 1805/3987/3891 2082/3988/3892 1806/3986/3890
f 1806/3986/3890 2082/3988/3892 2094/3979/3883
f 2094/3979/3883 2082/3988/3892 2093/3977/3881
f 2093/3977/3881 2082/3988/3892 2081/3989/3893
f 2093/3977/3881 2081/3989/3893 1876/3990/3894
f 1876/3990/3894 1875/3975/3879 2093/3977/3881
f 2096/3991/3895 2144/3992/3896 2095/3993/3897
f 2095/3993/3897 2144/3992/3896 2143/3994/3898
f 2095/3995/3897 2143/3996/3898 2118/3997/3899
f 2118/3997/3899 2143/3996/3898 2160/3998/3900
f 2118/3997/3899 2160/3998/3900 2117/3999/3901
f 2117/3999/3901 2160/3998/3900 2159/4000/3902
f 2117/3999/3901 2159/4000/3902 2116/4001/3903
f 2116/4001/3903 2159/4000/3902 2158/4002/3904
f 2116/4001/3903 2158/4002/3904 2115/4003/3905
f 2115/4003/3905 2158/4002/3904 2157/4004/3906
f 2115/4003/3905 2157/4004/3906 978/4005/3907
f 978/4005/3907 2157/4004/3906 979/4006/3908
f 979/4006/3908 2157/4004/3906 980/4007/3909
f 980/4007/3909 2157/4004/3906 2123/4008/3910
f 980/4007/3909 2123/4008/3910 2124/4009/3911
f 2144/3992/3896 2096/3991/3895 2145/4010/3912
f 2145/4010/3912 2096/3991/3895 2097/4011/3913
f 2145/4010/3912 2097/4011/3913 2146/4012/3914
f 2146/4012/3914 2097/4011/3913 2098/4013/3915
f 2146/4012/3914 2098/4013/3915 2147/4014/3916
f 2147/4014/3916 2098/4013/3915 2099/4015/3917
f 2147/4014/3916 2099/4015/3917 1014/4016/3918
f 1014/4016/3918 2099/4015/3917 2100/4017/3919
f 1014/4016/3918 2100/4017/3919 1015/4018/3920
f 1015/4018/3920 2100/4017/3919 1016/4019/3921
f 1016/4019/3921 2100/4017/3919 1017/4020/3922
f 1017/4020/3922 2100/4017/3919 1018/4021/3923
f 1018/4021/3923 2100/4017/3919 2101/4022/3924
f 1018/4021/3923 2101/4022/3924 1019/4023/3925
f 1019/4023/3925 2101/4022/3924 1020/4024/3926
f 1020/4024/3926 2101/4022/3924 1021/4025/3927
f 1021/4025/3927 2101/4022/3924 1022/4026/3928
f 1022/4026/3928 2101/4022/3924 2102/4027/3929
f 1022/4026/3928 2102/4027/3929 1023/4028/3930
f 1023/4028/3930 2102/4027/3929 1024/4029/3931
f 1024/4029/3931 2102/4027/3929 1025/4030/3932
f 1025/4030/3932 2102/4027/3929 1026/4031/3933
f 1026/4031/3933 2102/4027/3929 2103/4032/3934
f 1026/4031/3933 2103/4032/3934 2148/4033/3935
f 2148/4033/3935 2103/4032/3934 2149/4034/3936
f 2148/4033/3935 2149/4034/3936 2134/4035/3937
f 2134/4035/3937 2149/4034/3936 2133/4036/3938
f 2133/4036/3938 2149/4034/3936 2150/4037/3939
f 2133/4036/3938 2150/4037/3939 2132/4038/3940
f 2132/4038/3940 2150/4037/3939 2151/4039/3941
f 2132/4038/3940 2151/4039/3941 2131/4040/3942
f 2131/4040/3942 2151/4039/3941 2152/4041/3943
f 2131/4040/3942 2152/4041/3943 2130/4042/3944
f 2130/4042/3944 2152/4041/3943 2153/4043/3945
f 2130/4042/3944 2153/4043/3945 2129/4044/3946
f 2129/4044/3946 2153/4043/3945 2154/4045/3947
f 2129/4044/3946 2154/4045/3947 2128/4046/3948
f 2128/4046/3948 2154/4045/3947 2155/4047/3949
f 2128/4046/3948 2155/4047/3949 2127/4048/3950
f 2127/4048/3950 2155/4047/3949 2156/4049/3951
f 2127/4048/3950 2156/4049/3951 964/4050/3952
f 964/4050/3952 2156/4049/3951 965/4051/3953
f 965/4051/3953 2156/4049/3951 966/4052/3954
f 966/4052/3954 2156/4049/3951 2111/4053/3955
f 966/4052/3954 2111/4053/3955 2112/4054/3956
f 2103/4032/3934 2104/4055/3957 2149/4034/3936
f 2149/4034/3936 2104/4055/3957 2150/4037/3939
f 2104/4055/3957 2105/4056/3958 2150/4037/3939
f 2150/4037/3939 2105/4056/3958 2151/4039/3941
f 2105/4056/3958 2106/4057/3959 2151/4039/3941
f 2151/4039/3941 2106/4057/3959 2152/4041/3943
f 2106/4057/3959 2107/4058/3960 2152/4041/3943
f 2152/4041/3943 2107/4058/3960 2153/4043/3945
f 2107/4058/3960 2108/4059/3961 2153/4043/3945
f 2153/4043/3945 2108/4059/3961 2154/4045/3947
f 2108/4059/3961 2109/4060/3962 2154/4045/3947
f 2154/4045/3947 2109/4060/3962 2155/4047/3949
f 2109/4060/3962 2110/4061/3963 2155/4047/3949
f 2155/4047/3949 2110/4061/3963 2156/4049/3951
f 2110/4061/3963 2111/4053/3955 2156/4049/3951
f 2113/4062/3964 970/4063/3965 2112/4054/3956
f 2112/4054/3956 970/4063/3965 969/4064/3966
f 2112/4054/3956 969/4064/3966 968/4065/3967
f 2114/4066/3968 974/4067/3969 2113/4062/3964
f 2113/4062/3964 974/4067/3969 973/4068/3970
f 2113/4062/3964 973/4068/3970 972/4069/3971
f 2115/4003/3905 978/4005/3907 2114/4066/3968
f 2114/4066/3968 978/4005/3907 977/4070/3972
f 2114/4066/3968 977/4070/3972 976/4071/3973
f 2120/4072/3974 2160/3998/3900 2119/4073/3975
f 2119/4073/3975 2160/3998/3900 2143/3996/3898
f 2119/4074/3975 2143/3994/3898 2142/4075/3976
f 2142/4075/3976 2143/3994/3898 2144/3992/3896
f 2142/4075/3976 2144/3992/3896 2141/4076/3977
f 2141/4076/3977 2144/3992/3896 2145/4010/3912
f 2141/4076/3977 2145/4010/3912 2140/4077/3978
f 2140/4077/3978 2145/4010/3912 2146/4012/3914
f 2140/4077/3978 2146/4012/3914 2139/4078/3979
f 2139/4078/3979 2146/4012/3914 2147/4014/3916
f 2139/4078/3979 2147/4014/3916 1012/4079/3980
f 1012/4079/3980 2147/4014/3916 1013/4080/3981
f 1013/4080/3981 2147/4014/3916 1014/4016/3918
f 2160/3998/3900 2120/4072/3974 2159/4000/3902
f 2159/4000/3902 2120/4072/3974 2121/4081/3982
f 2159/4000/3902 2121/4081/3982 2158/4002/3904
f 2158/4002/3904 2121/4081/3982 2122/4082/3983
f 2158/4002/3904 2122/4082/3983 2157/4004/3906
f 2157/4004/3906 2122/4082/3983 2123/4008/3910
f 2125/4083/3984 986/4084/3985 2124/4009/3911
f 2124/4009/3911 986/4084/3985 985/4085/3986
f 2124/4009/3911 985/4085/3986 984/4086/3987
f 2126/4087/3988 990/4088/3989 2125/4083/3984
f 2125/4083/3984 990/4088/3989 989/4089/3990
f 2125/4083/3984 989/4089/3990 988/4090/3991
f 2127/4048/3950 995/4091/3992 2126/4087/3988
f 2126/4087/3988 995/4091/3992 994/4092/3993
f 2126/4087/3988 994/4092/3993 993/4093/3994
f 2134/4035/3937 2135/4094/3995 2148/4033/3935
f 2148/4033/3935 2135/4094/3995 996/4095/3996
f 2148/4033/3935 996/4095/3996 1027/4096/3997
f 2135/4094/3995 2136/4097/3998 996/4095/3996
f 996/4095/3996 2136/4097/3998 997/4098/3999
f 997/4098/3999 2136/4097/3998 998/4099/4000
f 998/4099/4000 2136/4097/3998 999/4100/4001
f 999/4100/4001 2136/4097/3998 1000/4101/4002
f 1000/4101/4002 2136/4097/3998 1001/4102/4003
f 1001/4102/4003 2136/4097/3998 1002/4103/4004
f 1002/4103/4004 2136/4097/3998 2137/4104/4005
f 1002/4103/4004 2137/4104/4005 1003/4105/4006
f 1003/4105/4006 2137/4104/4005 1004/4106/4007
f 1004/4106/4007 2137/4104/4005 1005/4107/4008
f 1005/4107/4008 2137/4104/4005 1006/4108/4009
f 1006/4108/4009 2137/4104/4005 2138/4109/4010
f 1006/4108/4009 2138/4109/4010 1007/4110/4011
f 1007/4110/4011 2138/4109/4010 1008/4111/4012
f 1008/4111/4012 2138/4109/4010 1009/4112/4013
f 1009/4112/4013 2138/4109/4010 1010/4113/4014
f 1010/4113/4014 2138/4109/4010 1011/4114/4015
f 1011/4114/4015 2138/4109/4010 2139/4078/3979
f 1011/4114/4015 2139/4078/3979 1012/4079/3980
f 1027/4096/3997 1026/4031/3933 2148/4033/3935
f 964/4050/3952 995/4091/3992 2127/4048/3950
f 993/4093/3994 992/4115/4016 2126/4087/3988
f 2126/4087/3988 992/4115/4016 991/4116/4017
f 2126/4087/3988 991/4116/4017 990/4088/3989
f 988/4090/3991 987/4117/4018 2125/4083/3984
f 2125/4083/3984 987/4117/4018 986/4084/3985
f 984/4086/3987 983/4118/4019 2124/4009/3911
f 2124/4009/3911 983/4118/4019 982/4119/4020
f 2124/4009/3911 982/4119/4020 981/4120/4021
f 981/4120/4021 980/4007/3909 2124/4009/3911
f 976/4071/3973 975/4121/4022 2114/4066/3968
f 2114/4066/3968 975/4121/4022 974/4067/3969
f 972/4069/3971 971/4122/4023 2113/4062/3964
f 2113/4062/3964 971/4122/4023 970/4063/3965
f 968/4065/3967 967/4123/4024 2112/4054/3956
f 2112/4054/3956 967/4123/4024 966/4052/3954
f 2162/4124/4025 2120/4125/4026 2161/4126/4027
f 2161/4126/4027 2120/4125/4026 2119/4127/4028
f 2161/4126/4027 2119/4127/4028 2142/4128/4029
f 2120/4125/4026 2162/4124/4025 2121/4129/4030
f 2121/4129/4030 2162/4124/4025 2163/4130/4031
f 2121/4129/4030 2163/4130/4031 2122/4131/4032
f 2122/4131/4032 2163/4130/4031 2164/4132/4033
f 2122/4131/4032 2164/4132/4033 2123/4133/4034
f 2123/4133/4034 2164/4132/4033 2165/4134/4035
f 2123/4133/4034 2165/4134/4035 2124/4135/4036
f 2124/4135/4036 2165/4134/4035 2166/4136/4037
f 2124/4135/4036 2166/4136/4037 2125/4137/4038
f 2125/4137/4038 2166/4136/4037 2167/4138/4039
f 2125/4137/4038 2167/4138/4039 2168/4139/4040
f 2125/4137/4038 2168/4139/4040 2126/4140/4041
f 2126/4140/4041 2168/4139/4040 2169/4141/4042
f 2126/4140/4041 2169/4141/4042 2127/4142/4043
f 2127/4142/4043 2169/4141/4042 2170/4143/4044
f 2127/4142/4043 2170/4143/4044 2128/4144/4045
f 2128/4144/4045 2170/4143/4044 2171/4145/4046
f 2128/4144/4045 2171/4145/4046 2129/4146/4047
f 2129/4146/4047 2171/4145/4046 2172/4147/4048
f 2129/4146/4047 2172/4147/4048 2130/4148/4049
f 2130/4148/4049 2172/4147/4048 2131/4149/4050
f 2131/4149/4050 2172/4147/4048 2173/4150/4051
f 2131/4149/4050 2173/4150/4051 2132/4151/4052
f 2132/4151/4052 2173/4150/4051 2174/4152/4053
f 2132/4151/4052 2174/4152/4053 2133/4153/4054
f 2133/4153/4054 2174/4152/4053 2175/4154/4055
f 2133/4153/4054 2175/4154/4055 2134/4155/4056
f 2134/4155/4056 2175/4154/4055 2176/4156/4057
f 2134/4155/4056 2176/4156/4057 2135/4157/4058
f 2135/4157/4058 2176/4156/4057 2177/4158/4059
f 2135/4157/4058 2177/4158/4059 2136/4159/4060
f 2136/4159/4060 2177/4158/4059 2178/4160/4061
f 2136/4159/4060 2178/4160/4061 2137/4161/4062
f 2137/4161/4062 2178/4160/4061 2179/4162/4063
f 2137/4161/4062 2179/4162/4063 2180/4163/4064
f 2137/4161/4062 2180/4163/4064 2138/4164/4065
f 2138/4164/4065 2180/4163/4064 2181/4165/4066
f 2138/4164/4065 2181/4165/4066 2139/4166/4067
f 2139/4166/4067 2181/4165/4066 2182/4167/4068
f 2139/4166/4067 2182/4167/4068 2140/4168/4069
f 2140/4168/4069 2182/4167/4068 2183/4169/4070
f 2140/4168/4069 2183/4169/4070 2141/4170/4071
f 2141/4170/4071 2183/4169/4070 2184/4171/4072
f 2141/4170/4071 2184/4171/4072 2142/4128/4029
f 2142/4128/4029 2184/4171/4072 2161/4126/4027
f 2184/4172/4073 517/4173/4074 2161/4174/4075
f 2161/4174/4075 517/4173/4074 516/4175/4076
f 2161/4176/4075 516/4177/4076 2162/4178/4077
f 2162/4178/4077 516/4177/4076 539/4179/4078
f 2162/4178/4077 539/4179/4078 2163/4180/4079
f 2163/4180/4079 539/4179/4078 538/4181/4080
f 2163/4180/4079 538/4181/4080 2164/4182/4081
f 2164/4182/4081 538/4181/4080 537/4183/4082
f 2164/4182/4081 537/4183/4082 2165/4184/4083
f 2165/4184/4083 537/4183/4082 536/4185/4084
f 2165/4184/4083 536/4185/4084 2166/4186/4085
f 2166/4186/4085 536/4185/4084 535/4187/4086
f 2166/4186/4085 535/4187/4086 2167/4188/4087
f 2167/4188/4087 535/4187/4086 534/4189/4088
f 2167/4188/4087 534/4189/4088 2168/4190/4089
f 2168/4190/4089 534/4189/4088 533/4191/4090
f 2168/4190/4089 533/4191/4090 2169/4192/4091
f 2169/4192/4091 533/4191/4090 532/4193/4092
f 2169/4192/4091 532/4193/4092 2170/4194/4093
f 2170/4194/4093 532/4193/4092 531/4195/4094
f 2170/4194/4093 531/4195/4094 2171/4196/4095
f 2171/4196/4095 531/4195/4094 530/4197/4096
f 2171/4196/4095 530/4197/4096 2172/4198/4097
f 2172/4198/4097 530/4197/4096 529/4199/4098
f 2172/4198/4097 529/4199/4098 2173/4200/4099
f 2173/4200/4099 529/4199/4098 528/4201/4100
f 2173/4200/4099 528/4201/4100 2174/4202/4101
f 2174/4202/4101 528/4201/4100 527/4203/4102
f 2174/4202/4101 527/4203/4102 2175/4204/4103
f 2175/4204/4103 527/4203/4102 526/4205/4104
f 2175/4204/4103 526/4205/4104 2176/4206/4105
f 2176/4206/4105 526/4205/4104 525/4207/4106
f 2176/4206/4105 525/4207/4106 2177/4208/4107
f 2177/4208/4107 525/4207/4106 524/4209/4108
f 2177/4208/4107 524/4209/4108 2178/4210/4109
f 2178/4210/4109 524/4209/4108 523/4211/4110
f 2178/4210/4109 523/4211/4110 2179/4212/4111
f 2179/4212/4111 523/4211/4110 522/4213/4112
f 2179/4212/4111 522/4213/4112 2180/4214/4113
f 2180/4214/4113 522/4213/4112 521/4215/4114
f 2180/4214/4113 521/4215/4114 2181/4216/4115
f 2181/4216/4115 521/4215/4114 520/4217/4116
f 2181/4216/4115 520/4217/4116 2182/4218/4117
f 2182/4218/4117 520/4217/4116 519/4219/4118
f 2182/4218/4117 519/4219/4118 2183/4220/4119
f 2183/4220/4119 519/4219/4118 518/4221/4120
f 2183/4220/4119 518/4221/4120 2184/4172/4073
f 2184/4172/4073 518/4221/4120 517/4173/4074
f 2186/4222/4121 2108/4223/4122 2185/4224/4123
f 2185/4224/4123 2108/4223/4122 2107/4225/4124
f 2185/4224/4123 2107/4225/4124 2106/4226/4125
f 2108/4223/4122 2186/4222/4121 2109/4227/4126
f 2109/4227/4126 2186/4222/4121 2187/4228/4127
f 2109/4227/4126 2187/4228/4127 2110/4229/4128
f 2110/4229/4128 2187/4228/4127 2188/4230/4129
f 2110/4229/4128 2188/4230/4129 2111/4231/4130
f 2111/4231/4130 2188/4230/4129 2189/4232/4131
f 2111/4231/4130 2189/4232/4131 2112/4233/4132
f 2112/4233/4132 2189/4232/4131 2190/4234/4133
f 2112/4233/4132 2190/4234/4133 2113/4235/4134
f 2113/4235/4134 2190/4234/4133 2191/4236/4135
f 2113/4235/4134 2191/4236/4135 2192/4237/4136
f 2113/4235/4134 2192/4237/4136 2114/4238/4137
f 2114/4238/4137 2192/4237/4136 2193/4239/4138
f 2114/4238/4137 2193/4239/4138 2115/4240/4139
f 2115/4240/4139 2193/4239/4138 2194/4241/4140
f 2115/4240/4139 2194/4241/4140 2116/4242/4141
f 2116/4242/4141 2194/4241/4140 2195/4243/4142
f 2116/4242/4141 2195/4243/4142 2117/4244/4143
f 2117/4244/4143 2195/4243/4142 2196/4245/4144
f 2117/4244/4143 2196/4245/4144 2118/4246/4145
f 2118/4246/4145 2196/4245/4144 2095/4247/4146
f 2095/4247/4146 2196/4245/4144 2197/4248/4147
f 2095/4247/4146 2197/4248/4147 2096/4249/4148
f 2096/4249/4148 2197/4248/4147 2198/4250/4149
f 2096/4249/4148 2198/4250/4149 2097/4251/4150
f 2097/4251/4150 2198/4250/4149 2199/4252/4151
f 2097/4251/4150 2199/4252/4151 2098/4253/4152
f 2098/4253/4152 2199/4252/4151 2200/4254/4153
f 2098/4253/4152 2200/4254/4153 2099/4255/4154
f 2099/4255/4154 2200/4254/4153 2201/4256/4155
f 2099/4255/4154 2201/4256/4155 2100/4257/4156
f 2100/4257/4156 2201/4256/4155 2202/4258/4157
f 2100/4257/4156 2202/4258/4157 2101/4259/4158
f 2101/4259/4158 2202/4258/4157 2203/4260/4159
f 2101/4259/4158 2203/4260/4159 2204/4261/4160
f 2101/4259/4158 2204/4261/4160 2102/4262/4161
f 2102/4262/4161 2204/4261/4160 2205/4263/4162
f 2102/4262/4161 2205/4263/4162 2103/4264/4163
f 2103/4264/4163 2205/4263/4162 2206/4265/4164
f 2103/4264/4163 2206/4265/4164 2104/4266/4165
f 2104/4266/4165 2206/4265/4164 2207/4267/4166
f 2104/4266/4165 2207/4267/4166 2105/4268/4167
f 2105/4268/4167 2207/4267/4166 2208/4269/4168
f 2105/4268/4167 2208/4269/4168 2106/4226/4125
f 2106/4226/4125 2208/4269/4168 2185/4224/4123
f 2208/4270/4169 1846/4271/4170 2185/4272/4171
f 2185/4272/4171 1846/4271/4170 1845/4273/4172
f 2185/4274/4171 1845/4275/4172 2186/4276/4173
f 2186/4276/4173 1845/4275/4172 1868/4277/4174
f 2186/4276/4173 1868/4277/4174 2187/4278/4175
f 2187/4278/4175 1868/4277/4174 1867/4279/4176
f 2187/4278/4175 1867/4279/4176 2188/4280/4177
f 2188/4280/4177 1867/4279/4176 1866/4281/4178
f 2188/4280/4177 1866/4281/4178 2189/4282/4179
f 2189/4282/4179 1866/4281/4178 1865/4283/4180
f 2189/4282/4179 1865/4283/4180 2190/4284/4181
f 2190/4284/4181 1865/4283/4180 1864/4285/4182
f 2190/4284/4181 1864/4285/4182 2191/4286/4183
f 2191/4286/4183 1864/4285/4182 1863/4287/4184
f 2191/4286/4183 1863/4287/4184 2192/4288/4185
f 2192/4288/4185 1863/4287/4184 1862/4289/4186
f 2192/4288/4185 1862/4289/4186 2193/4290/4187
f 2193/4290/4187 1862/4289/4186 1861/4291/4188
f 2193/4290/4187 1861/4291/4188 2194/4292/4189
f 2194/4292/4189 1861/4291/4188 1860/4293/4190
f 2194/4292/4189 1860/4293/4190 2195/4294/4191
f 2195/4294/4191 1860/4293/4190 1859/4295/4192
f 2195/4294/4191 1859/4295/4192 2196/4296/4193
f 2196/4296/4193 1859/4295/4192 1858/4297/4194
f 2196/4296/4193 1858/4297/4194 2197/4298/4195
f 2197/4298/4195 1858/4297/4194 1857/4299/4196
f 2197/4298/4195 1857/4299/4196 2198/4300/4197
f 2198/4300/4197 1857/4299/4196 1856/4301/4198
f 2198/4300/4197 1856/4301/4198 2199/4302/4199
f 2199/4302/4199 1856/4301/4198 1855/4303/4200
f 2199/4302/4199 1855/4303/4200 2200/4304/4201
f 2200/4304/4201 1855/4303/4200 1854/4305/4202
f 2200/4304/4201 1854/4305/4202 2201/4306/4203
f 2201/4306/4203 1854/4305/4202 1853/4307/4204
f 2201/4306/4203 1853/4307/4204 2202/4308/4205
f 2202/4308/4205 1853/4307/4204 1852/4309/4206
f 2202/4308/4205 1852/4309/4206 2203/4310/4207
f 2203/4310/4207 1852/4309/4206 1851/4311/4208
f 2203/4310/4207 1851/4311/4208 2204/4312/4209
f 2204/4312/4209 1851/4311/4208 1850/4313/4210
f 2204/4312/4209 1850/4313/4210 2205/4314/4211
f 2205/4314/4211 1850/4313/4210 1849/4315/4212
f 2205/4314/4211 1849/4315/4212 2206/4316/4213
f 2206/4316/4213 1849/4315/4212 1848/4317/4214
f 2206/4316/4213 1848/4317/4214 2207/4318/4215
f 2207/4318/4215 1848/4317/4214 1847/4319/4216
f 2207/4318/4215 1847/4319/4216 2208/4270/4169
f 2208/4270/4169 1847/4319/4216 1846/4271/4170
f 1360/4320/4217 2233/4321/4218 1361/4322/4219
f 1361/4322/4219 2233/4321/4218 1672/4323/4220
f 1361/4322/4219 1672/4323/4220 2232/4324/4221
f 2232/4324/4221 1672/4323/4220 1671/4325/4222
f 2232/4324/4221 1671/4325/4222 1670/4326/4223
f 1359/4327/4224 2215/4328/4225 1360/4320/4217
f 1360/4320/4217 2215/4328/4225 1673/4329/4226
f 1360/4320/4217 1673/4329/4226 2233/4321/4218
f 2233/4321/4218 1673/4329/4226 1672/4323/4220
f 1359/4330/4224 1358/4331/4227 2215/4332/4225
f 2215/4332/4225 1358/4331/4227 1675/4333/4228
f 2215/4328/4225 1675/4334/4228 1674/4335/4229
f 1675/4333/4228 1358/4331/4227 2234/4336/4230
f 2234/4336/4230 1358/4331/4227 1357/4337/4231
f 2234/4336/4230 1357/4337/4231 1676/4338/4232
f 1676/4338/4232 1357/4337/4231 1677/4339/4233
f 1677/4339/4233 1357/4337/4231 2218/4340/4234
f 1677/4339/4233 2218/4340/4234 1661/4341/4235
f 1661/4341/4235 2218/4340/4234 1660/4342/4236
f 1661/4341/4235 1660/4342/4236 1659/4343/4237
f 1357/4337/4231 1363/4344/3468 2218/4340/4234
f 2218/4340/4234 1363/4344/3468 2019/4345/3466
f 2218/4340/4234 2019/4345/3466 2217/4346/4238
f 2217/4346/4238 2019/4345/3466 1652/4347/4239
f 2217/4346/4238 1652/4347/4239 1660/4342/4236
f 2019/4345/3466 2018/4348/3464 1652/4347/4239
f 1652/4347/4239 2018/4348/3464 2219/4349/4240
f 1652/4347/4239 2219/4349/4240 1653/4350/4241
f 1653/4350/4241 2219/4349/4240 1609/4351/4242
f 1609/4351/4242 2219/4349/4240 2220/4352/4243
f 1609/4351/4242 2220/4352/4243 1610/4353/4244
f 1610/4353/4244 2220/4352/4243 2033/4354/4245
f 2033/4354/4245 2220/4352/4243 2221/4355/4246
f 2033/4354/4245 2221/4355/4246 2034/4356/4247
f 2034/4356/4247 2221/4355/4246 2035/4357/4248
f 2035/4357/4248 2221/4355/4246 2015/4358/3458
f 2035/4357/4248 2015/4358/3458 2036/4359/4249
f 2036/4359/4249 2015/4358/3458 2235/4360/4250
f 2036/4359/4249 2235/4360/4250 2037/4361/4251
f 2037/4361/4251 2235/4360/4250 2015/4358/3458
f 2037/4361/4251 2015/4358/3458 2014/4362/3456
f 2018/4348/3464 2017/4363/3462 2219/4349/4240
f 2219/4349/4240 2017/4363/3462 2220/4352/4243
f 2017/4363/3462 2016/4364/3460 2220/4352/4243
f 2220/4352/4243 2016/4364/3460 2221/4355/4246
f 2016/4364/3460 2015/4358/3458 2221/4355/4246
f 2013/4365/3454 2039/4366/4252 2014/4362/3456
f 2014/4362/3456 2039/4366/4252 2038/4367/4253
f 2014/4362/3456 2038/4367/4253 2037/4361/4251
f 2012/4368/3452 2041/4369/4254 2013/4365/3454
f 2013/4365/3454 2041/4369/4254 2040/4370/4255
f 2013/4365/3454 2040/4370/4255 2039/4366/4252
f 2011/4371/3450 2236/4372/4256 2012/4368/3452
f 2012/4368/3452 2236/4372/4256 2042/4373/4257
f 2012/4368/3452 2042/4373/4257 2041/4369/4254
f 2010/4374/3448 2237/4375/4258 2011/4371/3450
f 2011/4371/3450 2237/4375/4258 2044/4376/4259
f 2011/4371/3450 2044/4376/4259 2236/4372/4256
f 2236/4372/4256 2044/4376/4259 2043/4377/4260
f 2236/4372/4256 2043/4377/4260 2042/4373/4257
f 2009/4378/3446 2238/4379/4261 2010/4374/3448
f 2010/4374/3448 2238/4379/4261 1625/4380/4262
f 2010/4374/3448 1625/4380/4262 2237/4375/4258
f 2237/4375/4258 1625/4380/4262 1624/4381/4263
f 2237/4375/4258 1624/4381/4263 2045/4382/4264
f 2008/4383/3444 2214/4384/4265 2009/4378/3446
f 2009/4378/3446 2214/4384/4265 2222/4385/4266
f 2009/4378/3446 2222/4385/4266 1651/4386/4267
f 1651/4386/4267 2222/4385/4266 1649/4387/4268
f 1649/4387/4268 2222/4385/4266 2214/4384/4265
f 1649/4387/4268 2214/4384/4265 1650/4388/4269
f 2214/4384/4265 2008/4383/3444 2213/4389/4270
f 2213/4389/4270 2008/4383/3444 2007/4390/3442
f 2213/4389/4270 2007/4390/3442 2212/4391/4271
f 2212/4391/4271 2007/4390/3442 2006/4392/3440
f 2212/4391/4271 2006/4392/3440 2046/4393/4272
f 2046/4393/4272 2006/4392/3440 2047/4394/4273
f 2047/4394/4273 2006/4392/3440 2048/4395/4274
f 2048/4395/4274 2006/4392/3440 2049/4396/4275
f 2049/4396/4275 2006/4392/3440 2050/4397/4276
f 2050/4397/4276 2006/4392/3440 2051/4398/4277
f 2051/4398/4277 2006/4392/3440 2052/4399/4278
f 2052/4399/4278 2006/4392/3440 2053/4400/4279
f 2053/4400/4279 2006/4392/3440 2005/4401/3438
f 2053/4400/4279 2005/4401/3438 2054/4402/4280
f 2054/4402/4280 2005/4401/3438 2055/4403/4281
f 2055/4403/4281 2005/4401/3438 2056/4404/4282
f 2056/4404/4282 2005/4401/3438 2057/4405/4283
f 2057/4405/4283 2005/4401/3438 2058/4406/4284
f 2058/4406/4284 2005/4401/3438 2059/4407/4285
f 2059/4407/4285 2005/4401/3438 2060/4408/4286
f 2060/4408/4286 2005/4401/3438 2004/4409/3436
f 2060/4408/4286 2004/4409/3436 2061/4410/4287
f 2061/4410/4287 2004/4409/3436 2062/4411/4288
f 2062/4411/4288 2004/4409/3436 2210/4412/4289
f 2062/4411/4288 2210/4412/4289 2063/4413/4290
f 2063/4413/4290 2210/4412/4289 2064/4414/4291
f 2064/4414/4291 2210/4412/4289 2065/4415/4292
f 2065/4415/4292 2210/4412/4289 2066/4416/4293
f 2066/4416/4293 2210/4412/4289 2067/4417/4294
f 2067/4417/4294 2210/4412/4289 2068/4418/4295
f 2068/4418/4295 2210/4412/4289 2069/4419/4296
f 2069/4419/4296 2210/4412/4289 2211/4420/4297
f 2069/4419/4296 2211/4420/4297 2070/4421/4298
f 2070/4421/4298 2211/4420/4297 2071/4422/4299
f 2071/4422/4299 2211/4420/4297 2072/4423/4300
f 2072/4423/4300 2211/4420/4297 2073/4424/4301
f 2073/4424/4301 2211/4420/4297 2074/4425/4302
f 2074/4425/4302 2211/4420/4297 2075/4426/4303
f 2075/4426/4303 2211/4420/4297 2212/4391/4271
f 2075/4426/4303 2212/4391/4271 2076/4427/4304
f 2076/4427/4304 2212/4391/4271 2077/4428/4305
f 2077/4428/4305 2212/4391/4271 2078/4429/4306
f 2078/4429/4306 2212/4391/4271 2079/4430/4307
f 2079/4430/4307 2212/4391/4271 2080/4431/4308
f 2080/4431/4308 2212/4391/4271 2046/4393/4272
f 2210/4412/4289 2004/4409/3436 2209/4432/4309
f 2209/4432/4309 2004/4409/3436 2003/4433/3434
f 2209/4432/4309 2003/4433/3434 681/4434/4310
f 681/4434/4310 2003/4433/3434 2002/4435/3432
f 681/4434/4310 2002/4435/3432 2223/4436/4311
f 2223/4436/4311 2002/4435/3432 2001/4437/3430
f 2223/4436/4311 2001/4437/3430 1526/4438/4312
f 1526/4438/4312 2001/4437/3430 2239/4439/4313
f 1526/4438/4312 2239/4439/4313 1646/4440/4314
f 1646/4440/4314 2239/4439/4313 1647/4441/4315
f 1647/4441/4315 2239/4439/4313 1546/4442/4316
f 1546/4442/4316 2239/4439/4313 2000/4443/3427
f 1546/4442/4316 2000/4443/3427 2225/4444/4317
f 2225/4444/4317 2000/4443/3427 1999/4445/3425
f 2225/4444/4317 1999/4445/3425 2224/4446/4318
f 2224/4446/4318 1999/4445/3425 1998/4447/3470
f 2224/4446/4318 1998/4447/3470 2226/4448/4319
f 2226/4448/4319 1998/4447/3470 1997/4449/3472
f 2226/4448/4319 1997/4449/3472 2026/4450/4320
f 2026/4450/4320 1997/4449/3472 2228/4451/4321
f 2026/4450/4320 2228/4451/4321 2027/4452/4322
f 2027/4452/4322 2228/4451/4321 2028/4453/4323
f 2028/4453/4323 2228/4451/4321 2227/4454/4324
f 2028/4453/4323 2227/4454/4324 2029/4455/4325
f 2029/4455/4325 2227/4454/4324 2030/4456/4326
f 2030/4456/4326 2227/4454/4324 2229/4457/4327
f 2030/4456/4326 2229/4457/4327 2031/4458/4328
f 2031/4458/4328 2229/4457/4327 2032/4459/4329
f 2032/4459/4329 2229/4457/4327 2230/4460/4330
f 2032/4459/4329 2230/4460/4330 1576/4461/4331
f 1576/4461/4331 2230/4460/4330 1566/4462/4332
f 1566/4462/4332 2230/4460/4330 1531/4463/4333
f 1566/4462/4332 1531/4463/4333 1530/4464/4334
f 2001/4437/3430 2000/4443/3427 2239/4439/4313
f 1997/4449/3472 1996/4465/3474 2228/4451/4321
f 2228/4451/4321 1996/4465/3474 2227/4454/4324
f 1996/4465/3474 1995/4466/3476 2227/4454/4324
f 2227/4454/4324 1995/4466/3476 2229/4457/4327
f 1995/4466/3476 1440/4467/3478 2229/4457/4327
f 2229/4457/4327 1440/4467/3478 2230/4460/4330
f 2230/4460/4330 1440/4467/3478 1455/4468/4335
f 1455/4468/4335 1440/4467/3478 1439/4469/4336
f 1455/4468/4335 1439/4469/4336 1438/4470/4337
f 1438/4470/4337 1437/4471/4338 1455/4468/4335
f 1455/4468/4335 1454/4472/4339 2230/4460/4330
f 2230/4460/4330 1454/4472/4339 1453/4473/4340
f 2230/4460/4330 1453/4473/4340 1452/4474/4341
f 2230/4460/4330 1452/4474/4341 1531/4463/4333
f 1531/4463/4333 1452/4474/4341 1451/4475/4342
f 1531/4463/4333 1451/4475/4342 2216/4476/4343
f 2216/4476/4343 1451/4475/4342 1367/4477/4344
f 2216/4476/4343 1367/4477/4344 1366/4478/4345
f 2216/4476/4343 1366/4478/4345 1685/4479/4346
f 1685/4479/4346 1366/4478/4345 1365/4480/4347
f 1685/4479/4346 1365/4480/4347 1364/4481/4348
f 1685/4479/4346 1364/4481/4348 2231/4482/4349
f 2231/4482/4349 1364/4481/4348 1389/4483/4350
f 2231/4482/4349 1389/4483/4350 2232/4324/4221
f 2232/4324/4221 1389/4483/4350 1388/4484/4351
f 2232/4324/4221 1388/4484/4351 1387/4485/4352
f 1387/4485/4352 1386/4486/4353 2232/4324/4221
f 2232/4324/4221 1386/4486/4353 1361/4322/4219
f 1385/4487/4354 1378/4488/4355 1386/4486/4353
f 1386/4486/4353 1378/4488/4355 1377/4489/4356
f 1386/4486/4353 1377/4489/4356 1361/4322/4219
f 1385/4487/4354 1384/4490/4357 1378/4488/4355
f 1378/4488/4355 1384/4490/4357 1379/4491/4358
f 1379/4491/4358 1384/4490/4357 1383/4492/4359
f 1676/4338/4232 1675/4333/4228 2234/4336/4230
f 1674/4335/4229 1673/4329/4226 2215/4328/4225
f 1679/4493/4360 1686/4494/4361 1670/4326/4223
f 1670/4326/4223 1686/4494/4361 2231/4482/4349
f 1670/4326/4223 2231/4482/4349 2232/4324/4221
f 1686/4494/4361 1685/4479/4346 2231/4482/4349
f 1685/4479/4346 1687/4495/4362 2216/4476/4343
f 2216/4476/4343 1687/4495/4362 1533/4496/4363
f 2216/4476/4343 1533/4496/4363 1531/4463/4333
f 2026/4450/4320 2025/4497/4364 2226/4448/4319
f 2226/4448/4319 2025/4497/4364 2024/4498/4365
f 2226/4448/4319 2024/4498/4365 2224/4446/4318
f 2224/4446/4318 2024/4498/4365 2023/4499/4366
f 2224/4446/4318 2023/4499/4366 2022/4500/4367
f 2022/4500/4367 2021/4501/4368 2224/4446/4318
f 2224/4446/4318 2021/4501/4368 2225/4444/4317
f 2021/4501/4368 2020/4502/4369 2225/4444/4317
f 2225/4444/4317 2020/4502/4369 1547/4503/4370
f 2225/4444/4317 1547/4503/4370 1546/4442/4316
f 1646/4440/4314 1527/4504/4371 1526/4438/4312
f 1529/4505/4372 1648/4506/4373 1526/4438/4312
f 1526/4438/4312 1648/4506/4373 2223/4436/4311
f 1648/4506/4373 805/4507/4374 2223/4436/4311
f 2223/4436/4311 805/4507/4374 681/4434/4310
f 805/4507/4374 682/4508/4375 681/4434/4310
f 2009/4378/3446 1651/4386/4267 2238/4379/4261
f 2238/4379/4261 1651/4386/4267 1625/4380/4262
f 2045/4382/4264 2044/4376/4259 2237/4375/4258
f 1660/4342/4236 2218/4340/4234 2217/4346/4238
f 817/4509/4376 916/4510/4377 818/4511/4378
f 818/4511/4378 916/4510/4377 939/4512/4379
f 818/4511/4378 939/4512/4379 938/4513/4380
f 1489/4514/4381 1519/4515/4382 817/4509/4376
f 817/4509/4376 1519/4515/4382 921/4516/4383
f 817/4509/4376 921/4516/4383 920/4517/4384
f 1489/4514/4381 1488/4518/4385 1519/4515/4382
f 1519/4515/4382 1488/4518/4385 1487/4519/4386
f 1519/4515/4382 1487/4519/4386 1486/4520/4387
f 1486/4520/4387 1485/4521/4388 1519/4515/4382
f 1519/4515/4382 1485/4521/4388 1520/4522/4389
f 1801/4523/4390 1903/4524/4391 1519/4515/4382
f 1519/4515/4382 1903/4524/4391 926/4525/4392
f 1519/4515/4382 926/4525/4392 925/4526/4393
f 926/4525/4392 1903/4524/4391 927/4527/4394
f 927/4527/4394 1903/4524/4391 2084/4528/4395
f 927/4527/4394 2084/4528/4395 928/4529/4396
f 928/4529/4396 2084/4528/4395 2083/4530/4397
f 928/4529/4396 2083/4530/4397 929/4531/4398
f 929/4531/4398 2083/4530/4397 930/4532/4399
f 930/4532/4399 2083/4530/4397 1892/4533/4400
f 930/4532/4399 1892/4533/4400 1777/4534/4401
f 1645/4535/4402 1483/4536/4403 1777/4534/4401
f 1777/4534/4401 1483/4536/4403 1637/4537/4404
f 1777/4534/4401 1637/4537/4404 1636/4538/4405
f 1483/4536/4403 1482/4539/4406 1637/4537/4404
f 1637/4537/4404 1482/4539/4406 1481/4540/4407
f 1637/4537/4404 1481/4540/4407 1480/4541/4408
f 1480/4541/4408 1479/4542/4409 1637/4537/4404
f 1636/4538/4405 818/4511/4378 1777/4534/4401
f 1777/4534/4401 818/4511/4378 935/4543/4410
f 1777/4534/4401 935/4543/4410 934/4544/4411
f 938/4513/4380 937/4545/4412 818/4511/4378
f 818/4511/4378 937/4545/4412 936/4546/4413
f 818/4511/4378 936/4546/4413 935/4543/4410
f 934/4544/4411 933/4547/4414 1777/4534/4401
f 1777/4534/4401 933/4547/4414 932/4548/4415
f 1777/4534/4401 932/4548/4415 931/4549/4416
f 931/4549/4416 930/4532/4399 1777/4534/4401
f 925/4526/4393 924/4550/4417 1519/4515/4382
f 1519/4515/4382 924/4550/4417 923/4551/4418
f 1519/4515/4382 923/4551/4418 922/4552/4419
f 922/4552/4419 921/4516/4383 1519/4515/4382
f 920/4517/4384 919/4553/4420 817/4509/4376
f 817/4509/4376 919/4553/4420 918/4554/4421
f 817/4509/4376 918/4554/4421 917/4555/4422
f 917/4555/4422 916/4510/4377 817/4509/4376
f 693/4556/1170 1120/4557/4423 694/4558/1169
f 694/4558/1169 1120/4557/4423 813/4559/4424
f 694/4558/1169 813/4559/4424 812/4560/4425
f 812/4560/4425 1650/4561/4426 694/4558/1169
f 694/4558/1169 1650/4561/4426 2214/4562/4427
f 684/4563/4428 813/4564/4429 685/4565/4430
f 685/4565/4430 813/4564/4429 1120/4566/4431
f 700/4567/4432 2211/4568/4433 666/4569/4434
f 666/4569/4434 2211/4568/4433 2210/4570/4435
f 666/4569/4434 2210/4570/4435 2209/4571/4436
f 699/4572/4437 2213/4573/4438 700/4567/4432
f 700/4567/4432 2213/4573/4438 2212/4574/4439
f 700/4567/4432 2212/4574/4439 2211/4568/4433
f 2213/4573/4438 699/4572/4437 2214/4575/4440
f 2214/4575/4440 699/4572/4437 698/4576/4441
f 2214/4575/4440 698/4576/4441 697/4577/4442
f 697/4577/4442 696/4578/4443 2214/4575/4440
f 2214/4575/4440 696/4578/4443 695/4579/4444
f 2214/4575/4440 695/4579/4444 694/4580/4445
f 666/4569/4434 2209/4571/4436 667/4581/4446
f 667/4581/4446 2209/4571/4436 681/4582/4447
f 667/4581/4446 681/4582/4447 668/4583/4448
f 668/4583/4448 681/4582/4447 669/4584/4449
f 669/4584/4449 681/4582/4447 670/4585/4450
f 670/4585/4450 681/4582/4447 671/4586/4451
f 671/4586/4451 681/4582/4447 672/4587/4452
f 1241/4588/4453 1172/4589/4454 1242/4590/4455
f 1242/4590/4455 1172/4589/4454 1171/4591/4456
f 1242/4590/4455 1171/4591/4456 1243/4592/4457
f 1243/4592/4457 1171/4591/4456 1170/4593/4458
f 1243/4592/4457 1170/4593/4458 1244/4594/4459
f 1244/4594/4459 1170/4593/4458 1245/4595/4460
f 1245/4595/4460 1170/4593/4458 1169/4596/4461
f 1245/4595/4460 1169/4596/4461 1246/4597/4462
f 1246/4597/4462 1169/4596/4461 1247/4598/4463
f 1247/4598/4463 1169/4596/4461 1168/4599/4464
f 1247/4598/4463 1168/4599/4464 1248/4600/4465
f 1248/4600/4465 1168/4599/4464 1249/4601/4466
f 1249/4601/4466 1168/4599/4464 1167/4602/4467
f 1249/4601/4466 1167/4602/4467 1250/4603/4468
f 1250/4603/4468 1167/4602/4467 1166/4604/4469
f 1250/4603/4468 1166/4604/4469 1251/4605/4470
f 1251/4605/4470 1166/4604/4469 1312/4606/4471
f 1312/4606/4471 1166/4604/4469 1165/4607/4472
f 1312/4606/4471 1165/4607/4472 1313/4608/4473
f 1313/4608/4473 1165/4607/4472 1164/4609/4474
f 1313/4608/4473 1164/4609/4474 1314/4610/4475
f 1314/4610/4475 1164/4609/4474 1163/4611/4476
f 1314/4610/4475 1163/4611/4476 1315/4612/4477
f 1315/4612/4477 1163/4611/4476 1162/4613/4478
f 1315/4612/4477 1162/4613/4478 1316/4614/4479
f 1316/4614/4479 1162/4613/4478 1161/4615/4480
f 1316/4614/4479 1161/4615/4480 1372/4616/4481
f 1372/4616/4481 1161/4615/4480 1373/4617/4482
f 1373/4617/4482 1161/4615/4480 1160/4618/2124
f 1373/4617/4482 1160/4618/2124 1311/4619/2125
f 1372/4616/4481 1348/4620/4483 1316/4614/4479
f 1121/4621/4484 1172/4622/4454 1240/4623/4485
f 1240/4623/4485 1172/4622/4454 1241/4624/4453
f 2240/4625/4486 1965/4626/4487 1936/4627/4488
f 1936/4627/4488 1965/4626/4487 1904/4628/4489
f 2240/4629/4490 1936/4630/4491 1970/4631/4492
f 1970/4631/4492 1936/4630/4491 1969/4632/4493
f 1969/4632/4493 1936/4630/4491 1968/4633/4494
f 1965/4634/4495 2240/4635/4496 1966/4636/4497
f 1966/4636/4497 2240/4635/4496 1970/4637/4498
g Cuerpo5

v -0.200000 1.990000 -3.200000
v -0.193185 2.041764 -3.200000
v -0.173205 2.090000 -3.200000
v -0.141421 2.131421 -3.200000
v -0.100000 2.163205 -3.200000
v -0.051764 2.183185 -3.200000
v 0.000000 2.190000 -3.200000
v 0.051764 2.183185 -3.200000
v 0.100000 2.163205 -3.200000
v 0.141421 2.131421 -3.200000
v 0.173205 2.090000 -3.200000
v 0.193185 2.041764 -3.200000
v 0.200000 1.990000 -3.200000
v 0.193185 1.938236 -3.200000
v 0.173205 1.890000 -3.200000
v 0.141421 1.848579 -3.200000
v 0.100000 1.816795 -3.200000
v 0.051764 1.796815 -3.200000
v 0.000000 1.790000 -3.200000
v -0.051764 1.796815 -3.200000
v -0.100000 1.816795 -3.200000
v -0.141421 1.848579 -3.200000
v -0.173205 1.890000 -3.200000
v -0.193185 1.938236 -3.200000
v -0.200000 1.990000 -3.050000
v -0.193185 1.938236 -3.050000
v -0.173205 1.890000 -3.050000
v -0.141421 1.848579 -3.050000
v -0.100000 1.816795 -3.050000
v -0.051764 1.796815 -3.050000
v 0.000000 1.790000 -3.050000
v 0.051764 1.796815 -3.050000
v 0.100000 1.816795 -3.050000
v 0.141421 1.848579 -3.050000
v 0.173205 1.890000 -3.050000
v 0.193185 1.938236 -3.050000
v 0.200000 1.990000 -3.050000
v 0.193185 2.041764 -3.050000
v 0.173205 2.090000 -3.050000
v 0.141421 2.131421 -3.050000
v 0.100000 2.163205 -3.050000
v 0.051764 2.183185 -3.050000
v 0.000000 2.190000 -3.050000
v -0.051764 2.183185 -3.050000
v -0.100000 2.163205 -3.050000
v -0.141421 2.131421 -3.050000
v -0.173205 2.090000 -3.050000
v -0.193185 2.041764 -3.050000
v -0.750000 1.990000 -3.200000
v -0.741623 1.878218 -3.200000
v -0.716680 1.768934 -3.200000
v -0.675727 1.664587 -3.200000
v -0.619679 1.567510 -3.200000
v -0.549789 1.479870 -3.200000
v -0.467617 1.403626 -3.200000
v -0.375000 1.340481 -3.200000
v -0.274006 1.291845 -3.200000
v -0.166891 1.258804 -3.200000
v -0.056048 1.242097 -3.200000
v 0.056048 1.242097 -3.200000
v 0.166891 1.258804 -3.200000
v 0.274006 1.291845 -3.200000
v 0.375000 1.340481 -3.200000
v 0.467617 1.403626 -3.200000
v 0.549789 1.479870 -3.200000
v 0.619679 1.567510 -3.200000
v 0.675727 1.664587 -3.200000
v 0.716680 1.768934 -3.200000
v 0.741623 1.878218 -3.200000
v 0.750000 1.990000 -3.200000
v 0.741623 2.101782 -3.200000
v 0.716680 2.211066 -3.200000
v 0.675727 2.315413 -3.200000
v 0.619679 2.412490 -3.200000
v 0.549789 2.500130 -3.200000
v 0.467617 2.576374 -3.200000
v 0.375000 2.639519 -3.200000
v 0.274006 2.688155 -3.200000
v 0.166891 2.721196 -3.200000
v 0.056048 2.737903 -3.200000
v -0.056048 2.737903 -3.200000
v -0.166891 2.721196 -3.200000
v -0.274006 2.688155 -3.200000
v -0.375000 2.639519 -3.200000
v -0.467617 2.576374 -3.200000
v -0.549789 2.500130 -3.200000
v -0.619679 2.412490 -3.200000
v -0.675727 2.315413 -3.200000
v -0.716680 2.211066 -3.200000
v -0.741623 2.101782 -3.200000
v -0.750000 1.990000 -3.050000
v -0.741623 2.101782 -3.050000
v -0.716680 2.211066 -3.050000
v -0.675727 2.315413 -3.050000
v -0.619679 2.412490 -3.050000
v -0.549789 2.500130 -3.050000
v -0.467617 2.576374 -3.050000
v -0.375000 2.639519 -3.050000
v -0.274006 2.688155 -3.050000
v -0.166891 2.721196 -3.050000
v -0.056048 2.737903 -3.050000
v 0.056048 2.737903 -3.050000
v 0.166891 2.721196 -3.050000
v 0.274006 2.688155 -3.050000
v 0.375000 2.639519 -3.050000
v 0.467617 2.576374 -3.050000
v 0.549789 2.500130 -3.050000
v 0.619679 2.412490 -3.050000
v 0.675727 2.315413 -3.050000
v 0.716680 2.211066 -3.050000
v 0.741623 2.101782 -3.050000
v 0.750000 1.990000 -3.050000
v 0.741623 1.878218 -3.050000
v 0.716680 1.768934 -3.050000
v 0.675727 1.664587 -3.050000
v 0.619679 1.567510 -3.050000
v 0.549789 1.479870 -3.050000
v 0.467617 1.403626 -3.050000
v 0.375000 1.340481 -3.050000
v 0.274006 1.291845 -3.050000
v 0.166891 1.258804 -3.050000
v 0.056048 1.242097 -3.050000
v -0.056048 1.242097 -3.050000
v -0.166891 1.258804 -3.050000
v -0.274006 1.291845 -3.050000
v -0.375000 1.340481 -3.050000
v -0.467617 1.403626 -3.050000
v -0.549789 1.479870 -3.050000
v -0.619679 1.567510 -3.050000
v -0.675727 1.664587 -3.050000
v -0.716680 1.768934 -3.050000
v -0.741623 1.878218 -3.050000
vt 0.150000 -0.575959 0.000000
vt 0.000000 -0.575959 0.000000
vt 0.150000 -0.628319 0.000000
vt 0.000000 -0.628319 0.000000
vt 0.150000 0.628319 0.000000
vt 0.000000 0.628319 0.000000
vt 0.150000 0.575959 0.000000
vt 0.000000 0.575959 0.000000
vt 0.150000 0.523599 0.000000
vt 0.000000 0.523599 0.000000
vt 0.150000 0.471239 0.000000
vt 0.000000 0.471239 0.000000
vt 0.150000 0.418879 0.000000
vt 0.000000 0.418879 0.000000
vt 0.150000 0.366519 0.000000
vt -0.000000 0.366519 0.000000
vt 0.150000 0.314159 0.000000
vt 0.000000 0.314159 0.000000
vt 0.150000 0.261799 0.000000
vt 0.000000 0.261799 0.000000
vt 0.150000 0.209440 0.000000
vt 0.000000 0.209440 0.000000
vt 0.150000 0.157080 0.000000
vt -0.000000 0.157080 0.000000
vt 0.150000 0.104720 0.000000
vt 0.000000 0.104720 0.000000
vt 0.150000 0.052360 0.000000
vt 0.000000 0.052360 0.000000
vt 0.150000 0.000000 0.000000
vt 0.000000 0.000000 0.000000
vt 0.150000 -0.052360 0.000000
vt 0.000000 -0.052360 0.000000
vt 0.150000 -0.104720 0.000000
vt 0.000000 -0.104720 0.000000
vt 0.150000 -0.157080 0.000000
vt 0.000000 -0.157080 0.000000
vt 0.150000 -0.209440 0.000000
vt 0.000000 -0.209440 0.000000
vt 0.150000 -0.261799 0.000000
vt 0.000000 -0.261799 0.000000
vt 0.150000 -0.314159 0.000000
vt 0.000000 -0.314159 0.000000
vt 0.150000 -0.366519 0.000000
vt 0.000000 -0.366519 0.000000
vt 0.150000 -0.418879 0.000000
vt 0.000000 -0.418879 0.000000
vt 0.150000 -0.471239 0.000000
vt 0.000000 -0.471239 0.000000
vt 0.150000 -0.523599 0.000000
vt 0.000000 -0.523599 0.000000
vt -0.150000 2.243995 0.000000
vt -0.000000 2.243995 0.000000
vt -0.150000 2.356194 0.000000
vt -0.000000 2.356194 0.000000
vt -0.150000 -2.356194 0.000000
vt -0.000000 -2.356194 0.000000
vt -0.150000 -2.243995 0.000000
vt -0.000000 -2.243995 0.000000
vt -0.150000 -2.131795 0.000000
vt -0.000000 -2.131795 0.000000
vt -0.150000 -2.019595 0.000000
vt -0.000000 -2.019595 0.000000
vt -0.150000 -1.907396 0.000000
vt -0.000000 -1.907396 0.000000
vt -0.150000 -1.795196 0.000000
vt -0.000000 -1.795196 0.000000
vt -0.150000 -1.682996 0.000000
vt -0.000000 -1.682996 0.000000
vt -0.150000 -1.570796 0.000000
vt -0.000000 -1.570796 0.000000
vt -0.150000 -1.458597 0.000000
vt -0.000000 -1.458597 0.000000
vt -0.150000 -1.346397 0.000000
vt -0.000000 -1.346397 0.000000
vt -0.150000 -1.234197 0.000000
vt -0.000000 -1.234197 0.000000
vt -0.150000 -1.121997 0.000000
vt -0.000000 -1.121997 0.000000
vt -0.150000 -1.009798 0.000000
vt -0.000000 -1.009798 0.000000
vt -0.150000 -0.897598 0.000000
vt -0.000000 -0.897598 0.000000
vt -0.150000 -0.785398 0.000000
vt -0.000000 -0.785398 0.000000
vt -0.150000 -0.673198 0.000000
vt -0.000000 -0.673198 0.000000
vt -0.150000 -0.560999 0.000000
vt -0.000000 -0.560999 0.000000
vt -0.150000 -0.448799 0.000000
vt -0.000000 -0.448799 0.000000
vt -0.150000 -0.336599 0.000000
vt -0.000000 -0.336599 0.000000
vt -0.150000 -0.224399 0.000000
vt -0.000000 -0.224399 0.000000
vt -0.150000 -0.112200 0.000000
vt -0.000000 -0.112200 0.000000
vt -0.150000 0.000000 0.000000
vt -0.000000 0.000000 0.000000
vt -0.150000 0.112200 0.000000
vt -0.000000 0.112200 0.000000
vt -0.150000 0.224399 0.000000
vt -0.000000 0.224399 0.000000
vt -0.150000 0.336599 0.000000
vt -0.000000 0.336599 0.000000
vt -0.150000 0.448799 0.000000
vt -0.000000 0.448799 0.000000
vt -0.150000 0.560999 0.000000
vt -0.000000 0.560999 0.000000
vt -0.150000 0.673198 0.000000
vt -0.000000 0.673198 0.000000
vt -0.150000 0.785398 0.000000
vt -0.000000 0.785398 0.000000
vt -0.150000 0.897598 0.000000
vt -0.000000 0.897598 0.000000
vt -0.150000 1.009798 0.000000
vt -0.000000 1.009798 0.000000
vt -0.150000 1.121997 0.000000
vt -0.000000 1.121997 0.000000
vt -0.150000 1.234197 0.000000
vt -0.000000 1.234197 0.000000
vt -0.150000 1.346397 0.000000
vt -0.000000 1.346397 0.000000
vt -0.150000 1.458597 0.000000
vt -0.000000 1.458597 0.000000
vt -0.150000 1.570796 0.000000
vt -0.000000 1.570796 0.000000
vt -0.150000 1.682996 0.000000
vt -0.000000 1.682996 0.000000
vt -0.150000 1.795196 0.000000
vt -0.000000 1.795196 0.000000
vt -0.150000 1.907396 0.000000
vt -0.000000 1.907396 0.000000
vt -0.150000 2.019595 0.000000
vt -0.000000 2.019595 0.000000
vt -0.150000 2.131795 0.000000
vt -0.000000 2.131795 0.000000
vt -0.193185 0.051764 0.000000
vt -0.741623 0.111782 0.000000
vt -0.200000 -0.000000 0.000000
vt -0.750000 -0.000000 0.000000
vt -0.741623 -0.111782 0.000000
vt -0.173205 0.100000 0.000000
vt -0.675727 0.325413 0.000000
vt -0.716680 0.221066 0.000000
vt -0.619679 0.422490 0.000000
vt -0.141421 0.141421 0.000000
vt -0.549789 0.510130 0.000000
vt -0.467617 0.586374 0.000000
vt -0.100000 0.173205 0.000000
vt -0.375000 0.649519 0.000000
vt -0.274006 0.698155 0.000000
vt -0.051764 0.193185 0.000000
vt -0.166891 0.731196 0.000000
vt -0.056048 0.747903 0.000000
vt 0.000000 0.200000 0.000000
vt 0.056048 0.747903 0.000000
vt 0.051764 0.193185 0.000000
vt 0.166891 0.731196 0.000000
vt 0.274006 0.698155 0.000000
vt 0.100000 0.173205 0.000000
vt 0.375000 0.649519 0.000000
vt 0.467617 0.586374 0.000000
vt 0.141421 0.141421 0.000000
vt 0.549789 0.510130 0.000000
vt 0.619679 0.422490 0.000000
vt 0.173205 0.100000 0.000000
vt 0.675727 0.325413 0.000000
vt 0.193185 0.051764 0.000000
vt 0.716680 0.221066 0.000000
vt 0.741623 0.111782 0.000000
vt 0.200000 0.000000 0.000000
vt 0.750000 0.000000 0.000000
vt 0.741623 -0.111782 0.000000
vt 0.193185 -0.051764 0.000000
vt 0.716680 -0.221066 0.000000
vt 0.675727 -0.325413 0.000000
vt 0.173205 -0.100000 0.000000
vt 0.619679 -0.422490 0.000000
vt 0.141421 -0.141421 0.000000
vt 0.549789 -0.510130 0.000000
vt 0.467617 -0.586374 0.000000
vt 0.100000 -0.173205 0.000000
vt 0.375000 -0.649519 0.000000
vt 0.274006 -0.698155 0.000000
vt 0.051764 -0.193185 0.000000
vt 0.166891 -0.731196 0.000000
vt 0.056048 -0.747903 0.000000
vt 0.000000 -0.200000 0.000000
vt -0.056048 -0.747903 0.000000
vt -0.051764 -0.193185 0.000000
vt -0.166891 -0.731196 0.000000
vt -0.274006 -0.698155 0.000000
vt -0.100000 -0.173205 0.000000
vt -0.375000 -0.649519 0.000000
vt -0.467617 -0.586374 0.000000
vt -0.141421 -0.141421 0.000000
vt -0.549789 -0.510130 0.000000
vt -0.619679 -0.422490 0.000000
vt -0.173205 -0.100000 0.000000
vt -0.675727 -0.325413 0.000000
vt -0.193185 -0.051764 0.000000
vt -0.716680 -0.221066 0.000000
vt 0.193185 -0.051764 0.000000
vt 0.741623 -0.111782 0.000000
vt 0.200000 -0.000000 0.000000
vt 0.750000 -0.000000 0.000000
vt 0.741623 0.111782 0.000000
vt 0.173205 -0.100000 0.000000
vt 0.675727 -0.325413 0.000000
vt 0.716680 -0.221066 0.000000
vt 0.619679 -0.422490 0.000000
vt 0.141421 -0.141421 0.000000
vt 0.549789 -0.510130 0.000000
vt 0.467617 -0.586374 0.000000
vt 0.100000 -0.173205 0.000000
vt 0.375000 -0.649519 0.000000
vt 0.274006 -0.698155 0.000000
vt 0.051764 -0.193185 0.000000
vt 0.166891 -0.731196 0.000000
vt 0.056048 -0.747903 0.000000
vt -0.000000 -0.200000 0.000000
vt -0.056048 -0.747903 0.000000
vt -0.051764 -0.193185 0.000000
vt -0.166891 -0.731196 0.000000
vt -0.274006 -0.698155 0.000000
vt -0.100000 -0.173205 0.000000
vt -0.375000 -0.649519 0.000000
vt -0.467617 -0.586374 0.000000
vt -0.141421 -0.141421 0.000000
vt -0.549789 -0.510130 0.000000
vt -0.619679 -0.422490 0.000000
vt -0.173205 -0.100000 0.000000
vt -0.675727 -0.325413 0.000000
vt -0.193185 -0.051764 0.000000
vt -0.716680 -0.221066 0.000000
vt -0.741623 -0.111782 0.000000
vt -0.200000 0.000000 0.000000
vt -0.750000 0.000000 0.000000
vt -0.741623 0.111782 0.000000
vt -0.193185 0.051764 0.000000
vt -0.716680 0.221066 0.000000
vt -0.675727 0.325413 0.000000
vt -0.173205 0.100000 0.000000
vt -0.619679 0.422490 0.000000
vt -0.141421 0.141421 0.000000
vt -0.549789 0.510130 0.000000
vt -0.467617 0.586374 0.000000
vt -0.100000 0.173205 0.000000
vt -0.375000 0.649519 0.000000
vt -0.274006 0.698155 0.000000
vt -0.051764 0.193185 0.000000
vt -0.166891 0.731196 0.000000
vt -0.056048 0.747903 0.000000
vt -0.000000 0.200000 0.000000
vt 0.056048 0.747903 0.000000
vt 0.051764 0.193185 0.000000
vt 0.166891 0.731196 0.000000
vt 0.274006 0.698155 0.000000
vt 0.100000 0.173205 0.000000
vt 0.375000 0.649519 0.000000
vt 0.467617 0.586374 0.000000
vt 0.141421 0.141421 0.000000
vt 0.549789 0.510130 0.000000
vt 0.619679 0.422490 0.000000
vt 0.173205 0.100000 0.000000
vt 0.675727 0.325413 0.000000
vt 0.193185 0.051764 0.000000
vt 0.716680 0.221066 0.000000
vn 0.965926 -0.258819 -0.000000
vn 0.965926 -0.258819 -0.000000
vn 1.000000 0.000000 -0.000000
vn 1.000000 0.000000 -0.000000
vn 0.965926 0.258819 -0.000000
vn 0.965926 0.258819 -0.000000
vn 0.866025 0.500000 -0.000000
vn 0.866025 0.500000 -0.000000
vn 0.707107 0.707107 -0.000000
vn 0.707107 0.707107 -0.000000
vn 0.500000 0.866025 -0.000000
vn 0.500000 0.866025 -0.000000
vn 0.258819 0.965926 -0.000000
vn 0.258819 0.965926 -0.000000
vn -0.000000 1.000000 -0.000000
vn -0.000000 1.000000 -0.000000
vn -0.258819 0.965926 -0.000000
vn -0.258819 0.965926 -0.000000
vn -0.500000 0.866025 0.000000
vn -0.500000 0.866025 0.000000
vn -0.707107 0.707107 0.000000
vn -0.707107 0.707107 0.000000
vn -0.866025 0.500000 0.000000
vn -0.866025 0.500000 0.000000
vn -0.965926 0.258819 0.000000
vn -0.965926 0.258819 0.000000
vn -1.000000 -0.000000 0.000000
vn -1.000000 -0.000000 0.000000
vn -0.965926 -0.258819 0.000000
vn -0.965926 -0.258819 0.000000
vn -0.866025 -0.500000 0.000000
vn -0.866025 -0.500000 0.000000
vn -0.707107 -0.707107 0.000000
vn -0.707107 -0.707107 0.000000
vn -0.500000 -0.866025 0.000000
vn -0.500000 -0.866025 0.000000
vn -0.258819 -0.965926 0.000000
vn -0.258819 -0.965926 0.000000
vn 0.000000 -1.000000 0.000000
vn 0.000000 -1.000000 0.000000
vn 0.258819 -0.965926 0.000000
vn 0.258819 -0.965926 0.000000
vn 0.500000 -0.866025 -0.000000
vn 0.500000 -0.866025 -0.000000
vn 0.707107 -0.707107 -0.000000
vn 0.707107 -0.707107 -0.000000
vn 0.866025 -0.500000 -0.000000
vn 0.866025 -0.500000 -0.000000
vn -0.988831 -0.149042 0.000000
vn -0.988831 -0.149042 0.000000
vn -1.000000 -0.000000 0.000000
vn -1.000000 -0.000000 0.000000
vn -0.988831 0.149042 0.000000
vn -0.988831 0.149042 0.000000
vn -0.955573 0.294755 0.000000
vn -0.955573 0.294755 0.000000
vn -0.900969 0.433884 0.000000
vn -0.900969 0.433884 0.000000
vn -0.826239 0.563320 0.000000
vn -0.826239 0.563320 0.000000
vn -0.733052 0.680173 0.000000
vn -0.733052 0.680173 0.000000
vn -0.623490 0.781831 0.000000
vn -0.623490 0.781831 0.000000
vn -0.500000 0.866025 0.000000
vn -0.500000 0.866025 0.000000
vn -0.365341 0.930874 0.000000
vn -0.365341 0.930874 0.000000
vn -0.222521 0.974928 -0.000000
vn -0.222521 0.974928 -0.000000
vn -0.074730 0.997204 -0.000000
vn -0.074730 0.997204 -0.000000
vn 0.074730 0.997204 -0.000000
vn 0.074730 0.997204 -0.000000
vn 0.222521 0.974928 -0.000000
vn 0.222521 0.974928 -0.000000
vn 0.365341 0.930874 -0.000000
vn 0.365341 0.930874 -0.000000
vn 0.500000 0.866025 -0.000000
vn 0.500000 0.866025 -0.000000
vn 0.623490 0.781831 -0.000000
vn 0.623490 0.781831 -0.000000
vn 0.733052 0.680173 -0.000000
vn 0.733052 0.680173 -0.000000
vn 0.826239 0.563320 -0.000000
vn 0.826239 0.563320 -0.000000
vn 0.900969 0.433884 -0.000000
vn 0.900969 0.433884 -0.000000
vn 0.955573 0.294755 -0.000000
vn 0.955573 0.294755 -0.000000
vn 0.988831 0.149042 -0.000000
vn 0.988831 0.149042 -0.000000
vn 1.000000 0.000000 -0.000000
vn 1.000000 0.000000 -0.000000
vn 0.988831 -0.149042 -0.000000
vn 0.988831 -0.149042 -0.000000
vn 0.955573 -0.294755 -0.000000
vn 0.955573 -0.294755 -0.000000
vn 0.900969 -0.433884 -0.000000
vn 0.900969 -0.433884 -0.000000
vn 0.826239 -0.563320 -0.000000
vn 0.826239 -0.563320 -0.000000
vn 0.733052 -0.680173 -0.000000
vn 0.733052 -0.680173 -0.000000
vn 0.623490 -0.781831 -0.000000
vn 0.623490 -0.781831 -0.000000
vn 0.500000 -0.866025 -0.000000
vn 0.500000 -0.866025 -0.000000
vn 0.365341 -0.930874 -0.000000
vn 0.365341 -0.930874 -0.000000
vn 0.222521 -0.974928 0.000000
vn 0.222521 -0.974928 0.000000
vn 0.074730 -0.997204 0.000000
vn 0.074730 -0.997204 0.000000
vn -0.074730 -0.997204 0.000000
vn -0.074730 -0.997204 0.000000
vn -0.222521 -0.974928 0.000000
vn -0.222521 -0.974928 0.000000
vn -0.365341 -0.930874 0.000000
vn -0.365341 -0.930874 0.000000
vn -0.500000 -0.866025 0.000000
vn -0.500000 -0.866025 0.000000
vn -0.623490 -0.781831 0.000000
vn -0.623490 -0.781831 0.000000
vn -0.733052 -0.680173 0.000000
vn -0.733052 -0.680173 0.000000
vn -0.826239 -0.563320 0.000000
vn -0.826239 -0.563320 0.000000
vn -0.900969 -0.433884 0.000000
vn -0.900969 -0.433884 0.000000
vn -0.955573 -0.294755 0.000000
vn -0.955573 -0.294755 0.000000
vn -0.000000 -0.000000 -1.000000
vn -0.000000 -0.000000 -1.000000
vn -0.000000 -0.000000 -1.000000
vn -0.000000 -0.000000 -1.000000
vn -0.000000 -0.000000 -1.000000
vn -0.000000 -0.000000 -1.000000
vn -0.000000 -0.000000 -1.000000
vn -0.000000 -0.000000 -1.000000
vn -0.000000 -0.000000 -1.000000
vn -0.000000 -0.000000 -1.000000
vn -0.000000 -0.000000 -1.000000
vn -0.000000 -0.000000 -1.000000
vn -0.000000 -0.000000 -1.000000
vn -0.000000 -0.000000 -1.000000
vn -0.000000 -0.000000 -1.000000
vn -0.000000 -0.000000 -1.000000
vn -0.000000 -0.000000 -1.000000
vn -0.000000 -0.000000 -1.000000
vn -0.000000 -0.000000 -1.000000
vn -0.000000 -0.000000 -1.000000
vn -0.000000 -0.000000 -1.000000
vn -0.000000 -0.000000 -1.000000
vn -0.000000 -0.000000 -1.000000
vn -0.000000 -0.000000 -1.000000
vn -0.000000 -0.000000 -1.000000
vn -0.000000 -0.000000 -1.000000
vn -0.000000 -0.000000 -1.000000
vn -0.000000 -0.000000 -1.000000
vn -0.000000 -0.000000 -1.000000
vn -0.000000 -0.000000 -1.000000
vn -0.000000 -0.000000 -1.000000
vn -0.000000 -0.000000 -1.000000
vn -0.000000 -0.000000 -1.000000
vn -0.000000 -0.000000 -1.000000
vn -0.000000 -0.000000 -1.000000
vn -0.000000 -0.000000 -1.000000
vn -0.000000 -0.000000 -1.000000
vn -0.000000 -0.000000 -1.000000
vn -0.000000 -0.000000 -1.000000
vn -0.000000 -0.000000 -1.000000
vn -0.000000 -0.000000 -1.000000
vn -0.000000 -0.000000 -1.000000
vn -0.000000 -0.000000 -1.000000
vn -0.000000 -0.000000 -1.000000
vn -0.000000 -0.000000 -1.000000
vn -0.000000 -0.000000 -1.000000
vn -0.000000 -0.000000 -1.000000
vn -0.000000 -0.000000 -1.000000
vn -0.000000 -0.000000 -1.000000
vn -0.000000 -0.000000 -1.000000
vn -0.000000 -0.000000 -1.000000
vn -0.000000 -0.000000 -1.000000
vn -0.000000 -0.000000 -1.000000
vn -0.000000 -0.000000 -1.000000
vn -0.000000 -0.000000 -1.000000
vn -0.000000 -0.000000 -1.000000
vn -0.000000 -0.000000 -1.000000
vn -0.000000 -0.000000 -1.000000
vn -0.000000 -0.000000 -1.000000
vn -0.000000 -0.000000 -1.000000
vn -0.000000 -0.000000 -1.000000
vn -0.000000 -0.000000 -1.000000
vn -0.000000 -0.000000 -1.000000
vn -0.000000 -0.000000 -1.000000
vn -0.000000 -0.000000 -1.000000
vn -0.000000 -0.000000 -1.000000
vn 0.000000 0.000000 1.000000
vn 0.000000 0.000000 1.000000
vn 0.000000 0.000000 1.000000
vn 0.000000 0.000000 1.000000
vn 0.000000 0.000000 1.000000
vn 0.000000 0.000000 1.000000
vn 0.000000 0.000000 1.000000
vn 0.000000 0.000000 1.000000
vn 0.000000 0.000000 1.000000
vn 0.000000 0.000000 1.000000
vn 0.000000 0.000000 1.000000
vn 0.000000 0.000000 1.000000
vn 0.000000 0.000000 1.000000
vn 0.000000 0.000000 1.000000
vn 0.000000 0.000000 1.000000
vn 0.000000 0.000000 1.000000
vn 0.000000 0.000000 1.000000
vn 0.000000 0.000000 1.000000
vn 0.000000 0.000000 1.000000
vn 0.000000 0.000000 1.000000
vn 0.000000 0.000000 1.000000
vn 0.000000 0.000000 1.000000
vn 0.000000 0.000000 1.000000
vn 0.000000 0.000000 1.000000
vn 0.000000 0.000000 1.000000
vn 0.000000 0.000000 1.000000
vn 0.000000 0.000000 1.000000
vn 0.000000 0.000000 1.000000
vn 0.000000 0.000000 1.000000
vn 0.000000 0.000000 1.000000
vn 0.000000 0.000000 1.000000
vn 0.000000 0.000000 1.000000
vn 0.000000 0.000000 1.000000
vn 0.000000 0.000000 1.000000
vn 0.000000 0.000000 1.000000
vn 0.000000 0.000000 1.000000
vn 0.000000 0.000000 1.000000
vn 0.000000 0.000000 1.000000
vn 0.000000 0.000000 1.000000
vn 0.000000 0.000000 1.000000
vn 0.000000 0.000000 1.000000
vn 0.000000 0.000000 1.000000
vn 0.000000 0.000000 1.000000
vn 0.000000 0.000000 1.000000
vn 0.000000 0.000000 1.000000
vn 0.000000 0.000000 1.000000
vn 0.000000 0.000000 1.000000
vn 0.000000 0.000000 1.000000
vn 0.000000 0.000000 1.000000
vn 0.000000 0.000000 1.000000
vn 0.000000 0.000000 1.000000
vn 0.000000 0.000000 1.000000
vn 0.000000 0.000000 1.000000
vn 0.000000 0.000000 1.000000
vn 0.000000 0.000000 1.000000
vn 0.000000 0.000000 1.000000
vn 0.000000 0.000000 1.000000
vn 0.000000 0.000000 1.000000
vn 0.000000 0.000000 1.000000
vn 0.000000 0.000000 1.000000
vn 0.000000 0.000000 1.000000
vn 0.000000 0.000000 1.000000
vn 0.000000 0.000000 1.000000
vn 0.000000 0.000000 1.000000
vn 0.000000 0.000000 1.000000
vn 0.000000 0.000000 1.000000
usemtl Acero_-_Satinado
f 2242/4638/4499 2288/4639/4500 2241/4640/4501
f 2241/4640/4501 2288/4639/4500 2265/4641/4502
f 2241/4642/4501 2265/4643/4502 2264/4644/4503
f 2264/4644/4503 2265/4643/4502 2266/4645/4504
f 2264/4644/4503 2266/4645/4504 2263/4646/4505
f 2263/4646/4505 2266/4645/4504 2267/4647/4506
f 2263/4646/4505 2267/4647/4506 2262/4648/4507
f 2262/4648/4507 2267/4647/4506 2268/4649/4508
f 2262/4648/4507 2268/4649/4508 2261/4650/4509
f 2261/4650/4509 2268/4649/4508 2269/4651/4510
f 2261/4650/4509 2269/4651/4510 2260/4652/4511
f 2260/4652/4511 2269/4651/4510 2270/4653/4512
f 2260/4652/4511 2270/4653/4512 2259/4654/4513
f 2259/4654/4513 2270/4653/4512 2271/4655/4514
f 2259/4654/4513 2271/4655/4514 2258/4656/4515
f 2258/4656/4515 2271/4655/4514 2272/4657/4516
f 2258/4656/4515 2272/4657/4516 2257/4658/4517
f 2257/4658/4517 2272/4657/4516 2273/4659/4518
f 2257/4658/4517 2273/4659/4518 2256/4660/4519
f 2256/4660/4519 2273/4659/4518 2274/4661/4520
f 2256/4660/4519 2274/4661/4520 2255/4662/4521
f 2255/4662/4521 2274/4661/4520 2275/4663/4522
f 2255/4662/4521 2275/4663/4522 2254/4664/4523
f 2254/4664/4523 2275/4663/4522 2276/4665/4524
f 2254/4664/4523 2276/4665/4524 2253/4666/4525
f 2253/4666/4525 2276/4665/4524 2277/4667/4526
f 2253/4666/4525 2277/4667/4526 2252/4668/4527
f 2252/4668/4527 2277/4667/4526 2278/4669/4528
f 2252/4668/4527 2278/4669/4528 2251/4670/4529
f 2251/4670/4529 2278/4669/4528 2279/4671/4530
f 2251/4670/4529 2279/4671/4530 2250/4672/4531
f 2250/4672/4531 2279/4671/4530 2280/4673/4532
f 2250/4672/4531 2280/4673/4532 2249/4674/4533
f 2249/4674/4533 2280/4673/4532 2281/4675/4534
f 2249/4674/4533 2281/4675/4534 2248/4676/4535
f 2248/4676/4535 2281/4675/4534 2282/4677/4536
f 2248/4676/4535 2282/4677/4536 2247/4678/4537
f 2247/4678/4537 2282/4677/4536 2283/4679/4538
f 2247/4678/4537 2283/4679/4538 2246/4680/4539
f 2246/4680/4539 2283/4679/4538 2284/4681/4540
f 2246/4680/4539 2284/4681/4540 2245/4682/4541
f 2245/4682/4541 2284/4681/4540 2285/4683/4542
f 2245/4682/4541 2285/4683/4542 2244/4684/4543
f 2244/4684/4543 2285/4683/4542 2286/4685/4544
f 2244/4684/4543 2286/4685/4544 2243/4686/4545
f 2243/4686/4545 2286/4685/4544 2287/4687/4546
f 2243/4686/4545 2287/4687/4546 2242/4638/4499
f 2242/4638/4499 2287/4687/4546 2288/4639/4500
f 2290/4688/4547 2372/4689/4548 2289/4690/4549
f 2289/4690/4549 2372/4689/4548 2331/4691/4550
f 2289/4692/4549 2331/4693/4550 2330/4694/4551
f 2330/4694/4551 2331/4693/4550 2332/4695/4552
f 2330/4694/4551 2332/4695/4552 2329/4696/4553
f 2329/4696/4553 2332/4695/4552 2333/4697/4554
f 2329/4696/4553 2333/4697/4554 2328/4698/4555
f 2328/4698/4555 2333/4697/4554 2334/4699/4556
f 2328/4698/4555 2334/4699/4556 2327/4700/4557
f 2327/4700/4557 2334/4699/4556 2335/4701/4558
f 2327/4700/4557 2335/4701/4558 2326/4702/4559
f 2326/4702/4559 2335/4701/4558 2336/4703/4560
f 2326/4702/4559 2336/4703/4560 2325/4704/4561
f 2325/4704/4561 2336/4703/4560 2337/4705/4562
f 2325/4704/4561 2337/4705/4562 2324/4706/4563
f 2324/4706/4563 2337/4705/4562 2338/4707/4564
f 2324/4706/4563 2338/4707/4564 2323/4708/4565
f 2323/4708/4565 2338/4707/4564 2339/4709/4566
f 2323/4708/4565 2339/4709/4566 2322/4710/4567
f 2322/4710/4567 2339/4709/4566 2340/4711/4568
f 2322/4710/4567 2340/4711/4568 2321/4712/4569
f 2321/4712/4569 2340/4711/4568 2341/4713/4570
f 2321/4712/4569 2341/4713/4570 2320/4714/4571
f 2320/4714/4571 2341/4713/4570 2342/4715/4572
f 2320/4714/4571 2342/4715/4572 2319/4716/4573
f 2319/4716/4573 2342/4715/4572 2343/4717/4574
f 2319/4716/4573 2343/4717/4574 2318/4718/4575
f 2318/4718/4575 2343/4717/4574 2344/4719/4576
f 2318/4718/4575 2344/4719/4576 2317/4720/4577
f 2317/4720/4577 2344/4719/4576 2345/4721/4578
f 2317/4720/4577 2345/4721/4578 2316/4722/4579
f 2316/4722/4579 2345/4721/4578 2346/4723/4580
f 2316/4722/4579 2346/4723/4580 2315/4724/4581
f 2315/4724/4581 2346/4723/4580 2347/4725/4582
f 2315/4724/4581 2347/4725/4582 2314/4726/4583
f 2314/4726/4583 2347/4725/4582 2348/4727/4584
f 2314/4726/4583 2348/4727/4584 2313/4728/4585
f 2313/4728/4585 2348/4727/4584 2349/4729/4586
f 2313/4728/4585 2349/4729/4586 2312/4730/4587
f 2312/4730/4587 2349/4729/4586 2350/4731/4588
f 2312/4730/4587 2350/4731/4588 2311/4732/4589
f 2311/4732/4589 2350/4731/4588 2351/4733/4590
f 2311/4732/4589 2351/4733/4590 2310/4734/4591
f 2310/4734/4591 2351/4733/4590 2352/4735/4592
f 2310/4734/4591 2352/4735/4592 2309/4736/4593
f 2309/4736/4593 2352/4735/4592 2353/4737/4594
f 2309/4736/4593 2353/4737/4594 2308/4738/4595
f 2308/4738/4595 2353/4737/4594 2354/4739/4596
f 2308/4738/4595 2354/4739/4596 2307/4740/4597
f 2307/4740/4597 2354/4739/4596 2355/4741/4598
f 2307/4740/4597 2355/4741/4598 2306/4742/4599
f 2306/4742/4599 2355/4741/4598 2356/4743/4600
f 2306/4742/4599 2356/4743/4600 2305/4744/4601
f 2305/4744/4601 2356/4743/4600 2357/4745/4602
f 2305/4744/4601 2357/4745/4602 2304/4746/4603
f 2304/4746/4603 2357/4745/4602 2358/4747/4604
f 2304/4746/4603 2358/4747/4604 2303/4748/4605
f 2303/4748/4605 2358/4747/4604 2359/4749/4606
f 2303/4748/4605 2359/4749/4606 2302/4750/4607
f 2302/4750/4607 2359/4749/4606 2360/4751/4608
f 2302/4750/4607 2360/4751/4608 2301/4752/4609
f 2301/4752/4609 2360/4751/4608 2361/4753/4610
f 2301/4752/4609 2361/4753/4610 2300/4754/4611
f 2300/4754/4611 2361/4753/4610 2362/4755/4612
f 2300/4754/4611 2362/4755/4612 2299/4756/4613
f 2299/4756/4613 2362/4755/4612 2363/4757/4614
f 2299/4756/4613 2363/4757/4614 2298/4758/4615
f 2298/4758/4615 2363/4757/4614 2364/4759/4616
f 2298/4758/4615 2364/4759/4616 2297/4760/4617
f 2297/4760/4617 2364/4759/4616 2365/4761/4618
f 2297/4760/4617 2365/4761/4618 2296/4762/4619
f 2296/4762/4619 2365/4761/4618 2366/4763/4620
f 2296/4762/4619 2366/4763/4620 2295/4764/4621
f 2295/4764/4621 2366/4763/4620 2367/4765/4622
f 2295/4764/4621 2367/4765/4622 2294/4766/4623
f 2294/4766/4623 2367/4765/4622 2368/4767/4624
f 2294/4766/4623 2368/4767/4624 2293/4768/4625
f 2293/4768/4625 2368/4767/4624 2369/4769/4626
f 2293/4768/4625 2369/4769/4626 2292/4770/4627
f 2292/4770/4627 2369/4769/4626 2370/4771/4628
f 2292/4770/4627 2370/4771/4628 2291/4772/4629
f 2291/4772/4629 2370/4771/4628 2371/4773/4630
f 2291/4772/4629 2371/4773/4630 2290/4688/4547
f 2290/4688/4547 2371/4773/4630 2372/4689/4548
f 2264/4774/4631 2290/4775/4632 2241/4776/4633
f 2241/4776/4633 2290/4775/4632 2289/4777/4634
f 2241/4776/4633 2289/4777/4634 2330/4778/4635
f 2263/4779/4636 2292/4780/4637 2264/4774/4631
f 2264/4774/4631 2292/4780/4637 2291/4781/4638
f 2264/4774/4631 2291/4781/4638 2290/4775/4632
f 2292/4780/4637 2263/4779/4636 2293/4782/4639
f 2293/4782/4639 2263/4779/4636 2262/4783/4640
f 2293/4782/4639 2262/4783/4640 2294/4784/4641
f 2294/4784/4641 2262/4783/4640 2295/4785/4642
f 2295/4785/4642 2262/4783/4640 2261/4786/4643
f 2295/4785/4642 2261/4786/4643 2296/4787/4644
f 2296/4787/4644 2261/4786/4643 2297/4788/4645
f 2297/4788/4645 2261/4786/4643 2260/4789/4646
f 2297/4788/4645 2260/4789/4646 2298/4790/4647
f 2298/4790/4647 2260/4789/4646 2299/4791/4648
f 2299/4791/4648 2260/4789/4646 2259/4792/4649
f 2299/4791/4648 2259/4792/4649 2300/4793/4650
f 2300/4793/4650 2259/4792/4649 2258/4794/4651
f 2300/4793/4650 2258/4794/4651 2301/4795/4652
f 2301/4795/4652 2258/4794/4651 2302/4796/4653
f 2302/4796/4653 2258/4794/4651 2257/4797/4654
f 2302/4796/4653 2257/4797/4654 2303/4798/4655
f 2303/4798/4655 2257/4797/4654 2304/4799/4656
f 2304/4799/4656 2257/4797/4654 2256/4800/4657
f 2304/4799/4656 2256/4800/4657 2305/4801/4658
f 2305/4801/4658 2256/4800/4657 2306/4802/4659
f 2306/4802/4659 2256/4800/4657 2255/4803/4660
f 2306/4802/4659 2255/4803/4660 2307/4804/4661
f 2307/4804/4661 2255/4803/4660 2254/4805/4662
f 2307/4804/4661 2254/4805/4662 2308/4806/4663
f 2308/4806/4663 2254/4805/4662 2309/4807/4664
f 2309/4807/4664 2254/4805/4662 2253/4808/4665
f 2309/4807/4664 2253/4808/4665 2310/4809/4666
f 2310/4809/4666 2253/4808/4665 2311/4810/4667
f 2311/4810/4667 2253/4808/4665 2252/4811/4668
f 2311/4810/4667 2252/4811/4668 2312/4812/4669
f 2312/4812/4669 2252/4811/4668 2313/4813/4670
f 2313/4813/4670 2252/4811/4668 2251/4814/4671
f 2313/4813/4670 2251/4814/4671 2314/4815/4672
f 2314/4815/4672 2251/4814/4671 2250/4816/4673
f 2314/4815/4672 2250/4816/4673 2315/4817/4674
f 2315/4817/4674 2250/4816/4673 2316/4818/4675
f 2316/4818/4675 2250/4816/4673 2249/4819/4676
f 2316/4818/4675 2249/4819/4676 2317/4820/4677
f 2317/4820/4677 2249/4819/4676 2318/4821/4678
f 2318/4821/4678 2249/4819/4676 2248/4822/4679
f 2318/4821/4678 2248/4822/4679 2319/4823/4680
f 2319/4823/4680 2248/4822/4679 2320/4824/4681
f 2320/4824/4681 2248/4822/4679 2247/4825/4682
f 2320/4824/4681 2247/4825/4682 2321/4826/4683
f 2321/4826/4683 2247/4825/4682 2246/4827/4684
f 2321/4826/4683 2246/4827/4684 2322/4828/4685
f 2322/4828/4685 2246/4827/4684 2323/4829/4686
f 2323/4829/4686 2246/4827/4684 2245/4830/4687
f 2323/4829/4686 2245/4830/4687 2324/4831/4688
f 2324/4831/4688 2245/4830/4687 2325/4832/4689
f 2325/4832/4689 2245/4830/4687 2244/4833/4690
f 2325/4832/4689 2244/4833/4690 2326/4834/4691
f 2326/4834/4691 2244/4833/4690 2327/4835/4692
f 2327/4835/4692 2244/4833/4690 2243/4836/4693
f 2327/4835/4692 2243/4836/4693 2328/4837/4694
f 2328/4837/4694 2243/4836/4693 2242/4838/4695
f 2328/4837/4694 2242/4838/4695 2329/4839/4696
f 2329/4839/4696 2242/4838/4695 2330/4778/4635
f 2330/4778/4635 2242/4838/4695 2241/4776/4633
f 2288/4840/4697 2332/4841/4698 2265/4842/4699
f 2265/4842/4699 2332/4841/4698 2331/4843/4700
f 2265/4842/4699 2331/4843/4700 2372/4844/4701
f 2287/4845/4702 2334/4846/4703 2288/4840/4697
f 2288/4840/4697 2334/4846/4703 2333/4847/4704
f 2288/4840/4697 2333/4847/4704 2332/4841/4698
f 2334/4846/4703 2287/4845/4702 2335/4848/4705
f 2335/4848/4705 2287/4845/4702 2286/4849/4706
f 2335/4848/4705 2286/4849/4706 2336/4850/4707
f 2336/4850/4707 2286/4849/4706 2337/4851/4708
f 2337/4851/4708 2286/4849/4706 2285/4852/4709
f 2337/4851/4708 2285/4852/4709 2338/4853/4710
f 2338/4853/4710 2285/4852/4709 2339/4854/4711
f 2339/4854/4711 2285/4852/4709 2284/4855/4712
f 2339/4854/4711 2284/4855/4712 2340/4856/4713
f 2340/4856/4713 2284/4855/4712 2341/4857/4714
f 2341/4857/4714 2284/4855/4712 2283/4858/4715
f 2341/4857/4714 2283/4858/4715 2342/4859/4716
f 2342/4859/4716 2283/4858/4715 2282/4860/4717
f 2342/4859/4716 2282/4860/4717 2343/4861/4718
f 2343/4861/4718 2282/4860/4717 2344/4862/4719
f 2344/4862/4719 2282/4860/4717 2281/4863/4720
f 2344/4862/4719 2281/4863/4720 2345/4864/4721
f 2345/4864/4721 2281/4863/4720 2346/4865/4722
f 2346/4865/4722 2281/4863/4720 2280/4866/4723
f 2346/4865/4722 2280/4866/4723 2347/4867/4724
f 2347/4867/4724 2280/4866/4723 2348/4868/4725
f 2348/4868/4725 2280/4866/4723 2279/4869/4726
f 2348/4868/4725 2279/4869/4726 2349/4870/4727
f 2349/4870/4727 2279/4869/4726 2278/4871/4728
f 2349/4870/4727 2278/4871/4728 2350/4872/4729
f 2350/4872/4729 2278/4871/4728 2351/4873/4730
f 2351/4873/4730 2278/4871/4728 2277/4874/4731
f 2351/4873/4730 2277/4874/4731 2352/4875/4732
f 2352/4875/4732 2277/4874/4731 2353/4876/4733
f 2353/4876/4733 2277/4874/4731 2276/4877/4734
f 2353/4876/4733 2276/4877/4734 2354/4878/4735
f 2354/4878/4735 2276/4877/4734 2355/4879/4736
f 2355/4879/4736 2276/4877/4734 2275/4880/4737
f 2355/4879/4736 2275/4880/4737 2356/4881/4738
f 2356/4881/4738 2275/4880/4737 2274/4882/4739
f 2356/4881/4738 2274/4882/4739 2357/4883/4740
f 2357/4883/4740 2274/4882/4739 2358/4884/4741
f 2358/4884/4741 2274/4882/4739 2273/4885/4742
f 2358/4884/4741 2273/4885/4742 2359/4886/4743
f 2359/4886/4743 2273/4885/4742 2360/4887/4744
f 2360/4887/4744 2273/4885/4742 2272/4888/4745
f 2360/4887/4744 2272/4888/4745 2361/4889/4746
f 2361/4889/4746 2272/4888/4745 2362/4890/4747
f 2362/4890/4747 2272/4888/4745 2271/4891/4748
f 2362/4890/4747 2271/4891/4748 2363/4892/4749
f 2363/4892/4749 2271/4891/4748 2270/4893/4750
f 2363/4892/4749 2270/4893/4750 2364/4894/4751
f 2364/4894/4751 2270/4893/4750 2365/4895/4752
f 2365/4895/4752 2270/4893/4750 2269/4896/4753
f 2365/4895/4752 2269/4896/4753 2366/4897/4754
f 2366/4897/4754 2269/4896/4753 2367/4898/4755
f 2367/4898/4755 2269/4896/4753 2268/4899/4756
f 2367/4898/4755 2268/4899/4756 2368/4900/4757
f 2368/4900/4757 2268/4899/4756 2369/4901/4758
f 2369/4901/4758 2268/4899/4756 2267/4902/4759
f 2369/4901/4758 2267/4902/4759 2370/4903/4760
f 2370/4903/4760 2267/4902/4759 2266/4904/4761
f 2370/4903/4760 2266/4904/4761 2371/4905/4762
f 2371/4905/4762 2266/4904/4761 2372/4844/4701
f 2372/4844/4701 2266/4904/4761 2265/4842/4699
g Cuerpo2

v -0.750000 1.990000 -2.500000
v -0.738606 1.859764 -2.500000
v -0.704769 1.733485 -2.500000
v -0.649519 1.615000 -2.500000
v -0.574533 1.507909 -2.500000
v -0.482091 1.415467 -2.500000
v -0.375000 1.340481 -2.500000
v -0.256515 1.285231 -2.500000
v -0.130236 1.251394 -2.500000
v 0.000000 1.240000 -2.500000
v 0.130236 1.251394 -2.500000
v 0.256515 1.285231 -2.500000
v 0.375000 1.340481 -2.500000
v 0.482091 1.415467 -2.500000
v 0.574533 1.507909 -2.500000
v 0.649519 1.615000 -2.500000
v 0.704769 1.733485 -2.500000
v 0.738606 1.859764 -2.500000
v 0.750000 1.990000 -2.500000
v 0.738606 2.120236 -2.500000
v 0.704769 2.246515 -2.500000
v 0.649519 2.365000 -2.500000
v 0.574533 2.472091 -2.500000
v 0.482091 2.564533 -2.500000
v 0.375000 2.639519 -2.500000
v 0.256515 2.694769 -2.500000
v 0.130236 2.728606 -2.500000
v 0.000000 2.740000 -2.500000
v -0.130236 2.728606 -2.500000
v -0.256515 2.694769 -2.500000
v -0.375000 2.639519 -2.500000
v -0.482091 2.564533 -2.500000
v -0.574533 2.472091 -2.500000
v -0.649519 2.365000 -2.500000
v -0.704769 2.246515 -2.500000
v -0.738606 2.120236 -2.500000
v -0.750000 1.990000 -3.050000
v -0.738606 2.120236 -3.050000
v -0.704769 2.246515 -3.050000
v -0.649519 2.365000 -3.050000
v -0.574533 2.472091 -3.050000
v -0.482091 2.564533 -3.050000
v -0.375000 2.639519 -3.050000
v -0.256515 2.694769 -3.050000
v -0.130236 2.728606 -3.050000
v 0.000000 2.740000 -3.050000
v 0.130236 2.728606 -3.050000
v 0.256515 2.694769 -3.050000
v 0.375000 2.639519 -3.050000
v 0.482091 2.564533 -3.050000
v 0.574533 2.472091 -3.050000
v 0.649519 2.365000 -3.050000
v 0.704769 2.246515 -3.050000
v 0.738606 2.120236 -3.050000
v 0.750000 1.990000 -3.050000
v 0.738606 1.859764 -3.050000
v 0.704769 1.733485 -3.050000
v 0.649519 1.615000 -3.050000
v 0.574533 1.507909 -3.050000
v 0.482091 1.415467 -3.050000
v 0.375000 1.340481 -3.050000
v 0.256515 1.285231 -3.050000
v 0.130236 1.251394 -3.050000
v 0.000000 1.240000 -3.050000
v -0.130236 1.251394 -3.050000
v -0.256515 1.285231 -3.050000
v -0.375000 1.340481 -3.050000
v -0.482091 1.415467 -3.050000
v -0.574533 1.507909 -3.050000
v -0.649519 1.615000 -3.050000
v -0.704769 1.733485 -3.050000
v -0.738606 1.859764 -3.050000
v 0.670000 2.760000 -2.500000
v 0.673407 2.734118 -2.500000
v 0.683397 2.710000 -2.500000
v 0.699289 2.689289 -2.500000
v 0.720000 2.673397 -2.500000
v 0.744118 2.663407 -2.500000
v 0.770000 2.660000 -2.500000
v 0.795882 2.663407 -2.500000
v 0.820000 2.673397 -2.500000
v 0.840711 2.689289 -2.500000
v 0.856603 2.710000 -2.500000
v 0.866593 2.734118 -2.500000
v 0.870000 2.760000 -2.500000
v 0.866593 2.785882 -2.500000
v 0.856603 2.810000 -2.500000
v 0.840711 2.830711 -2.500000
v 0.820000 2.846603 -2.500000
v 0.795882 2.856593 -2.500000
v 0.770000 2.860000 -2.500000
v 0.744118 2.856593 -2.500000
v 0.720000 2.846603 -2.500000
v 0.699289 2.830711 -2.500000
v 0.683397 2.810000 -2.500000
v 0.673407 2.785882 -2.500000
v 0.670000 2.760000 -3.050000
v 0.673407 2.785882 -3.050000
v 0.683397 2.810000 -3.050000
v 0.699289 2.830711 -3.050000
v 0.720000 2.846603 -3.050000
v 0.744118 2.856593 -3.050000
v 0.770000 2.860000 -3.050000
v 0.795882 2.856593 -3.050000
v 0.820000 2.846603 -3.050000
v 0.840711 2.830711 -3.050000
v 0.856603 2.810000 -3.050000
v 0.866593 2.785882 -3.050000
v 0.870000 2.760000 -3.050000
v 0.866593 2.734118 -3.050000
v 0.856603 2.710000 -3.050000
v 0.840711 2.689289 -3.050000
v 0.820000 2.673397 -3.050000
v 0.795882 2.663407 -3.050000
v 0.770000 2.660000 -3.050000
v 0.744118 2.663407 -3.050000
v 0.720000 2.673397 -3.050000
v 0.699289 2.689289 -3.050000
v 0.683397 2.710000 -3.050000
v 0.673407 2.734118 -3.050000
v 0.670000 1.220000 -2.500000
v 0.673407 1.194118 -2.500000
v 0.683397 1.170000 -2.500000
v 0.699289 1.149289 -2.500000
v 0.720000 1.133397 -2.500000
v 0.744118 1.123407 -2.500000
v 0.770000 1.120000 -2.500000
v 0.795882 1.123407 -2.500000
v 0.820000 1.133397 -2.500000
v 0.840711 1.149289 -2.500000
v 0.856603 1.170000 -2.500000
v 0.866593 1.194118 -2.500000
v 0.870000 1.220000 -2.500000
v 0.866593 1.245882 -2.500000
v 0.856603 1.270000 -2.500000
v 0.840711 1.290711 -2.500000
v 0.820000 1.306603 -2.500000
v 0.795882 1.316593 -2.500000
v 0.770000 1.320000 -2.500000
v 0.744118 1.316593 -2.500000
v 0.720000 1.306603 -2.500000
v 0.699289 1.290711 -2.500000
v 0.683397 1.270000 -2.500000
v 0.673407 1.245882 -2.500000
v 0.670000 1.220000 -3.050000
v 0.673407 1.245882 -3.050000
v 0.683397 1.270000 -3.050000
v 0.699289 1.290711 -3.050000
v 0.720000 1.306603 -3.050000
v 0.744118 1.316593 -3.050000
v 0.770000 1.320000 -3.050000
v 0.795882 1.316593 -3.050000
v 0.820000 1.306603 -3.050000
v 0.840711 1.290711 -3.050000
v 0.856603 1.270000 -3.050000
v 0.866593 1.245882 -3.050000
v 0.870000 1.220000 -3.050000
v 0.866593 1.194118 -3.050000
v 0.856603 1.170000 -3.050000
v 0.840711 1.149289 -3.050000
v 0.820000 1.133397 -3.050000
v 0.795882 1.123407 -3.050000
v 0.770000 1.120000 -3.050000
v 0.744118 1.123407 -3.050000
v 0.720000 1.133397 -3.050000
v 0.699289 1.149289 -3.050000
v 0.683397 1.170000 -3.050000
v 0.673407 1.194118 -3.050000
v -0.870000 1.220000 -2.500000
v -0.866593 1.194118 -2.500000
v -0.856603 1.170000 -2.500000
v -0.840711 1.149289 -2.500000
v -0.820000 1.133397 -2.500000
v -0.795882 1.123407 -2.500000
v -0.770000 1.120000 -2.500000
v -0.744118 1.123407 -2.500000
v -0.720000 1.133397 -2.500000
v -0.699289 1.149289 -2.500000
v -0.683397 1.170000 -2.500000
v -0.673407 1.194118 -2.500000
v -0.670000 1.220000 -2.500000
v -0.673407 1.245882 -2.500000
v -0.683397 1.270000 -2.500000
v -0.699289 1.290711 -2.500000
v -0.720000 1.306603 -2.500000
v -0.744118 1.316593 -2.500000
v -0.770000 1.320000 -2.500000
v -0.795882 1.316593 -2.500000
v -0.820000 1.306603 -2.500000
v -0.840711 1.290711 -2.500000
v -0.856603 1.270000 -2.500000
v -0.866593 1.245882 -2.500000
v -0.870000 1.220000 -3.050000
v -0.866593 1.245882 -3.050000
v -0.856603 1.270000 -3.050000
v -0.840711 1.290711 -3.050000
v -0.820000 1.306603 -3.050000
v -0.795882 1.316593 -3.050000
v -0.770000 1.320000 -3.050000
v -0.744118 1.316593 -3.050000
v -0.720000 1.306603 -3.050000
v -0.699289 1.290711 -3.050000
v -0.683397 1.270000 -3.050000
v -0.673407 1.245882 -3.050000
v -0.670000 1.220000 -3.050000
v -0.673407 1.194118 -3.050000
v -0.683397 1.170000 -3.050000
v -0.699289 1.149289 -3.050000
v -0.720000 1.133397 -3.050000
v -0.744118 1.123407 -3.050000
v -0.770000 1.120000 -3.050000
v -0.795882 1.123407 -3.050000
v -0.820000 1.133397 -3.050000
v -0.840711 1.149289 -3.050000
v -0.856603 1.170000 -3.050000
v -0.866593 1.194118 -3.050000
v -0.870000 2.760000 -2.500000
v -0.866593 2.734118 -2.500000
v -0.856603 2.710000 -2.500000
v -0.840711 2.689289 -2.500000
v -0.820000 2.673397 -2.500000
v -0.795882 2.663407 -2.500000
v -0.770000 2.660000 -2.500000
v -0.744118 2.663407 -2.500000
v -0.720000 2.673397 -2.500000
v -0.699289 2.689289 -2.500000
v -0.683397 2.710000 -2.500000
v -0.673407 2.734118 -2.500000
v -0.670000 2.760000 -2.500000
v -0.673407 2.785882 -2.500000
v -0.683397 2.810000 -2.500000
v -0.699289 2.830711 -2.500000
v -0.720000 2.846603 -2.500000
v -0.744118 2.856593 -2.500000
v -0.770000 2.860000 -2.500000
v -0.795882 2.856593 -2.500000
v -0.820000 2.846603 -2.500000
v -0.840711 2.830711 -2.500000
v -0.856603 2.810000 -2.500000
v -0.866593 2.785882 -2.500000
v -0.870000 2.760000 -3.050000
v -0.866593 2.785882 -3.050000
v -0.856603 2.810000 -3.050000
v -0.840711 2.830711 -3.050000
v -0.820000 2.846603 -3.050000
v -0.795882 2.856593 -3.050000
v -0.770000 2.860000 -3.050000
v -0.744118 2.856593 -3.050000
v -0.720000 2.846603 -3.050000
v -0.699289 2.830711 -3.050000
v -0.683397 2.810000 -3.050000
v -0.673407 2.785882 -3.050000
v -0.670000 2.760000 -3.050000
v -0.673407 2.734118 -3.050000
v -0.683397 2.710000 -3.050000
v -0.699289 2.689289 -3.050000
v -0.720000 2.673397 -3.050000
v -0.744118 2.663407 -3.050000
v -0.770000 2.660000 -3.050000
v -0.795882 2.663407 -3.050000
v -0.820000 2.673397 -3.050000
v -0.840711 2.689289 -3.050000
v -0.856603 2.710000 -3.050000
v -0.866593 2.734118 -3.050000
v 1.000000 1.190000 -3.050000
v 1.000000 2.790000 -3.050000
v 1.000000 2.790000 -2.500000
v 1.000000 1.190000 -2.500000
v 0.800000 0.990000 -3.050000
v 0.851764 0.996815 -3.050000
v 0.900000 1.016795 -3.050000
v 0.941421 1.048579 -3.050000
v 0.973205 1.090000 -3.050000
v 0.993185 1.138236 -3.050000
v 0.993185 1.138236 -2.500000
v 0.973205 1.090000 -2.500000
v 0.941421 1.048579 -2.500000
v 0.900000 1.016795 -2.500000
v 0.851764 0.996815 -2.500000
v 0.800000 0.990000 -2.500000
v -0.800000 0.990000 -3.050000
v -0.800000 0.990000 -2.500000
v -1.000000 1.190000 -3.050000
v -0.993185 1.138236 -3.050000
v -0.973205 1.090000 -3.050000
v -0.941421 1.048579 -3.050000
v -0.900000 1.016795 -3.050000
v -0.851764 0.996815 -3.050000
v -0.851764 0.996815 -2.500000
v -0.900000 1.016795 -2.500000
v -0.941421 1.048579 -2.500000
v -0.973205 1.090000 -2.500000
v -0.993185 1.138236 -2.500000
v -1.000000 1.190000 -2.500000
v -1.000000 2.790000 -3.050000
v -1.000000 2.790000 -2.500000
v -0.800000 2.990000 -3.050000
v -0.851764 2.983185 -3.050000
v -0.900000 2.963205 -3.050000
v -0.941421 2.931421 -3.050000
v -0.973205 2.890000 -3.050000
v -0.993185 2.841764 -3.050000
v -0.993185 2.841764 -2.500000
v -0.973205 2.890000 -2.500000
v -0.941421 2.931421 -2.500000
v -0.900000 2.963205 -2.500000
v -0.851764 2.983185 -2.500000
v -0.800000 2.990000 -2.500000
v 0.800000 2.990000 -3.050000
v 0.800000 2.990000 -2.500000
v 0.993185 2.841764 -3.050000
v 0.973205 2.890000 -3.050000
v 0.941421 2.931421 -3.050000
v 0.900000 2.963205 -3.050000
v 0.851764 2.983185 -3.050000
v 0.851764 2.983185 -2.500000
v 0.900000 2.963205 -2.500000
v 0.941421 2.931421 -2.500000
v 0.973205 2.890000 -2.500000
v 0.993185 2.841764 -2.500000
vt 0.550000 -2.225295 0.000000
vt 0.000000 -2.225295 0.000000
vt 0.550000 -2.356194 0.000000
vt -0.000000 -2.356194 0.000000
vt 0.550000 2.356194 0.000000
vt -0.000000 2.356194 0.000000
vt 0.550000 2.225295 0.000000
vt -0.000000 2.225295 0.000000
vt 0.550000 2.094395 0.000000
vt -0.000000 2.094395 0.000000
vt 0.550000 1.963495 0.000000
vt -0.000000 1.963495 0.000000
vt 0.550000 1.832596 0.000000
vt -0.000000 1.832596 0.000000
vt 0.550000 1.701696 0.000000
vt -0.000000 1.701696 0.000000
vt 0.550000 1.570796 0.000000
vt -0.000000 1.570796 0.000000
vt 0.550000 1.439897 0.000000
vt -0.000000 1.439897 0.000000
vt 0.550000 1.308997 0.000000
vt -0.000000 1.308997 0.000000
vt 0.550000 1.178097 0.000000
vt 0.000000 1.178097 0.000000
vt 0.550000 1.047198 0.000000
vt 0.000000 1.047198 0.000000
vt 0.550000 0.916298 0.000000
vt -0.000000 0.916298 0.000000
vt 0.550000 0.785398 0.000000
vt 0.000000 0.785398 0.000000
vt 0.550000 0.654498 0.000000
vt 0.000000 0.654498 0.000000
vt 0.550000 0.523599 0.000000
vt -0.000000 0.523599 0.000000
vt 0.550000 0.392699 0.000000
vt 0.000000 0.392699 0.000000
vt 0.550000 0.261799 0.000000
vt 0.000000 0.261799 0.000000
vt 0.550000 0.130900 0.000000
vt 0.000000 0.130900 0.000000
vt 0.550000 0.000000 0.000000
vt 0.000000 0.000000 0.000000
vt 0.550000 -0.130900 0.000000
vt 0.000000 -0.130900 0.000000
vt 0.550000 -0.261799 0.000000
vt 0.000000 -0.261799 0.000000
vt 0.550000 -0.392699 0.000000
vt 0.000000 -0.392699 0.000000
vt 0.550000 -0.523599 0.000000
vt -0.000000 -0.523599 0.000000
vt 0.550000 -0.654498 0.000000
vt 0.000000 -0.654498 0.000000
vt 0.550000 -0.785398 0.000000
vt 0.000000 -0.785398 0.000000
vt 0.550000 -0.916298 0.000000
vt 0.000000 -0.916298 0.000000
vt 0.550000 -1.047198 0.000000
vt 0.000000 -1.047198 0.000000
vt 0.550000 -1.178097 0.000000
vt 0.000000 -1.178097 0.000000
vt 0.550000 -1.308997 0.000000
vt 0.000000 -1.308997 0.000000
vt 0.550000 -1.439897 0.000000
vt 0.000000 -1.439897 0.000000
vt 0.550000 -1.570796 0.000000
vt -0.000000 -1.570796 0.000000
vt 0.550000 -1.701696 0.000000
vt -0.000000 -1.701696 0.000000
vt 0.550000 -1.832596 0.000000
vt 0.000000 -1.832596 0.000000
vt 0.550000 -1.963495 0.000000
vt 0.000000 -1.963495 0.000000
vt 0.550000 -2.094395 0.000000
vt 0.000000 -2.094395 0.000000
vt 0.550000 -0.287979 0.000000
vt 0.000000 -0.287979 0.000000
vt 0.550000 -0.314159 0.000000
vt 0.000000 -0.314159 0.000000
vt 0.550000 0.314159 0.000000
vt 0.000000 0.314159 0.000000
vt 0.550000 0.287979 0.000000
vt -0.000000 0.287979 0.000000
vt 0.550000 0.261799 0.000000
vt -0.000000 0.261799 0.000000
vt 0.550000 0.235619 0.000000
vt -0.000000 0.235619 0.000000
vt 0.550000 0.209440 0.000000
vt -0.000000 0.209440 0.000000
vt 0.550000 0.183260 0.000000
vt -0.000000 0.183260 0.000000
vt 0.550000 0.157080 0.000000
vt 0.000000 0.157080 0.000000
vt 0.550000 0.130900 0.000000
vt -0.000000 0.130900 0.000000
vt 0.550000 0.104720 0.000000
vt -0.000000 0.104720 0.000000
vt 0.550000 0.078540 0.000000
vt -0.000000 0.078540 0.000000
vt 0.550000 0.052360 0.000000
vt -0.000000 0.052360 0.000000
vt 0.550000 0.026180 0.000000
vt 0.000000 0.026180 0.000000
vt 0.550000 0.000000 0.000000
vt 0.000000 0.000000 0.000000
vt 0.550000 -0.026180 0.000000
vt 0.000000 -0.026180 0.000000
vt 0.550000 -0.052360 0.000000
vt -0.000000 -0.052360 0.000000
vt 0.550000 -0.078540 0.000000
vt -0.000000 -0.078540 0.000000
vt 0.550000 -0.104720 0.000000
vt -0.000000 -0.104720 0.000000
vt 0.550000 -0.130900 0.000000
vt 0.000000 -0.130900 0.000000
vt 0.550000 -0.157080 0.000000
vt 0.000000 -0.157080 0.000000
vt 0.550000 -0.183260 0.000000
vt 0.000000 -0.183260 0.000000
vt 0.550000 -0.209440 0.000000
vt -0.000000 -0.209440 0.000000
vt 0.550000 -0.235619 0.000000
vt -0.000000 -0.235619 0.000000
vt 0.550000 -0.261799 0.000000
vt -0.000000 -0.261799 0.000000
vt 0.550000 -0.287979 0.000000
vt 0.000000 -0.287979 0.000000
vt 0.550000 -0.314159 0.000000
vt 0.000000 -0.314159 0.000000
vt 0.550000 0.314159 0.000000
vt 0.000000 0.314159 0.000000
vt 0.550000 0.287979 0.000000
vt -0.000000 0.287979 0.000000
vt 0.550000 0.261799 0.000000
vt -0.000000 0.261799 0.000000
vt 0.550000 0.235619 0.000000
vt -0.000000 0.235619 0.000000
vt 0.550000 0.209440 0.000000
vt -0.000000 0.209440 0.000000
vt 0.550000 0.183260 0.000000
vt -0.000000 0.183260 0.000000
vt 0.550000 0.157080 0.000000
vt 0.000000 0.157080 0.000000
vt 0.550000 0.130900 0.000000
vt -0.000000 0.130900 0.000000
vt 0.550000 0.104720 0.000000
vt -0.000000 0.104720 0.000000
vt 0.550000 0.078540 0.000000
vt 0.000000 0.078540 0.000000
vt 0.550000 0.052360 0.000000
vt 0.000000 0.052360 0.000000
vt 0.550000 0.026180 0.000000
vt 0.000000 0.026180 0.000000
vt 0.550000 0.000000 0.000000
vt 0.000000 0.000000 0.000000
vt 0.550000 -0.026180 0.000000
vt 0.000000 -0.026180 0.000000
vt 0.550000 -0.052360 0.000000
vt -0.000000 -0.052360 0.000000
vt 0.550000 -0.078540 0.000000
vt 0.000000 -0.078540 0.000000
vt 0.550000 -0.104720 0.000000
vt 0.000000 -0.104720 0.000000
vt 0.550000 -0.130900 0.000000
vt 0.000000 -0.130900 0.000000
vt 0.550000 -0.157080 0.000000
vt 0.000000 -0.157080 0.000000
vt 0.550000 -0.183260 0.000000
vt 0.000000 -0.183260 0.000000
vt 0.550000 -0.209440 0.000000
vt -0.000000 -0.209440 0.000000
vt 0.550000 -0.235619 0.000000
vt 0.000000 -0.235619 0.000000
vt 0.550000 -0.261799 0.000000
vt 0.000000 -0.261799 0.000000
vt 0.550000 -0.287979 0.000000
vt 0.000000 -0.287979 0.000000
vt 0.550000 -0.314159 0.000000
vt 0.000000 -0.314159 0.000000
vt 0.550000 0.314159 0.000000
vt 0.000000 0.314159 0.000000
vt 0.550000 0.287979 0.000000
vt -0.000000 0.287979 0.000000
vt 0.550000 0.261799 0.000000
vt -0.000000 0.261799 0.000000
vt 0.550000 0.235619 0.000000
vt -0.000000 0.235619 0.000000
vt 0.550000 0.209440 0.000000
vt -0.000000 0.209440 0.000000
vt 0.550000 0.183260 0.000000
vt -0.000000 0.183260 0.000000
vt 0.550000 0.157080 0.000000
vt 0.000000 0.157080 0.000000
vt 0.550000 0.130900 0.000000
vt -0.000000 0.130900 0.000000
vt 0.550000 0.104720 0.000000
vt -0.000000 0.104720 0.000000
vt 0.550000 0.078540 0.000000
vt 0.000000 0.078540 0.000000
vt 0.550000 0.052360 0.000000
vt 0.000000 0.052360 0.000000
vt 0.550000 0.026180 0.000000
vt 0.000000 0.026180 0.000000
vt 0.550000 0.000000 0.000000
vt 0.000000 0.000000 0.000000
vt 0.550000 -0.026180 0.000000
vt 0.000000 -0.026180 0.000000
vt 0.550000 -0.052360 0.000000
vt -0.000000 -0.052360 0.000000
vt 0.550000 -0.078540 0.000000
vt 0.000000 -0.078540 0.000000
vt 0.550000 -0.104720 0.000000
vt 0.000000 -0.104720 0.000000
vt 0.550000 -0.130900 0.000000
vt 0.000000 -0.130900 0.000000
vt 0.550000 -0.157080 0.000000
vt 0.000000 -0.157080 0.000000
vt 0.550000 -0.183260 0.000000
vt 0.000000 -0.183260 0.000000
vt 0.550000 -0.209440 0.000000
vt -0.000000 -0.209440 0.000000
vt 0.550000 -0.235619 0.000000
vt 0.000000 -0.235619 0.000000
vt 0.550000 -0.261799 0.000000
vt 0.000000 -0.261799 0.000000
vt 0.550000 -0.287979 0.000000
vt 0.000000 -0.287979 0.000000
vt 0.550000 -0.314159 0.000000
vt 0.000000 -0.314159 0.000000
vt 0.550000 0.314159 0.000000
vt 0.000000 0.314159 0.000000
vt 0.550000 0.287979 0.000000
vt -0.000000 0.287979 0.000000
vt 0.550000 0.261799 0.000000
vt -0.000000 0.261799 0.000000
vt 0.550000 0.235619 0.000000
vt -0.000000 0.235619 0.000000
vt 0.550000 0.209440 0.000000
vt -0.000000 0.209440 0.000000
vt 0.550000 0.183260 0.000000
vt -0.000000 0.183260 0.000000
vt 0.550000 0.157080 0.000000
vt 0.000000 0.157080 0.000000
vt 0.550000 0.130900 0.000000
vt -0.000000 0.130900 0.000000
vt 0.550000 0.104720 0.000000
vt -0.000000 0.104720 0.000000
vt 0.550000 0.078540 0.000000
vt 0.000000 0.078540 0.000000
vt 0.550000 0.052360 0.000000
vt 0.000000 0.052360 0.000000
vt 0.550000 0.026180 0.000000
vt 0.000000 0.026180 0.000000
vt 0.550000 0.000000 0.000000
vt 0.000000 0.000000 0.000000
vt 0.550000 -0.026180 0.000000
vt 0.000000 -0.026180 0.000000
vt 0.550000 -0.052360 0.000000
vt -0.000000 -0.052360 0.000000
vt 0.550000 -0.078540 0.000000
vt 0.000000 -0.078540 0.000000
vt 0.550000 -0.104720 0.000000
vt 0.000000 -0.104720 0.000000
vt 0.550000 -0.130900 0.000000
vt 0.000000 -0.130900 0.000000
vt 0.550000 -0.157080 0.000000
vt 0.000000 -0.157080 0.000000
vt 0.550000 -0.183260 0.000000
vt 0.000000 -0.183260 0.000000
vt 0.550000 -0.209440 0.000000
vt -0.000000 -0.209440 0.000000
vt 0.550000 -0.235619 0.000000
vt 0.000000 -0.235619 0.000000
vt 0.550000 -0.261799 0.000000
vt 0.000000 -0.261799 0.000000
vt 0.000000 0.000000 0.000000
vt 1.600000 0.000000 0.000000
vt 0.000000 0.550000 0.000000
vt 1.600000 0.550000 0.000000
vt -0.550000 -0.314159 0.000000
vt -0.000000 -0.314159 0.000000
vt -0.550000 -0.261799 0.000000
vt -0.000000 -0.261799 0.000000
vt -0.550000 -0.209440 0.000000
vt -0.000000 -0.209440 0.000000
vt -0.550000 -0.157080 0.000000
vt -0.000000 -0.157080 0.000000
vt -0.550000 -0.104720 0.000000
vt -0.000000 -0.104720 0.000000
vt -0.550000 -0.052360 0.000000
vt -0.000000 -0.052360 0.000000
vt -0.550000 0.000000 0.000000
vt -0.000000 0.000000 0.000000
vt 0.000000 0.000000 0.000000
vt 1.600000 0.000000 0.000000
vt 0.000000 0.550000 0.000000
vt 1.600000 0.550000 0.000000
vt -0.550000 -0.314159 0.000000
vt -0.000000 -0.314159 0.000000
vt -0.550000 -0.261799 0.000000
vt -0.000000 -0.261799 0.000000
vt -0.550000 -0.209440 0.000000
vt -0.000000 -0.209440 0.000000
vt -0.550000 -0.157080 0.000000
vt -0.000000 -0.157080 0.000000
vt -0.550000 -0.104720 0.000000
vt -0.000000 -0.104720 0.000000
vt -0.550000 -0.052360 0.000000
vt -0.000000 -0.052360 0.000000
vt -0.550000 0.000000 0.000000
vt -0.000000 0.000000 0.000000
vt 0.000000 0.000000 0.000000
vt 1.600000 0.000000 0.000000
vt 0.000000 0.550000 0.000000
vt 1.600000 0.550000 0.000000
vt -0.550000 -0.314159 0.000000
vt -0.000000 -0.314159 0.000000
vt -0.550000 -0.261799 0.000000
vt 0.000000 -0.261799 0.000000
vt -0.550000 -0.209440 0.000000
vt 0.000000 -0.209440 0.000000
vt -0.550000 -0.157080 0.000000
vt 0.000000 -0.157080 0.000000
vt -0.550000 -0.104720 0.000000
vt 0.000000 -0.104720 0.000000
vt -0.550000 -0.052360 0.000000
vt 0.000000 -0.052360 0.000000
vt -0.550000 0.000000 0.000000
vt -0.000000 0.000000 0.000000
vt 0.000000 0.000000 0.000000
vt 1.600000 0.000000 0.000000
vt 0.000000 0.550000 0.000000
vt 1.600000 0.550000 0.000000
vt -0.550000 -0.314159 0.000000
vt -0.000000 -0.314159 0.000000
vt -0.550000 -0.261799 0.000000
vt -0.000000 -0.261799 0.000000
vt -0.550000 -0.209440 0.000000
vt -0.000000 -0.209440 0.000000
vt -0.550000 -0.157080 0.000000
vt -0.000000 -0.157080 0.000000
vt -0.550000 -0.104720 0.000000
vt -0.000000 -0.104720 0.000000
vt -0.550000 -0.052360 0.000000
vt -0.000000 -0.052360 0.000000
vt -0.550000 0.000000 0.000000
vt -0.000000 0.000000 0.000000
vt -0.866593 -0.795882 0.000000
vt -0.870000 -0.770000 0.000000
vt -1.000000 -0.800000 0.000000
vt -0.866593 -0.744118 0.000000
vt -0.856603 -0.720000 0.000000
vt -0.840711 -0.699289 0.000000
vt -0.704769 -0.256515 0.000000
vt -0.738606 -0.130236 0.000000
vt -0.820000 -0.683397 0.000000
vt -0.649519 -0.375000 0.000000
vt -0.795882 -0.673407 0.000000
vt -0.770000 -0.670000 0.000000
vt -0.744118 -0.673407 0.000000
vt -0.574533 -0.482091 0.000000
vt -0.720000 -0.683397 0.000000
vt -0.699289 -0.699289 0.000000
vt -0.482091 -0.574533 0.000000
vt -0.683397 -0.720000 0.000000
vt -0.673407 -0.744118 0.000000
vt -0.375000 -0.649519 0.000000
vt -0.670000 -0.770000 0.000000
vt -0.673407 -0.795882 0.000000
vt -0.683397 -0.820000 0.000000
vt -0.256515 -0.704769 0.000000
vt -0.699289 -0.840711 0.000000
vt -0.800000 -1.000000 0.000000
vt -0.720000 -0.856603 0.000000
vt -0.744118 -0.866593 0.000000
vt -0.770000 -0.870000 0.000000
vt -0.795882 -0.866593 0.000000
vt -0.851764 -0.993185 0.000000
vt -0.820000 -0.856603 0.000000
vt -0.900000 -0.973205 0.000000
vt -0.840711 -0.840711 0.000000
vt -0.941421 -0.941421 0.000000
vt -0.973205 -0.900000 0.000000
vt -0.856603 -0.820000 0.000000
vt -0.993185 -0.851764 0.000000
vt -0.866593 0.744118 0.000000
vt -0.870000 0.770000 0.000000
vt -1.000000 0.800000 0.000000
vt -0.866593 0.795882 0.000000
vt -0.993185 0.851764 0.000000
vt -0.856603 0.820000 0.000000
vt -0.973205 0.900000 0.000000
vt -0.840711 0.840711 0.000000
vt -0.941421 0.941421 0.000000
vt -0.900000 0.973205 0.000000
vt -0.820000 0.856603 0.000000
vt -0.851764 0.993185 0.000000
vt -0.795882 0.866593 0.000000
vt -0.800000 1.000000 0.000000
vt -0.770000 0.870000 0.000000
vt -0.744118 0.866593 0.000000
vt -0.720000 0.856603 0.000000
vt -0.699289 0.840711 0.000000
vt -0.256515 0.704769 0.000000
vt -0.683397 0.820000 0.000000
vt -0.375000 0.649519 0.000000
vt -0.673407 0.795882 0.000000
vt -0.670000 0.770000 0.000000
vt -0.673407 0.744118 0.000000
vt -0.482091 0.574533 0.000000
vt -0.683397 0.720000 0.000000
vt -0.699289 0.699289 0.000000
vt -0.574533 0.482091 0.000000
vt -0.720000 0.683397 0.000000
vt -0.744118 0.673407 0.000000
vt -0.649519 0.375000 0.000000
vt -0.770000 0.670000 0.000000
vt -0.795882 0.673407 0.000000
vt -0.820000 0.683397 0.000000
vt -0.704769 0.256515 0.000000
vt -0.840711 0.699289 0.000000
vt -0.856603 0.720000 0.000000
vt 0.673407 0.744118 0.000000
vt 0.670000 0.770000 0.000000
vt 0.375000 0.649519 0.000000
vt 0.673407 0.795882 0.000000
vt 0.683397 0.820000 0.000000
vt 0.256515 0.704769 0.000000
vt 0.699289 0.840711 0.000000
vt 0.800000 1.000000 0.000000
vt 0.720000 0.856603 0.000000
vt 0.744118 0.866593 0.000000
vt 0.770000 0.870000 0.000000
vt 0.795882 0.866593 0.000000
vt 0.851764 0.993185 0.000000
vt 0.820000 0.856603 0.000000
vt 0.900000 0.973205 0.000000
vt 0.840711 0.840711 0.000000
vt 0.941421 0.941421 0.000000
vt 0.973205 0.900000 0.000000
vt 0.856603 0.820000 0.000000
vt 0.993185 0.851764 0.000000
vt 0.866593 0.795882 0.000000
vt 1.000000 0.800000 0.000000
vt 0.870000 0.770000 0.000000
vt 0.866593 0.744118 0.000000
vt 0.856603 0.720000 0.000000
vt 0.840711 0.699289 0.000000
vt 0.704769 0.256515 0.000000
vt 0.820000 0.683397 0.000000
vt 0.649519 0.375000 0.000000
vt 0.795882 0.673407 0.000000
vt 0.770000 0.670000 0.000000
vt 0.744118 0.673407 0.000000
vt 0.574533 0.482091 0.000000
vt 0.720000 0.683397 0.000000
vt 0.699289 0.699289 0.000000
vt 0.482091 0.574533 0.000000
vt 0.683397 0.720000 0.000000
vt 0.673407 -0.795882 0.000000
vt 0.670000 -0.770000 0.000000
vt 0.375000 -0.649519 0.000000
vt 0.673407 -0.744118 0.000000
vt 0.482091 -0.574533 0.000000
vt 0.683397 -0.720000 0.000000
vt 0.699289 -0.699289 0.000000
vt 0.574533 -0.482091 0.000000
vt 0.720000 -0.683397 0.000000
vt 0.744118 -0.673407 0.000000
vt 0.649519 -0.375000 0.000000
vt 0.770000 -0.670000 0.000000
vt 0.795882 -0.673407 0.000000
vt 0.820000 -0.683397 0.000000
vt 0.704769 -0.256515 0.000000
vt 0.840711 -0.699289 0.000000
vt 1.000000 -0.800000 0.000000
vt 0.856603 -0.720000 0.000000
vt 0.866593 -0.744118 0.000000
vt 0.870000 -0.770000 0.000000
vt 0.866593 -0.795882 0.000000
vt 0.993185 -0.851764 0.000000
vt 0.856603 -0.820000 0.000000
vt 0.973205 -0.900000 0.000000
vt 0.840711 -0.840711 0.000000
vt 0.941421 -0.941421 0.000000
vt 0.900000 -0.973205 0.000000
vt 0.820000 -0.856603 0.000000
vt 0.851764 -0.993185 0.000000
vt 0.795882 -0.866593 0.000000
vt 0.800000 -1.000000 0.000000
vt 0.770000 -0.870000 0.000000
vt 0.744118 -0.866593 0.000000
vt 0.720000 -0.856603 0.000000
vt 0.699289 -0.840711 0.000000
vt 0.256515 -0.704769 0.000000
vt 0.683397 -0.820000 0.000000
vt -0.738606 0.130236 0.000000
vt -0.750000 -0.000000 0.000000
vt -0.130236 0.738606 0.000000
vt 0.000000 0.750000 0.000000
vt 0.130236 0.738606 0.000000
vt 0.738606 0.130236 0.000000
vt 0.750000 0.000000 0.000000
vt 0.738606 -0.130236 0.000000
vt 0.130236 -0.738606 0.000000
vt 0.000000 -0.750000 0.000000
vt -0.130236 -0.738606 0.000000
vt 0.866593 -0.744118 0.000000
vt 0.870000 -0.770000 0.000000
vt 1.000000 -0.800000 0.000000
vt 0.866593 -0.795882 0.000000
vt 0.993185 -0.851764 0.000000
vt 0.856603 -0.820000 0.000000
vt 0.973205 -0.900000 0.000000
vt 0.840711 -0.840711 0.000000
vt 0.941421 -0.941421 0.000000
vt 0.900000 -0.973205 0.000000
vt 0.820000 -0.856603 0.000000
vt 0.851764 -0.993185 0.000000
vt 0.795882 -0.866593 0.000000
vt 0.800000 -1.000000 0.000000
vt 0.770000 -0.870000 0.000000
vt 0.744118 -0.866593 0.000000
vt 0.720000 -0.856603 0.000000
vt 0.699289 -0.840711 0.000000
vt 0.256515 -0.704769 0.000000
vt 0.683397 -0.820000 0.000000
vt 0.375000 -0.649519 0.000000
vt 0.673407 -0.795882 0.000000
vt 0.670000 -0.770000 0.000000
vt 0.673407 -0.744118 0.000000
vt 0.482091 -0.574533 0.000000
vt 0.683397 -0.720000 0.000000
vt 0.699289 -0.699289 0.000000
vt 0.574533 -0.482091 0.000000
vt 0.720000 -0.683397 0.000000
vt 0.744118 -0.673407 0.000000
vt 0.649519 -0.375000 0.000000
vt 0.770000 -0.670000 0.000000
vt 0.795882 -0.673407 0.000000
vt 0.820000 -0.683397 0.000000
vt 0.704769 -0.256515 0.000000
vt 0.840711 -0.699289 0.000000
vt 0.856603 -0.720000 0.000000
vt 0.866593 0.795882 0.000000
vt 0.870000 0.770000 0.000000
vt 1.000000 0.800000 0.000000
vt 0.866593 0.744118 0.000000
vt 0.856603 0.720000 0.000000
vt 0.840711 0.699289 0.000000
vt 0.704769 0.256515 0.000000
vt 0.738606 0.130236 0.000000
vt 0.820000 0.683397 0.000000
vt 0.649519 0.375000 0.000000
vt 0.795882 0.673407 0.000000
vt 0.770000 0.670000 0.000000
vt 0.744118 0.673407 0.000000
vt 0.574533 0.482091 0.000000
vt 0.720000 0.683397 0.000000
vt 0.699289 0.699289 0.000000
vt 0.482091 0.574533 0.000000
vt 0.683397 0.720000 0.000000
vt 0.673407 0.744118 0.000000
vt 0.375000 0.649519 0.000000
vt 0.670000 0.770000 0.000000
vt 0.673407 0.795882 0.000000
vt 0.683397 0.820000 0.000000
vt 0.256515 0.704769 0.000000
vt 0.699289 0.840711 0.000000
vt 0.800000 1.000000 0.000000
vt 0.720000 0.856603 0.000000
vt 0.744118 0.866593 0.000000
vt 0.770000 0.870000 0.000000
vt 0.795882 0.866593 0.000000
vt 0.851764 0.993185 0.000000
vt 0.820000 0.856603 0.000000
vt 0.900000 0.973205 0.000000
vt 0.840711 0.840711 0.000000
vt 0.941421 0.941421 0.000000
vt 0.973205 0.900000 0.000000
vt 0.856603 0.820000 0.000000
vt 0.993185 0.851764 0.000000
vt -0.673407 0.795882 0.000000
vt -0.670000 0.770000 0.000000
vt -0.375000 0.649519 0.000000
vt -0.673407 0.744118 0.000000
vt -0.482091 0.574533 0.000000
vt -0.683397 0.720000 0.000000
vt -0.699289 0.699289 0.000000
vt -0.574533 0.482091 0.000000
vt -0.720000 0.683397 0.000000
vt -0.744118 0.673407 0.000000
vt -0.649519 0.375000 0.000000
vt -0.770000 0.670000 0.000000
vt -0.795882 0.673407 0.000000
vt -0.820000 0.683397 0.000000
vt -0.704769 0.256515 0.000000
vt -0.840711 0.699289 0.000000
vt -1.000000 0.800000 0.000000
vt -0.856603 0.720000 0.000000
vt -0.866593 0.744118 0.000000
vt -0.870000 0.770000 0.000000
vt -0.866593 0.795882 0.000000
vt -0.993185 0.851764 0.000000
vt -0.856603 0.820000 0.000000
vt -0.973205 0.900000 0.000000
vt -0.840711 0.840711 0.000000
vt -0.941421 0.941421 0.000000
vt -0.900000 0.973205 0.000000
vt -0.820000 0.856603 0.000000
vt -0.851764 0.993185 0.000000
vt -0.795882 0.866593 0.000000
vt -0.800000 1.000000 0.000000
vt -0.770000 0.870000 0.000000
vt -0.744118 0.866593 0.000000
vt -0.720000 0.856603 0.000000
vt -0.699289 0.840711 0.000000
vt -0.256515 0.704769 0.000000
vt -0.683397 0.820000 0.000000
vt -0.673407 -0.744118 0.000000
vt -0.670000 -0.770000 0.000000
vt -0.375000 -0.649519 0.000000
vt -0.673407 -0.795882 0.000000
vt -0.683397 -0.820000 0.000000
vt -0.256515 -0.704769 0.000000
vt -0.699289 -0.840711 0.000000
vt -0.800000 -1.000000 0.000000
vt -0.720000 -0.856603 0.000000
vt -0.744118 -0.866593 0.000000
vt -0.770000 -0.870000 0.000000
vt -0.795882 -0.866593 0.000000
vt -0.851764 -0.993185 0.000000
vt -0.820000 -0.856603 0.000000
vt -0.900000 -0.973205 0.000000
vt -0.840711 -0.840711 0.000000
vt -0.941421 -0.941421 0.000000
vt -0.973205 -0.900000 0.000000
vt -0.856603 -0.820000 0.000000
vt -0.993185 -0.851764 0.000000
vt -0.866593 -0.795882 0.000000
vt -1.000000 -0.800000 0.000000
vt -0.870000 -0.770000 0.000000
vt -0.866593 -0.744118 0.000000
vt -0.856603 -0.720000 0.000000
vt -0.840711 -0.699289 0.000000
vt -0.704769 -0.256515 0.000000
vt -0.820000 -0.683397 0.000000
vt -0.649519 -0.375000 0.000000
vt -0.795882 -0.673407 0.000000
vt -0.770000 -0.670000 0.000000
vt -0.744118 -0.673407 0.000000
vt -0.574533 -0.482091 0.000000
vt -0.720000 -0.683397 0.000000
vt -0.699289 -0.699289 0.000000
vt -0.482091 -0.574533 0.000000
vt -0.683397 -0.720000 0.000000
vt 0.738606 -0.130236 0.000000
vt 0.750000 -0.000000 0.000000
vt 0.130236 -0.738606 0.000000
vt -0.000000 -0.750000 0.000000
vt -0.130236 -0.738606 0.000000
vt -0.738606 -0.130236 0.000000
vt -0.750000 0.000000 0.000000
vt -0.738606 0.130236 0.000000
vt -0.130236 0.738606 0.000000
vt -0.000000 0.750000 0.000000
vt 0.130236 0.738606 0.000000
vn 0.984808 0.173648 -0.000000
vn 0.984808 0.173648 -0.000000
vn 1.000000 0.000000 -0.000000
vn 1.000000 0.000000 -0.000000
vn 0.984808 -0.173648 -0.000000
vn 0.984808 -0.173648 -0.000000
vn 0.939693 -0.342020 -0.000000
vn 0.939693 -0.342020 -0.000000
vn 0.866025 -0.500000 -0.000000
vn 0.866025 -0.500000 -0.000000
vn 0.766044 -0.642788 -0.000000
vn 0.766044 -0.642788 -0.000000
vn 0.642788 -0.766044 -0.000000
vn 0.642788 -0.766044 -0.000000
vn 0.500000 -0.866025 -0.000000
vn 0.500000 -0.866025 -0.000000
vn 0.342020 -0.939693 -0.000000
vn 0.342020 -0.939693 -0.000000
vn 0.173648 -0.984808 0.000000
vn 0.173648 -0.984808 0.000000
vn 0.000000 -1.000000 0.000000
vn 0.000000 -1.000000 0.000000
vn -0.173648 -0.984808 0.000000
vn -0.173648 -0.984808 0.000000
vn -0.342020 -0.939693 0.000000
vn -0.342020 -0.939693 0.000000
vn -0.500000 -0.866025 0.000000
vn -0.500000 -0.866025 0.000000
vn -0.642788 -0.766044 0.000000
vn -0.642788 -0.766044 0.000000
vn -0.766044 -0.642788 0.000000
vn -0.766044 -0.642788 0.000000
vn -0.866025 -0.500000 0.000000
vn -0.866025 -0.500000 0.000000
vn -0.939693 -0.342020 0.000000
vn -0.939693 -0.342020 0.000000
vn -0.984808 -0.173648 0.000000
vn -0.984808 -0.173648 0.000000
vn -1.000000 -0.000000 0.000000
vn -1.000000 -0.000000 0.000000
vn -0.984808 0.173648 0.000000
vn -0.984808 0.173648 0.000000
vn -0.939693 0.342020 0.000000
vn -0.939693 0.342020 0.000000
vn -0.866025 0.500000 0.000000
vn -0.866025 0.500000 0.000000
vn -0.766044 0.642788 0.000000
vn -0.766044 0.642788 0.000000
vn -0.642788 0.766044 0.000000
vn -0.642788 0.766044 0.000000
vn -0.500000 0.866025 0.000000
vn -0.500000 0.866025 0.000000
vn -0.342020 0.939693 0.000000
vn -0.342020 0.939693 0.000000
vn -0.173648 0.984808 -0.000000
vn -0.173648 0.984808 -0.000000
vn -0.000000 1.000000 -0.000000
vn -0.000000 1.000000 -0.000000
vn 0.173648 0.984808 -0.000000
vn 0.173648 0.984808 -0.000000
vn 0.342020 0.939693 -0.000000
vn 0.342020 0.939693 -0.000000
vn 0.500000 0.866025 -0.000000
vn 0.500000 0.866025 -0.000000
vn 0.642788 0.766044 -0.000000
vn 0.642788 0.766044 -0.000000
vn 0.766044 0.642788 -0.000000
vn 0.766044 0.642788 -0.000000
vn 0.866025 0.500000 -0.000000
vn 0.866025 0.500000 -0.000000
vn 0.939693 0.342020 -0.000000
vn 0.939693 0.342020 -0.000000
vn 0.965926 0.258819 -0.000000
vn 0.965926 0.258819 -0.000000
vn 1.000000 0.000000 -0.000000
vn 1.000000 0.000000 -0.000000
vn 0.965926 -0.258819 -0.000000
vn 0.965926 -0.258819 -0.000000
vn 0.866025 -0.500000 -0.000000
vn 0.866025 -0.500000 -0.000000
vn 0.707107 -0.707107 -0.000000
vn 0.707107 -0.707107 -0.000000
vn 0.500000 -0.866025 -0.000000
vn 0.500000 -0.866025 -0.000000
vn 0.258819 -0.965926 0.000000
vn 0.258819 -0.965926 0.000000
vn 0.000000 -1.000000 0.000000
vn 0.000000 -1.000000 0.000000
vn -0.258819 -0.965926 0.000000
vn -0.258819 -0.965926 0.000000
vn -0.500000 -0.866025 0.000000
vn -0.500000 -0.866025 0.000000
vn -0.707107 -0.707107 0.000000
vn -0.707107 -0.707107 0.000000
vn -0.866025 -0.500000 0.000000
vn -0.866025 -0.500000 0.000000
vn -0.965926 -0.258819 0.000000
vn -0.965926 -0.258819 0.000000
vn -1.000000 -0.000000 0.000000
vn -1.000000 -0.000000 0.000000
vn -0.965926 0.258819 0.000000
vn -0.965926 0.258819 0.000000
vn -0.866025 0.500000 0.000000
vn -0.866025 0.500000 0.000000
vn -0.707107 0.707107 0.000000
vn -0.707107 0.707107 0.000000
vn -0.500000 0.866025 0.000000
vn -0.500000 0.866025 0.000000
vn -0.258819 0.965926 -0.000000
vn -0.258819 0.965926 -0.000000
vn -0.000000 1.000000 -0.000000
vn -0.000000 1.000000 -0.000000
vn 0.258819 0.965926 -0.000000
vn 0.258819 0.965926 -0.000000
vn 0.500000 0.866025 -0.000000
vn 0.500000 0.866025 -0.000000
vn 0.707107 0.707107 -0.000000
vn 0.707107 0.707107 -0.000000
vn 0.866025 0.500000 -0.000000
vn 0.866025 0.500000 -0.000000
vn 0.965926 0.258819 -0.000000
vn 0.965926 0.258819 -0.000000
vn 1.000000 0.000000 -0.000000
vn 1.000000 0.000000 -0.000000
vn 0.965926 -0.258819 -0.000000
vn 0.965926 -0.258819 -0.000000
vn 0.866025 -0.500000 -0.000000
vn 0.866025 -0.500000 -0.000000
vn 0.707107 -0.707107 -0.000000
vn 0.707107 -0.707107 -0.000000
vn 0.500000 -0.866025 -0.000000
vn 0.500000 -0.866025 -0.000000
vn 0.258819 -0.965926 0.000000
vn 0.258819 -0.965926 0.000000
vn 0.000000 -1.000000 0.000000
vn 0.000000 -1.000000 0.000000
vn -0.258819 -0.965926 0.000000
vn -0.258819 -0.965926 0.000000
vn -0.500000 -0.866025 0.000000
vn -0.500000 -0.866025 0.000000
vn -0.707107 -0.707107 0.000000
vn -0.707107 -0.707107 0.000000
vn -0.866025 -0.500000 0.000000
vn -0.866025 -0.500000 0.000000
vn -0.965926 -0.258819 0.000000
vn -0.965926 -0.258819 0.000000
vn -1.000000 -0.000000 0.000000
vn -1.000000 -0.000000 0.000000
vn -0.965926 0.258819 0.000000
vn -0.965926 0.258819 0.000000
vn -0.866025 0.500000 0.000000
vn -0.866025 0.500000 0.000000
vn -0.707107 0.707107 0.000000
vn -0.707107 0.707107 0.000000
vn -0.500000 0.866025 0.000000
vn -0.500000 0.866025 0.000000
vn -0.258819 0.965926 -0.000000
vn -0.258819 0.965926 -0.000000
vn -0.000000 1.000000 -0.000000
vn -0.000000 1.000000 -0.000000
vn 0.258819 0.965926 -0.000000
vn 0.258819 0.965926 -0.000000
vn 0.500000 0.866025 -0.000000
vn 0.500000 0.866025 -0.000000
vn 0.707107 0.707107 -0.000000
vn 0.707107 0.707107 -0.000000
vn 0.866025 0.500000 -0.000000
vn 0.866025 0.500000 -0.000000
vn 0.965926 0.258819 -0.000000
vn 0.965926 0.258819 -0.000000
vn 1.000000 0.000000 -0.000000
vn 1.000000 0.000000 -0.000000
vn 0.965926 -0.258819 -0.000000
vn 0.965926 -0.258819 -0.000000
vn 0.866025 -0.500000 -0.000000
vn 0.866025 -0.500000 -0.000000
vn 0.707107 -0.707107 -0.000000
vn 0.707107 -0.707107 -0.000000
vn 0.500000 -0.866025 -0.000000
vn 0.500000 -0.866025 -0.000000
vn 0.258819 -0.965926 0.000000
vn 0.258819 -0.965926 0.000000
vn 0.000000 -1.000000 0.000000
vn 0.000000 -1.000000 0.000000
vn -0.258819 -0.965926 0.000000
vn -0.258819 -0.965926 0.000000
vn -0.500000 -0.866025 0.000000
vn -0.500000 -0.866025 0.000000
vn -0.707107 -0.707107 0.000000
vn -0.707107 -0.707107 0.000000
vn -0.866025 -0.500000 0.000000
vn -0.866025 -0.500000 0.000000
vn -0.965926 -0.258819 0.000000
vn -0.965926 -0.258819 0.000000
vn -1.000000 -0.000000 0.000000
vn -1.000000 -0.000000 0.000000
vn -0.965926 0.258819 0.000000
vn -0.965926 0.258819 0.000000
vn -0.866025 0.500000 0.000000
vn -0.866025 0.500000 0.000000
vn -0.707107 0.707107 0.000000
vn -0.707107 0.707107 0.000000
vn -0.500000 0.866025 0.000000
vn -0.500000 0.866025 0.000000
vn -0.258819 0.965926 -0.000000
vn -0.258819 0.965926 -0.000000
vn -0.000000 1.000000 -0.000000
vn -0.000000 1.000000 -0.000000
vn 0.258819 0.965926 -0.000000
vn 0.258819 0.965926 -0.000000
vn 0.500000 0.866025 -0.000000
vn 0.500000 0.866025 -0.000000
vn 0.707107 0.707107 -0.000000
vn 0.707107 0.707107 -0.000000
vn 0.866025 0.500000 -0.000000
vn 0.866025 0.500000 -0.000000
vn 0.965926 0.258819 -0.000000
vn 0.965926 0.258819 -0.000000
vn 1.000000 0.000000 -0.000000
vn 1.000000 0.000000 -0.000000
vn 0.965926 -0.258819 -0.000000
vn 0.965926 -0.258819 -0.000000
vn 0.866025 -0.500000 -0.000000
vn 0.866025 -0.500000 -0.000000
vn 0.707107 -0.707107 -0.000000
vn 0.707107 -0.707107 -0.000000
vn 0.500000 -0.866025 -0.000000
vn 0.500000 -0.866025 -0.000000
vn 0.258819 -0.965926 0.000000
vn 0.258819 -0.965926 0.000000
vn 0.000000 -1.000000 0.000000
vn 0.000000 -1.000000 0.000000
vn -0.258819 -0.965926 0.000000
vn -0.258819 -0.965926 0.000000
vn -0.500000 -0.866025 0.000000
vn -0.500000 -0.866025 0.000000
vn -0.707107 -0.707107 0.000000
vn -0.707107 -0.707107 0.000000
vn -0.866025 -0.500000 0.000000
vn -0.866025 -0.500000 0.000000
vn -0.965926 -0.258819 0.000000
vn -0.965926 -0.258819 0.000000
vn -1.000000 -0.000000 0.000000
vn -1.000000 -0.000000 0.000000
vn -0.965926 0.258819 0.000000
vn -0.965926 0.258819 0.000000
vn -0.866025 0.500000 0.000000
vn -0.866025 0.500000 0.000000
vn -0.707107 0.707107 0.000000
vn -0.707107 0.707107 0.000000
vn -0.500000 0.866025 0.000000
vn -0.500000 0.866025 0.000000
vn -0.258819 0.965926 -0.000000
vn -0.258819 0.965926 -0.000000
vn -0.000000 1.000000 -0.000000
vn -0.000000 1.000000 -0.000000
vn 0.258819 0.965926 -0.000000
vn 0.258819 0.965926 -0.000000
vn 0.500000 0.866025 -0.000000
vn 0.500000 0.866025 -0.000000
vn 0.707107 0.707107 -0.000000
vn 0.707107 0.707107 -0.000000
vn 0.866025 0.500000 -0.000000
vn 0.866025 0.500000 -0.000000
vn 1.000000 0.000000 -0.000000
vn 1.000000 0.000000 -0.000000
vn 1.000000 0.000000 -0.000000
vn 1.000000 0.000000 -0.000000
vn 0.000000 -1.000000 0.000000
vn 0.000000 -1.000000 0.000000
vn 0.258819 -0.965926 0.000000
vn 0.258819 -0.965926 0.000000
vn 0.500000 -0.866025 -0.000000
vn 0.500000 -0.866025 -0.000000
vn 0.707107 -0.707107 -0.000000
vn 0.707107 -0.707107 -0.000000
vn 0.866025 -0.500000 -0.000000
vn 0.866025 -0.500000 -0.000000
vn 0.965926 -0.258819 -0.000000
vn 0.965926 -0.258819 -0.000000
vn 0.000000 -1.000000 0.000000
vn 0.000000 -1.000000 0.000000
vn -1.000000 -0.000000 0.000000
vn -1.000000 -0.000000 0.000000
vn -0.965926 -0.258819 0.000000
vn -0.965926 -0.258819 0.000000
vn -0.866025 -0.500000 0.000000
vn -0.866025 -0.500000 0.000000
vn -0.707107 -0.707107 0.000000
vn -0.707107 -0.707107 0.000000
vn -0.500000 -0.866025 0.000000
vn -0.500000 -0.866025 0.000000
vn -0.258819 -0.965926 0.000000
vn -0.258819 -0.965926 0.000000
vn -1.000000 -0.000000 0.000000
vn -1.000000 -0.000000 0.000000
vn -0.000000 1.000000 -0.000000
vn -0.000000 1.000000 -0.000000
vn -0.258819 0.965926 -0.000000
vn -0.258819 0.965926 -0.000000
vn -0.500000 0.866025 0.000000
vn -0.500000 0.866025 0.000000
vn -0.707107 0.707107 0.000000
vn -0.707107 0.707107 0.000000
vn -0.866025 0.500000 0.000000
vn -0.866025 0.500000 0.000000
vn -0.965926 0.258819 0.000000
vn -0.965926 0.258819 0.000000
vn -0.000000 1.000000 -0.000000
vn -0.000000 1.000000 -0.000000
vn 0.965926 0.258819 -0.000000
vn 0.965926 0.258819 -0.000000
vn 0.866025 0.500000 -0.000000
vn 0.866025 0.500000 -0.000000
vn 0.707107 0.707107 -0.000000
vn 0.707107 0.707107 -0.000000
vn 0.500000 0.866025 -0.000000
vn 0.500000 0.866025 -0.000000
vn 0.258819 0.965926 -0.000000
vn 0.258819 0.965926 -0.000000
vn -0.000000 -0.000000 -1.000000
vn -0.000000 -0.000000 -1.000000
vn -0.000000 -0.000000 -1.000000
vn -0.000000 -0.000000 -1.000000
vn -0.000000 -0.000000 -1.000000
vn -0.000000 -0.000000 -1.000000
vn -0.000000 -0.000000 -1.000000
vn -0.000000 -0.000000 -1.000000
vn -0.000000 -0.000000 -1.000000
vn -0.000000 -0.000000 -1.000000
vn -0.000000 -0.000000 -1.000000
vn -0.000000 -0.000000 -1.000000
vn -0.000000 -0.000000 -1.000000
vn -0.000000 -0.000000 -1.000000
vn -0.000000 -0.000000 -1.000000
vn -0.000000 -0.000000 -1.000000
vn -0.000000 -0.000000 -1.000000
vn -0.000000 -0.000000 -1.000000
vn -0.000000 -0.000000 -1.000000
vn -0.000000 -0.000000 -1.000000
vn -0.000000 -0.000000 -1.000000
vn -0.000000 -0.000000 -1.000000
vn -0.000000 -0.000000 -1.000000
vn -0.000000 -0.000000 -1.000000
vn -0.000000 -0.000000 -1.000000
vn -0.000000 -0.000000 -1.000000
vn -0.000000 -0.000000 -1.000000
vn -0.000000 -0.000000 -1.000000
vn -0.000000 -0.000000 -1.000000
vn -0.000000 -0.000000 -1.000000
vn -0.000000 -0.000000 -1.000000
vn -0.000000 -0.000000 -1.000000
vn -0.000000 -0.000000 -1.000000
vn -0.000000 -0.000000 -1.000000
vn -0.000000 -0.000000 -1.000000
vn -0.000000 -0.000000 -1.000000
vn -0.000000 -0.000000 -1.000000
vn -0.000000 -0.000000 -1.000000
vn -0.000000 -0.000000 -1.000000
vn -0.000000 -0.000000 -1.000000
vn -0.000000 -0.000000 -1.000000
vn -0.000000 -0.000000 -1.000000
vn -0.000000 -0.000000 -1.000000
vn -0.000000 -0.000000 -1.000000
vn -0.000000 -0.000000 -1.000000
vn -0.000000 -0.000000 -1.000000
vn -0.000000 -0.000000 -1.000000
vn -0.000000 -0.000000 -1.000000
vn -0.000000 -0.000000 -1.000000
vn -0.000000 -0.000000 -1.000000
vn -0.000000 -0.000000 -1.000000
vn -0.000000 -0.000000 -1.000000
vn -0.000000 -0.000000 -1.000000
vn -0.000000 -0.000000 -1.000000
vn -0.000000 -0.000000 -1.000000
vn -0.000000 -0.000000 -1.000000
vn -0.000000 -0.000000 -1.000000
vn -0.000000 -0.000000 -1.000000
vn -0.000000 -0.000000 -1.000000
vn -0.000000 -0.000000 -1.000000
vn -0.000000 -0.000000 -1.000000
vn -0.000000 -0.000000 -1.000000
vn -0.000000 -0.000000 -1.000000
vn -0.000000 -0.000000 -1.000000
vn -0.000000 -0.000000 -1.000000
vn -0.000000 -0.000000 -1.000000
vn -0.000000 -0.000000 -1.000000
vn -0.000000 -0.000000 -1.000000
vn -0.000000 -0.000000 -1.000000
vn -0.000000 -0.000000 -1.000000
vn -0.000000 -0.000000 -1.000000
vn -0.000000 -0.000000 -1.000000
vn -0.000000 -0.000000 -1.000000
vn -0.000000 -0.000000 -1.000000
vn -0.000000 -0.000000 -1.000000
vn -0.000000 -0.000000 -1.000000
vn -0.000000 -0.000000 -1.000000
vn -0.000000 -0.000000 -1.000000
vn -0.000000 -0.000000 -1.000000
vn -0.000000 -0.000000 -1.000000
vn -0.000000 -0.000000 -1.000000
vn -0.000000 -0.000000 -1.000000
vn -0.000000 -0.000000 -1.000000
vn -0.000000 -0.000000 -1.000000
vn -0.000000 -0.000000 -1.000000
vn -0.000000 -0.000000 -1.000000
vn -0.000000 -0.000000 -1.000000
vn -0.000000 -0.000000 -1.000000
vn -0.000000 -0.000000 -1.000000
vn -0.000000 -0.000000 -1.000000
vn -0.000000 -0.000000 -1.000000
vn -0.000000 -0.000000 -1.000000
vn -0.000000 -0.000000 -1.000000
vn -0.000000 -0.000000 -1.000000
vn -0.000000 -0.000000 -1.000000
vn -0.000000 -0.000000 -1.000000
vn -0.000000 -0.000000 -1.000000
vn -0.000000 -0.000000 -1.000000
vn -0.000000 -0.000000 -1.000000
vn -0.000000 -0.000000 -1.000000
vn -0.000000 -0.000000 -1.000000
vn -0.000000 -0.000000 -1.000000
vn -0.000000 -0.000000 -1.000000
vn -0.000000 -0.000000 -1.000000
vn -0.000000 -0.000000 -1.000000
vn -0.000000 -0.000000 -1.000000
vn -0.000000 -0.000000 -1.000000
vn -0.000000 -0.000000 -1.000000
vn -0.000000 -0.000000 -1.000000
vn -0.000000 -0.000000 -1.000000
vn -0.000000 -0.000000 -1.000000
vn -0.000000 -0.000000 -1.000000
vn -0.000000 -0.000000 -1.000000
vn -0.000000 -0.000000 -1.000000
vn -0.000000 -0.000000 -1.000000
vn -0.000000 -0.000000 -1.000000
vn -0.000000 -0.000000 -1.000000
vn -0.000000 -0.000000 -1.000000
vn -0.000000 -0.000000 -1.000000
vn -0.000000 -0.000000 -1.000000
vn -0.000000 -0.000000 -1.000000
vn -0.000000 -0.000000 -1.000000
vn -0.000000 -0.000000 -1.000000
vn -0.000000 -0.000000 -1.000000
vn -0.000000 -0.000000 -1.000000
vn -0.000000 -0.000000 -1.000000
vn -0.000000 -0.000000 -1.000000
vn -0.000000 -0.000000 -1.000000
vn -0.000000 -0.000000 -1.000000
vn -0.000000 -0.000000 -1.000000
vn -0.000000 -0.000000 -1.000000
vn -0.000000 -0.000000 -1.000000
vn -0.000000 -0.000000 -1.000000
vn -0.000000 -0.000000 -1.000000
vn -0.000000 -0.000000 -1.000000
vn -0.000000 -0.000000 -1.000000
vn -0.000000 -0.000000 -1.000000
vn -0.000000 -0.000000 -1.000000
vn -0.000000 -0.000000 -1.000000
vn -0.000000 -0.000000 -1.000000
vn -0.000000 -0.000000 -1.000000
vn -0.000000 -0.000000 -1.000000
vn -0.000000 -0.000000 -1.000000
vn -0.000000 -0.000000 -1.000000
vn -0.000000 -0.000000 -1.000000
vn -0.000000 -0.000000 -1.000000
vn -0.000000 -0.000000 -1.000000
vn -0.000000 -0.000000 -1.000000
vn -0.000000 -0.000000 -1.000000
vn -0.000000 -0.000000 -1.000000
vn -0.000000 -0.000000 -1.000000
vn -0.000000 -0.000000 -1.000000
vn -0.000000 -0.000000 -1.000000
vn -0.000000 -0.000000 -1.000000
vn -0.000000 -0.000000 -1.000000
vn -0.000000 -0.000000 -1.000000
vn -0.000000 -0.000000 -1.000000
vn -0.000000 -0.000000 -1.000000
vn -0.000000 -0.000000 -1.000000
vn -0.000000 -0.000000 -1.000000
vn 0.000000 0.000000 1.000000
vn 0.000000 0.000000 1.000000
vn 0.000000 0.000000 1.000000
vn 0.000000 0.000000 1.000000
vn 0.000000 0.000000 1.000000
vn 0.000000 0.000000 1.000000
vn 0.000000 0.000000 1.000000
vn 0.000000 0.000000 1.000000
vn 0.000000 0.000000 1.000000
vn 0.000000 0.000000 1.000000
vn 0.000000 0.000000 1.000000
vn 0.000000 0.000000 1.000000
vn 0.000000 0.000000 1.000000
vn 0.000000 0.000000 1.000000
vn 0.000000 0.000000 1.000000
vn 0.000000 0.000000 1.000000
vn 0.000000 0.000000 1.000000
vn 0.000000 0.000000 1.000000
vn 0.000000 0.000000 1.000000
vn 0.000000 0.000000 1.000000
vn 0.000000 0.000000 1.000000
vn 0.000000 0.000000 1.000000
vn 0.000000 0.000000 1.000000
vn 0.000000 0.000000 1.000000
vn 0.000000 0.000000 1.000000
vn 0.000000 0.000000 1.000000
vn 0.000000 0.000000 1.000000
vn 0.000000 0.000000 1.000000
vn 0.000000 0.000000 1.000000
vn 0.000000 0.000000 1.000000
vn 0.000000 0.000000 1.000000
vn 0.000000 0.000000 1.000000
vn 0.000000 0.000000 1.000000
vn 0.000000 0.000000 1.000000
vn 0.000000 0.000000 1.000000
vn 0.000000 0.000000 1.000000
vn 0.000000 0.000000 1.000000
vn 0.000000 0.000000 1.000000
vn 0.000000 0.000000 1.000000
vn 0.000000 0.000000 1.000000
vn 0.000000 0.000000 1.000000
vn 0.000000 0.000000 1.000000
vn 0.000000 0.000000 1.000000
vn 0.000000 0.000000 1.000000
vn 0.000000 0.000000 1.000000
vn 0.000000 0.000000 1.000000
vn 0.000000 0.000000 1.000000
vn 0.000000 0.000000 1.000000
vn 0.000000 0.000000 1.000000
vn 0.000000 0.000000 1.000000
vn 0.000000 0.000000 1.000000
vn 0.000000 0.000000 1.000000
vn 0.000000 0.000000 1.000000
vn 0.000000 0.000000 1.000000
vn 0.000000 0.000000 1.000000
vn 0.000000 0.000000 1.000000
vn 0.000000 0.000000 1.000000
vn 0.000000 0.000000 1.000000
vn 0.000000 0.000000 1.000000
vn 0.000000 0.000000 1.000000
vn 0.000000 0.000000 1.000000
vn 0.000000 0.000000 1.000000
vn 0.000000 0.000000 1.000000
vn 0.000000 0.000000 1.000000
vn 0.000000 0.000000 1.000000
vn 0.000000 0.000000 1.000000
vn 0.000000 0.000000 1.000000
vn 0.000000 0.000000 1.000000
vn 0.000000 0.000000 1.000000
vn 0.000000 0.000000 1.000000
vn 0.000000 0.000000 1.000000
vn 0.000000 0.000000 1.000000
vn 0.000000 0.000000 1.000000
vn 0.000000 0.000000 1.000000
vn 0.000000 0.000000 1.000000
vn 0.000000 0.000000 1.000000
vn 0.000000 0.000000 1.000000
vn 0.000000 0.000000 1.000000
vn 0.000000 0.000000 1.000000
vn 0.000000 0.000000 1.000000
vn 0.000000 0.000000 1.000000
vn 0.000000 0.000000 1.000000
vn 0.000000 0.000000 1.000000
vn 0.000000 0.000000 1.000000
vn 0.000000 0.000000 1.000000
vn 0.000000 0.000000 1.000000
vn 0.000000 0.000000 1.000000
vn 0.000000 0.000000 1.000000
vn 0.000000 0.000000 1.000000
vn 0.000000 0.000000 1.000000
vn 0.000000 0.000000 1.000000
vn 0.000000 0.000000 1.000000
vn 0.000000 0.000000 1.000000
vn 0.000000 0.000000 1.000000
vn 0.000000 0.000000 1.000000
vn 0.000000 0.000000 1.000000
vn 0.000000 0.000000 1.000000
vn 0.000000 0.000000 1.000000
vn 0.000000 0.000000 1.000000
vn 0.000000 0.000000 1.000000
vn 0.000000 0.000000 1.000000
vn 0.000000 0.000000 1.000000
vn 0.000000 0.000000 1.000000
vn 0.000000 0.000000 1.000000
vn 0.000000 0.000000 1.000000
vn 0.000000 0.000000 1.000000
vn 0.000000 0.000000 1.000000
vn 0.000000 0.000000 1.000000
vn 0.000000 0.000000 1.000000
vn 0.000000 0.000000 1.000000
vn 0.000000 0.000000 1.000000
vn 0.000000 0.000000 1.000000
vn 0.000000 0.000000 1.000000
vn 0.000000 0.000000 1.000000
vn 0.000000 0.000000 1.000000
vn 0.000000 0.000000 1.000000
vn 0.000000 0.000000 1.000000
vn 0.000000 0.000000 1.000000
vn 0.000000 0.000000 1.000000
vn 0.000000 0.000000 1.000000
vn 0.000000 0.000000 1.000000
vn 0.000000 0.000000 1.000000
vn 0.000000 0.000000 1.000000
vn 0.000000 0.000000 1.000000
vn 0.000000 0.000000 1.000000
vn 0.000000 0.000000 1.000000
vn 0.000000 0.000000 1.000000
vn 0.000000 0.000000 1.000000
vn 0.000000 0.000000 1.000000
vn 0.000000 0.000000 1.000000
vn 0.000000 0.000000 1.000000
vn 0.000000 0.000000 1.000000
vn 0.000000 0.000000 1.000000
vn 0.000000 0.000000 1.000000
vn 0.000000 0.000000 1.000000
vn 0.000000 0.000000 1.000000
vn 0.000000 0.000000 1.000000
vn 0.000000 0.000000 1.000000
vn 0.000000 0.000000 1.000000
vn 0.000000 0.000000 1.000000
vn 0.000000 0.000000 1.000000
vn 0.000000 0.000000 1.000000
vn 0.000000 0.000000 1.000000
vn 0.000000 0.000000 1.000000
vn 0.000000 0.000000 1.000000
vn 0.000000 0.000000 1.000000
vn 0.000000 0.000000 1.000000
vn 0.000000 0.000000 1.000000
vn 0.000000 0.000000 1.000000
vn 0.000000 0.000000 1.000000
vn 0.000000 0.000000 1.000000
vn 0.000000 0.000000 1.000000
vn 0.000000 0.000000 1.000000
vn 0.000000 0.000000 1.000000
vn 0.000000 0.000000 1.000000
vn 0.000000 0.000000 1.000000
vn 0.000000 0.000000 1.000000
vn 0.000000 0.000000 1.000000
vn 0.000000 0.000000 1.000000
vn 0.000000 0.000000 1.000000
usemtl Acero_inoxidable_-_Pulido
f 2374/4906/4763 2444/4907/4764 2373/4908/4765
f 2373/4908/4765 2444/4907/4764 2409/4909/4766
f 2373/4910/4765 2409/4911/4766 2408/4912/4767
f 2408/4912/4767 2409/4911/4766 2410/4913/4768
f 2408/4912/4767 2410/4913/4768 2407/4914/4769
f 2407/4914/4769 2410/4913/4768 2411/4915/4770
f 2407/4914/4769 2411/4915/4770 2406/4916/4771
f 2406/4916/4771 2411/4915/4770 2412/4917/4772
f 2406/4916/4771 2412/4917/4772 2405/4918/4773
f 2405/4918/4773 2412/4917/4772 2413/4919/4774
f 2405/4918/4773 2413/4919/4774 2404/4920/4775
f 2404/4920/4775 2413/4919/4774 2414/4921/4776
f 2404/4920/4775 2414/4921/4776 2403/4922/4777
f 2403/4922/4777 2414/4921/4776 2415/4923/4778
f 2403/4922/4777 2415/4923/4778 2402/4924/4779
f 2402/4924/4779 2415/4923/4778 2416/4925/4780
f 2402/4924/4779 2416/4925/4780 2401/4926/4781
f 2401/4926/4781 2416/4925/4780 2417/4927/4782
f 2401/4926/4781 2417/4927/4782 2400/4928/4783
f 2400/4928/4783 2417/4927/4782 2418/4929/4784
f 2400/4928/4783 2418/4929/4784 2399/4930/4785
f 2399/4930/4785 2418/4929/4784 2419/4931/4786
f 2399/4930/4785 2419/4931/4786 2398/4932/4787
f 2398/4932/4787 2419/4931/4786 2420/4933/4788
f 2398/4932/4787 2420/4933/4788 2397/4934/4789
f 2397/4934/4789 2420/4933/4788 2421/4935/4790
f 2397/4934/4789 2421/4935/4790 2396/4936/4791
f 2396/4936/4791 2421/4935/4790 2422/4937/4792
f 2396/4936/4791 2422/4937/4792 2395/4938/4793
f 2395/4938/4793 2422/4937/4792 2423/4939/4794
f 2395/4938/4793 2423/4939/4794 2394/4940/4795
f 2394/4940/4795 2423/4939/4794 2424/4941/4796
f 2394/4940/4795 2424/4941/4796 2393/4942/4797
f 2393/4942/4797 2424/4941/4796 2425/4943/4798
f 2393/4942/4797 2425/4943/4798 2392/4944/4799
f 2392/4944/4799 2425/4943/4798 2426/4945/4800
f 2392/4944/4799 2426/4945/4800 2391/4946/4801
f 2391/4946/4801 2426/4945/4800 2427/4947/4802
f 2391/4946/4801 2427/4947/4802 2390/4948/4803
f 2390/4948/4803 2427/4947/4802 2428/4949/4804
f 2390/4948/4803 2428/4949/4804 2389/4950/4805
f 2389/4950/4805 2428/4949/4804 2429/4951/4806
f 2389/4950/4805 2429/4951/4806 2388/4952/4807
f 2388/4952/4807 2429/4951/4806 2430/4953/4808
f 2388/4952/4807 2430/4953/4808 2387/4954/4809
f 2387/4954/4809 2430/4953/4808 2431/4955/4810
f 2387/4954/4809 2431/4955/4810 2386/4956/4811
f 2386/4956/4811 2431/4955/4810 2432/4957/4812
f 2386/4956/4811 2432/4957/4812 2385/4958/4813
f 2385/4958/4813 2432/4957/4812 2433/4959/4814
f 2385/4958/4813 2433/4959/4814 2384/4960/4815
f 2384/4960/4815 2433/4959/4814 2434/4961/4816
f 2384/4960/4815 2434/4961/4816 2383/4962/4817
f 2383/4962/4817 2434/4961/4816 2435/4963/4818
f 2383/4962/4817 2435/4963/4818 2382/4964/4819
f 2382/4964/4819 2435/4963/4818 2436/4965/4820
f 2382/4964/4819 2436/4965/4820 2381/4966/4821
f 2381/4966/4821 2436/4965/4820 2437/4967/4822
f 2381/4966/4821 2437/4967/4822 2380/4968/4823
f 2380/4968/4823 2437/4967/4822 2438/4969/4824
f 2380/4968/4823 2438/4969/4824 2379/4970/4825
f 2379/4970/4825 2438/4969/4824 2439/4971/4826
f 2379/4970/4825 2439/4971/4826 2378/4972/4827
f 2378/4972/4827 2439/4971/4826 2440/4973/4828
f 2378/4972/4827 2440/4973/4828 2377/4974/4829
f 2377/4974/4829 2440/4973/4828 2441/4975/4830
f 2377/4974/4829 2441/4975/4830 2376/4976/4831
f 2376/4976/4831 2441/4975/4830 2442/4977/4832
f 2376/4976/4831 2442/4977/4832 2375/4978/4833
f 2375/4978/4833 2442/4977/4832 2443/4979/4834
f 2375/4978/4833 2443/4979/4834 2374/4906/4763
f 2374/4906/4763 2443/4979/4834 2444/4907/4764
f 2446/4980/4835 2492/4981/4836 2445/4982/4837
f 2445/4982/4837 2492/4981/4836 2469/4983/4838
f 2445/4984/4837 2469/4985/4838 2468/4986/4839
f 2468/4986/4839 2469/4985/4838 2470/4987/4840
f 2468/4986/4839 2470/4987/4840 2467/4988/4841
f 2467/4988/4841 2470/4987/4840 2471/4989/4842
f 2467/4988/4841 2471/4989/4842 2466/4990/4843
f 2466/4990/4843 2471/4989/4842 2472/4991/4844
f 2466/4990/4843 2472/4991/4844 2465/4992/4845
f 2465/4992/4845 2472/4991/4844 2473/4993/4846
f 2465/4992/4845 2473/4993/4846 2464/4994/4847
f 2464/4994/4847 2473/4993/4846 2474/4995/4848
f 2464/4994/4847 2474/4995/4848 2463/4996/4849
f 2463/4996/4849 2474/4995/4848 2475/4997/4850
f 2463/4996/4849 2475/4997/4850 2462/4998/4851
f 2462/4998/4851 2475/4997/4850 2476/4999/4852
f 2462/4998/4851 2476/4999/4852 2461/5000/4853
f 2461/5000/4853 2476/4999/4852 2477/5001/4854
f 2461/5000/4853 2477/5001/4854 2460/5002/4855
f 2460/5002/4855 2477/5001/4854 2478/5003/4856
f 2460/5002/4855 2478/5003/4856 2459/5004/4857
f 2459/5004/4857 2478/5003/4856 2479/5005/4858
f 2459/5004/4857 2479/5005/4858 2458/5006/4859
f 2458/5006/4859 2479/5005/4858 2480/5007/4860
f 2458/5006/4859 2480/5007/4860 2457/5008/4861
f 2457/5008/4861 2480/5007/4860 2481/5009/4862
f 2457/5008/4861 2481/5009/4862 2456/5010/4863
f 2456/5010/4863 2481/5009/4862 2482/5011/4864
f 2456/5010/4863 2482/5011/4864 2455/5012/4865
f 2455/5012/4865 2482/5011/4864 2483/5013/4866
f 2455/5012/4865 2483/5013/4866 2454/5014/4867
f 2454/5014/4867 2483/5013/4866 2484/5015/4868
f 2454/5014/4867 2484/5015/4868 2453/5016/4869
f 2453/5016/4869 2484/5015/4868 2485/5017/4870
f 2453/5016/4869 2485/5017/4870 2452/5018/4871
f 2452/5018/4871 2485/5017/4870 2486/5019/4872
f 2452/5018/4871 2486/5019/4872 2451/5020/4873
f 2451/5020/4873 2486/5019/4872 2487/5021/4874
f 2451/5020/4873 2487/5021/4874 2450/5022/4875
f 2450/5022/4875 2487/5021/4874 2488/5023/4876
f 2450/5022/4875 2488/5023/4876 2449/5024/4877
f 2449/5024/4877 2488/5023/4876 2489/5025/4878
f 2449/5024/4877 2489/5025/4878 2448/5026/4879
f 2448/5026/4879 2489/5025/4878 2490/5027/4880
f 2448/5026/4879 2490/5027/4880 2447/5028/4881
f 2447/5028/4881 2490/5027/4880 2491/5029/4882
f 2447/5028/4881 2491/5029/4882 2446/4980/4835
f 2446/4980/4835 2491/5029/4882 2492/4981/4836
f 2494/5030/4883 2540/5031/4884 2493/5032/4885
f 2493/5032/4885 2540/5031/4884 2517/5033/4886
f 2493/5034/4885 2517/5035/4886 2516/5036/4887
f 2516/5036/4887 2517/5035/4886 2518/5037/4888
f 2516/5036/4887 2518/5037/4888 2515/5038/4889
f 2515/5038/4889 2518/5037/4888 2519/5039/4890
f 2515/5038/4889 2519/5039/4890 2514/5040/4891
f 2514/5040/4891 2519/5039/4890 2520/5041/4892
f 2514/5040/4891 2520/5041/4892 2513/5042/4893
f 2513/5042/4893 2520/5041/4892 2521/5043/4894
f 2513/5042/4893 2521/5043/4894 2512/5044/4895
f 2512/5044/4895 2521/5043/4894 2522/5045/4896
f 2512/5044/4895 2522/5045/4896 2511/5046/4897
f 2511/5046/4897 2522/5045/4896 2523/5047/4898
f 2511/5046/4897 2523/5047/4898 2510/5048/4899
f 2510/5048/4899 2523/5047/4898 2524/5049/4900
f 2510/5048/4899 2524/5049/4900 2509/5050/4901
f 2509/5050/4901 2524/5049/4900 2525/5051/4902
f 2509/5050/4901 2525/5051/4902 2508/5052/4903
f 2508/5052/4903 2525/5051/4902 2526/5053/4904
f 2508/5052/4903 2526/5053/4904 2507/5054/4905
f 2507/5054/4905 2526/5053/4904 2527/5055/4906
f 2507/5054/4905 2527/5055/4906 2506/5056/4907
f 2506/5056/4907 2527/5055/4906 2528/5057/4908
f 2506/5056/4907 2528/5057/4908 2505/5058/4909
f 2505/5058/4909 2528/5057/4908 2529/5059/4910
f 2505/5058/4909 2529/5059/4910 2504/5060/4911
f 2504/5060/4911 2529/5059/4910 2530/5061/4912
f 2504/5060/4911 2530/5061/4912 2503/5062/4913
f 2503/5062/4913 2530/5061/4912 2531/5063/4914
f 2503/5062/4913 2531/5063/4914 2502/5064/4915
f 2502/5064/4915 2531/5063/4914 2532/5065/4916
f 2502/5064/4915 2532/5065/4916 2501/5066/4917
f 2501/5066/4917 2532/5065/4916 2533/5067/4918
f 2501/5066/4917 2533/5067/4918 2500/5068/4919
f 2500/5068/4919 2533/5067/4918 2534/5069/4920
f 2500/5068/4919 2534/5069/4920 2499/5070/4921
f 2499/5070/4921 2534/5069/4920 2535/5071/4922
f 2499/5070/4921 2535/5071/4922 2498/5072/4923
f 2498/5072/4923 2535/5071/4922 2536/5073/4924
f 2498/5072/4923 2536/5073/4924 2497/5074/4925
f 2497/5074/4925 2536/5073/4924 2537/5075/4926
f 2497/5074/4925 2537/5075/4926 2496/5076/4927
f 2496/5076/4927 2537/5075/4926 2538/5077/4928
f 2496/5076/4927 2538/5077/4928 2495/5078/4929
f 2495/5078/4929 2538/5077/4928 2539/5079/4930
f 2495/5078/4929 2539/5079/4930 2494/5030/4883
f 2494/5030/4883 2539/5079/4930 2540/5031/4884
f 2542/5080/4931 2588/5081/4932 2541/5082/4933
f 2541/5082/4933 2588/5081/4932 2565/5083/4934
f 2541/5084/4933 2565/5085/4934 2564/5086/4935
f 2564/5086/4935 2565/5085/4934 2566/5087/4936
f 2564/5086/4935 2566/5087/4936 2563/5088/4937
f 2563/5088/4937 2566/5087/4936 2567/5089/4938
f 2563/5088/4937 2567/5089/4938 2562/5090/4939
f 2562/5090/4939 2567/5089/4938 2568/5091/4940
f 2562/5090/4939 2568/5091/4940 2561/5092/4941
f 2561/5092/4941 2568/5091/4940 2569/5093/4942
f 2561/5092/4941 2569/5093/4942 2560/5094/4943
f 2560/5094/4943 2569/5093/4942 2570/5095/4944
f 2560/5094/4943 2570/5095/4944 2559/5096/4945
f 2559/5096/4945 2570/5095/4944 2571/5097/4946
f 2559/5096/4945 2571/5097/4946 2558/5098/4947
f 2558/5098/4947 2571/5097/4946 2572/5099/4948
f 2558/5098/4947 2572/5099/4948 2557/5100/4949
f 2557/5100/4949 2572/5099/4948 2573/5101/4950
f 2557/5100/4949 2573/5101/4950 2556/5102/4951
f 2556/5102/4951 2573/5101/4950 2574/5103/4952
f 2556/5102/4951 2574/5103/4952 2555/5104/4953
f 2555/5104/4953 2574/5103/4952 2575/5105/4954
f 2555/5104/4953 2575/5105/4954 2554/5106/4955
f 2554/5106/4955 2575/5105/4954 2576/5107/4956
f 2554/5106/4955 2576/5107/4956 2553/5108/4957
f 2553/5108/4957 2576/5107/4956 2577/5109/4958
f 2553/5108/4957 2577/5109/4958 2552/5110/4959
f 2552/5110/4959 2577/5109/4958 2578/5111/4960
f 2552/5110/4959 2578/5111/4960 2551/5112/4961
f 2551/5112/4961 2578/5111/4960 2579/5113/4962
f 2551/5112/4961 2579/5113/4962 2550/5114/4963
f 2550/5114/4963 2579/5113/4962 2580/5115/4964
f 2550/5114/4963 2580/5115/4964 2549/5116/4965
f 2549/5116/4965 2580/5115/4964 2581/5117/4966
f 2549/5116/4965 2581/5117/4966 2548/5118/4967
f 2548/5118/4967 2581/5117/4966 2582/5119/4968
f 2548/5118/4967 2582/5119/4968 2547/5120/4969
f 2547/5120/4969 2582/5119/4968 2583/5121/4970
f 2547/5120/4969 2583/5121/4970 2546/5122/4971
f 2546/5122/4971 2583/5121/4970 2584/5123/4972
f 2546/5122/4971 2584/5123/4972 2545/5124/4973
f 2545/5124/4973 2584/5123/4972 2585/5125/4974
f 2545/5124/4973 2585/5125/4974 2544/5126/4975
f 2544/5126/4975 2585/5125/4974 2586/5127/4976
f 2544/5126/4975 2586/5127/4976 2543/5128/4977
f 2543/5128/4977 2586/5127/4976 2587/5129/4978
f 2543/5128/4977 2587/5129/4978 2542/5080/4931
f 2542/5080/4931 2587/5129/4978 2588/5081/4932
f 2590/5130/4979 2636/5131/4980 2589/5132/4981
f 2589/5132/4981 2636/5131/4980 2613/5133/4982
f 2589/5134/4981 2613/5135/4982 2612/5136/4983
f 2612/5136/4983 2613/5135/4982 2614/5137/4984
f 2612/5136/4983 2614/5137/4984 2611/5138/4985
f 2611/5138/4985 2614/5137/4984 2615/5139/4986
f 2611/5138/4985 2615/5139/4986 2610/5140/4987
f 2610/5140/4987 2615/5139/4986 2616/5141/4988
f 2610/5140/4987 2616/5141/4988 2609/5142/4989
f 2609/5142/4989 2616/5141/4988 2617/5143/4990
f 2609/5142/4989 2617/5143/4990 2608/5144/4991
f 2608/5144/4991 2617/5143/4990 2618/5145/4992
f 2608/5144/4991 2618/5145/4992 2607/5146/4993
f 2607/5146/4993 2618/5145/4992 2619/5147/4994
f 2607/5146/4993 2619/5147/4994 2606/5148/4995
f 2606/5148/4995 2619/5147/4994 2620/5149/4996
f 2606/5148/4995 2620/5149/4996 2605/5150/4997
f 2605/5150/4997 2620/5149/4996 2621/5151/4998
f 2605/5150/4997 2621/5151/4998 2604/5152/4999
f 2604/5152/4999 2621/5151/4998 2622/5153/5000
f 2604/5152/4999 2622/5153/5000 2603/5154/5001
f 2603/5154/5001 2622/5153/5000 2623/5155/5002
f 2603/5154/5001 2623/5155/5002 2602/5156/5003
f 2602/5156/5003 2623/5155/5002 2624/5157/5004
f 2602/5156/5003 2624/5157/5004 2601/5158/5005
f 2601/5158/5005 2624/5157/5004 2625/5159/5006
f 2601/5158/5005 2625/5159/5006 2600/5160/5007
f 2600/5160/5007 2625/5159/5006 2626/5161/5008
f 2600/5160/5007 2626/5161/5008 2599/5162/5009
f 2599/5162/5009 2626/5161/5008 2627/5163/5010
f 2599/5162/5009 2627/5163/5010 2598/5164/5011
f 2598/5164/5011 2627/5163/5010 2628/5165/5012
f 2598/5164/5011 2628/5165/5012 2597/5166/5013
f 2597/5166/5013 2628/5165/5012 2629/5167/5014
f 2597/5166/5013 2629/5167/5014 2596/5168/5015
f 2596/5168/5015 2629/5167/5014 2630/5169/5016
f 2596/5168/5015 2630/5169/5016 2595/5170/5017
f 2595/5170/5017 2630/5169/5016 2631/5171/5018
f 2595/5170/5017 2631/5171/5018 2594/5172/5019
f 2594/5172/5019 2631/5171/5018 2632/5173/5020
f 2594/5172/5019 2632/5173/5020 2593/5174/5021
f 2593/5174/5021 2632/5173/5020 2633/5175/5022
f 2593/5174/5021 2633/5175/5022 2592/5176/5023
f 2592/5176/5023 2633/5175/5022 2634/5177/5024
f 2592/5176/5023 2634/5177/5024 2591/5178/5025
f 2591/5178/5025 2634/5177/5024 2635/5179/5026
f 2591/5178/5025 2635/5179/5026 2590/5130/4979
f 2590/5130/4979 2635/5179/5026 2636/5131/4980
f 2637/5180/5027 2638/5181/5028 2640/5182/5029
f 2640/5182/5029 2638/5181/5028 2639/5183/5030
f 2652/5184/5031 2641/5185/5032 2651/5186/5033
f 2651/5186/5033 2641/5185/5032 2642/5187/5034
f 2651/5186/5033 2642/5187/5034 2650/5188/5035
f 2650/5188/5035 2642/5187/5034 2643/5189/5036
f 2650/5188/5035 2643/5189/5036 2649/5190/5037
f 2649/5190/5037 2643/5189/5036 2644/5191/5038
f 2649/5190/5037 2644/5191/5038 2648/5192/5039
f 2648/5192/5039 2644/5191/5038 2645/5193/5040
f 2648/5192/5039 2645/5193/5040 2647/5194/5041
f 2647/5194/5041 2645/5193/5040 2646/5195/5042
f 2647/5194/5041 2646/5195/5042 2640/5196/5029
f 2640/5196/5029 2646/5195/5042 2637/5197/5027
f 2653/5198/5043 2641/5199/5032 2654/5200/5044
f 2654/5200/5044 2641/5199/5032 2652/5201/5031
f 2666/5202/5045 2655/5203/5046 2665/5204/5047
f 2665/5204/5047 2655/5203/5046 2656/5205/5048
f 2665/5204/5047 2656/5205/5048 2664/5206/5049
f 2664/5206/5049 2656/5205/5048 2657/5207/5050
f 2664/5206/5049 2657/5207/5050 2663/5208/5051
f 2663/5208/5051 2657/5207/5050 2658/5209/5052
f 2663/5208/5051 2658/5209/5052 2662/5210/5053
f 2662/5210/5053 2658/5209/5052 2659/5211/5054
f 2662/5210/5053 2659/5211/5054 2661/5212/5055
f 2661/5212/5055 2659/5211/5054 2660/5213/5056
f 2661/5212/5055 2660/5213/5056 2654/5214/5044
f 2654/5214/5044 2660/5213/5056 2653/5215/5043
f 2667/5216/5057 2655/5217/5046 2668/5218/5058
f 2668/5218/5058 2655/5217/5046 2666/5219/5045
f 2680/5220/5059 2669/5221/5060 2679/5222/5061
f 2679/5222/5061 2669/5221/5060 2670/5223/5062
f 2679/5222/5061 2670/5223/5062 2678/5224/5063
f 2678/5224/5063 2670/5223/5062 2671/5225/5064
f 2678/5224/5063 2671/5225/5064 2677/5226/5065
f 2677/5226/5065 2671/5225/5064 2672/5227/5066
f 2677/5226/5065 2672/5227/5066 2676/5228/5067
f 2676/5228/5067 2672/5227/5066 2673/5229/5068
f 2676/5228/5067 2673/5229/5068 2675/5230/5069
f 2675/5230/5069 2673/5229/5068 2674/5231/5070
f 2675/5230/5069 2674/5231/5070 2668/5232/5058
f 2668/5232/5058 2674/5231/5070 2667/5233/5057
f 2681/5234/5071 2669/5235/5060 2682/5236/5072
f 2682/5236/5072 2669/5235/5060 2680/5237/5059
f 2639/5238/5030 2638/5239/5028 2692/5240/5073
f 2692/5240/5073 2638/5239/5028 2683/5241/5074
f 2692/5240/5073 2683/5241/5074 2691/5242/5075
f 2691/5242/5075 2683/5241/5074 2684/5243/5076
f 2691/5242/5075 2684/5243/5076 2690/5244/5077
f 2690/5244/5077 2684/5243/5076 2685/5245/5078
f 2690/5244/5077 2685/5245/5078 2689/5246/5079
f 2689/5246/5079 2685/5245/5078 2686/5247/5080
f 2689/5246/5079 2686/5247/5080 2688/5248/5081
f 2688/5248/5081 2686/5247/5080 2687/5249/5082
f 2688/5248/5081 2687/5249/5082 2682/5250/5072
f 2682/5250/5072 2687/5249/5082 2681/5251/5071
f 2614/5252/5083 2613/5253/5084 2667/5254/5085
f 2667/5254/5085 2613/5253/5084 2636/5255/5086
f 2667/5254/5085 2636/5255/5086 2635/5256/5087
f 2635/5256/5087 2634/5257/5088 2667/5254/5085
f 2667/5254/5085 2634/5257/5088 2411/5258/5089
f 2667/5254/5085 2411/5258/5089 2410/5259/5090
f 2634/5257/5088 2633/5260/5091 2411/5258/5089
f 2411/5258/5089 2633/5260/5091 2412/5261/5092
f 2412/5261/5092 2633/5260/5091 2632/5262/5093
f 2412/5261/5092 2632/5262/5093 2631/5263/5094
f 2631/5263/5094 2630/5264/5095 2412/5261/5092
f 2412/5261/5092 2630/5264/5095 2413/5265/5096
f 2413/5265/5096 2630/5264/5095 2629/5266/5097
f 2413/5265/5096 2629/5266/5097 2628/5267/5098
f 2413/5265/5096 2628/5267/5098 2414/5268/5099
f 2414/5268/5099 2628/5267/5098 2627/5269/5100
f 2414/5268/5099 2627/5269/5100 2626/5270/5101
f 2414/5268/5099 2626/5270/5101 2415/5271/5102
f 2415/5271/5102 2626/5270/5101 2625/5272/5103
f 2415/5271/5102 2625/5272/5103 2624/5273/5104
f 2624/5273/5104 2623/5274/5105 2415/5271/5102
f 2415/5271/5102 2623/5274/5105 2416/5275/5106
f 2416/5275/5106 2623/5274/5105 2622/5276/5107
f 2416/5275/5106 2622/5276/5107 2669/5277/5108
f 2669/5277/5108 2622/5276/5107 2621/5278/5109
f 2669/5277/5108 2621/5278/5109 2620/5279/5110
f 2620/5279/5110 2619/5280/5111 2669/5277/5108
f 2669/5277/5108 2619/5280/5111 2618/5281/5112
f 2669/5277/5108 2618/5281/5112 2670/5282/5113
f 2670/5282/5113 2618/5281/5112 2617/5283/5114
f 2670/5282/5113 2617/5283/5114 2671/5284/5115
f 2671/5284/5115 2617/5283/5114 2616/5285/5116
f 2671/5284/5115 2616/5285/5116 2672/5286/5117
f 2672/5286/5117 2616/5285/5116 2673/5287/5118
f 2673/5287/5118 2616/5285/5116 2615/5288/5119
f 2673/5287/5118 2615/5288/5119 2674/5289/5120
f 2674/5289/5120 2615/5288/5119 2614/5252/5083
f 2674/5289/5120 2614/5252/5083 2667/5254/5085
f 2566/5290/5121 2565/5291/5122 2655/5292/5123
f 2655/5292/5123 2565/5291/5122 2588/5293/5124
f 2655/5292/5123 2588/5293/5124 2656/5294/5125
f 2656/5294/5125 2588/5293/5124 2587/5295/5126
f 2656/5294/5125 2587/5295/5126 2657/5296/5127
f 2657/5296/5127 2587/5295/5126 2586/5297/5128
f 2657/5296/5127 2586/5297/5128 2658/5298/5129
f 2658/5298/5129 2586/5297/5128 2659/5299/5130
f 2659/5299/5130 2586/5297/5128 2585/5300/5131
f 2659/5299/5130 2585/5300/5131 2660/5301/5132
f 2660/5301/5132 2585/5300/5131 2584/5302/5133
f 2660/5301/5132 2584/5302/5133 2653/5303/5134
f 2653/5303/5134 2584/5302/5133 2583/5304/5135
f 2653/5303/5134 2583/5304/5135 2582/5305/5136
f 2582/5305/5136 2581/5306/5137 2653/5303/5134
f 2653/5303/5134 2581/5306/5137 2580/5307/5138
f 2653/5303/5134 2580/5307/5138 2438/5308/5139
f 2438/5308/5139 2580/5307/5138 2579/5309/5140
f 2438/5308/5139 2579/5309/5140 2439/5310/5141
f 2439/5310/5141 2579/5309/5140 2578/5311/5142
f 2439/5310/5141 2578/5311/5142 2577/5312/5143
f 2577/5312/5143 2576/5313/5144 2439/5310/5141
f 2439/5310/5141 2576/5313/5144 2440/5314/5145
f 2440/5314/5145 2576/5313/5144 2575/5315/5146
f 2440/5314/5145 2575/5315/5146 2574/5316/5147
f 2440/5314/5145 2574/5316/5147 2441/5317/5148
f 2441/5317/5148 2574/5316/5147 2573/5318/5149
f 2441/5317/5148 2573/5318/5149 2572/5319/5150
f 2441/5317/5148 2572/5319/5150 2442/5320/5151
f 2442/5320/5151 2572/5319/5150 2571/5321/5152
f 2442/5320/5151 2571/5321/5152 2570/5322/5153
f 2570/5322/5153 2569/5323/5154 2442/5320/5151
f 2442/5320/5151 2569/5323/5154 2443/5324/5155
f 2443/5324/5155 2569/5323/5154 2568/5325/5156
f 2443/5324/5155 2568/5325/5156 2655/5292/5123
f 2655/5292/5123 2568/5325/5156 2567/5326/5157
f 2655/5292/5123 2567/5326/5157 2566/5290/5121
f 2518/5327/5158 2517/5328/5159 2433/5329/5160
f 2433/5329/5160 2517/5328/5159 2540/5330/5161
f 2433/5329/5160 2540/5330/5161 2539/5331/5162
f 2433/5329/5160 2539/5331/5162 2434/5332/5163
f 2434/5332/5163 2539/5331/5162 2538/5333/5164
f 2434/5332/5163 2538/5333/5164 2641/5334/5165
f 2641/5334/5165 2538/5333/5164 2537/5335/5166
f 2641/5334/5165 2537/5335/5166 2536/5336/5167
f 2536/5336/5167 2535/5337/5168 2641/5334/5165
f 2641/5334/5165 2535/5337/5168 2534/5338/5169
f 2641/5334/5165 2534/5338/5169 2642/5339/5170
f 2642/5339/5170 2534/5338/5169 2533/5340/5171
f 2642/5339/5170 2533/5340/5171 2643/5341/5172
f 2643/5341/5172 2533/5340/5171 2532/5342/5173
f 2643/5341/5172 2532/5342/5173 2644/5343/5174
f 2644/5343/5174 2532/5342/5173 2645/5344/5175
f 2645/5344/5175 2532/5342/5173 2531/5345/5176
f 2645/5344/5175 2531/5345/5176 2646/5346/5177
f 2646/5346/5177 2531/5345/5176 2530/5347/5178
f 2646/5346/5177 2530/5347/5178 2637/5348/5179
f 2637/5348/5179 2530/5347/5178 2529/5349/5180
f 2637/5348/5179 2529/5349/5180 2528/5350/5181
f 2528/5350/5181 2527/5351/5182 2637/5348/5179
f 2637/5348/5179 2527/5351/5182 2526/5352/5183
f 2637/5348/5179 2526/5352/5183 2429/5353/5184
f 2429/5353/5184 2526/5352/5183 2525/5354/5185
f 2429/5353/5184 2525/5354/5185 2430/5355/5186
f 2430/5355/5186 2525/5354/5185 2524/5356/5187
f 2430/5355/5186 2524/5356/5187 2523/5357/5188
f 2523/5357/5188 2522/5358/5189 2430/5355/5186
f 2430/5355/5186 2522/5358/5189 2431/5359/5190
f 2431/5359/5190 2522/5358/5189 2521/5360/5191
f 2431/5359/5190 2521/5360/5191 2520/5361/5192
f 2431/5359/5190 2520/5361/5192 2432/5362/5193
f 2432/5362/5193 2520/5361/5192 2519/5363/5194
f 2432/5362/5193 2519/5363/5194 2518/5327/5158
f 2432/5362/5193 2518/5327/5158 2433/5329/5160
f 2470/5364/5195 2469/5365/5196 2421/5366/5197
f 2421/5366/5197 2469/5365/5196 2492/5367/5198
f 2421/5366/5197 2492/5367/5198 2422/5368/5199
f 2422/5368/5199 2492/5367/5198 2491/5369/5200
f 2422/5368/5199 2491/5369/5200 2490/5370/5201
f 2422/5368/5199 2490/5370/5201 2423/5371/5202
f 2423/5371/5202 2490/5370/5201 2489/5372/5203
f 2423/5371/5202 2489/5372/5203 2488/5373/5204
f 2423/5371/5202 2488/5373/5204 2424/5374/5205
f 2424/5374/5205 2488/5373/5204 2487/5375/5206
f 2424/5374/5205 2487/5375/5206 2486/5376/5207
f 2486/5376/5207 2485/5377/5208 2424/5374/5205
f 2424/5374/5205 2485/5377/5208 2425/5378/5209
f 2425/5378/5209 2485/5377/5208 2484/5379/5210
f 2425/5378/5209 2484/5379/5210 2638/5380/5211
f 2638/5380/5211 2484/5379/5210 2483/5381/5212
f 2638/5380/5211 2483/5381/5212 2482/5382/5213
f 2482/5382/5213 2481/5383/5214 2638/5380/5211
f 2638/5380/5211 2481/5383/5214 2480/5384/5215
f 2638/5380/5211 2480/5384/5215 2683/5385/5216
f 2683/5385/5216 2480/5384/5215 2479/5386/5217
f 2683/5385/5216 2479/5386/5217 2684/5387/5218
f 2684/5387/5218 2479/5386/5217 2478/5388/5219
f 2684/5387/5218 2478/5388/5219 2685/5389/5220
f 2685/5389/5220 2478/5388/5219 2686/5390/5221
f 2686/5390/5221 2478/5388/5219 2477/5391/5222
f 2686/5390/5221 2477/5391/5222 2687/5392/5223
f 2687/5392/5223 2477/5391/5222 2476/5393/5224
f 2687/5392/5223 2476/5393/5224 2681/5394/5225
f 2681/5394/5225 2476/5393/5224 2475/5395/5226
f 2681/5394/5225 2475/5395/5226 2474/5396/5227
f 2474/5396/5227 2473/5397/5228 2681/5394/5225
f 2681/5394/5225 2473/5397/5228 2472/5398/5229
f 2681/5394/5225 2472/5398/5229 2420/5399/5230
f 2420/5399/5230 2472/5398/5229 2471/5400/5231
f 2420/5399/5230 2471/5400/5231 2421/5366/5197
f 2421/5366/5197 2471/5400/5231 2470/5364/5195
f 2444/5401/5232 2655/5292/5123 2409/5402/5233
f 2409/5402/5233 2655/5292/5123 2667/5254/5085
f 2409/5402/5233 2667/5254/5085 2410/5259/5090
f 2444/5401/5232 2443/5324/5155 2655/5292/5123
f 2438/5308/5139 2437/5403/5234 2653/5303/5134
f 2653/5303/5134 2437/5403/5234 2436/5404/5235
f 2653/5303/5134 2436/5404/5235 2641/5334/5165
f 2641/5334/5165 2436/5404/5235 2435/5405/5236
f 2641/5334/5165 2435/5405/5236 2434/5332/5163
f 2429/5353/5184 2428/5406/5237 2637/5348/5179
f 2637/5348/5179 2428/5406/5237 2427/5407/5238
f 2637/5348/5179 2427/5407/5238 2638/5380/5211
f 2638/5380/5211 2427/5407/5238 2426/5408/5239
f 2638/5380/5211 2426/5408/5239 2425/5378/5209
f 2420/5399/5230 2419/5409/5240 2681/5394/5225
f 2681/5394/5225 2419/5409/5240 2418/5410/5241
f 2681/5394/5225 2418/5410/5241 2669/5277/5108
f 2669/5277/5108 2418/5410/5241 2417/5411/5242
f 2669/5277/5108 2417/5411/5242 2416/5275/5106
f 2590/5412/5243 2589/5413/5244 2668/5414/5245
f 2668/5414/5245 2589/5413/5244 2612/5415/5246
f 2668/5414/5245 2612/5415/5246 2675/5416/5247
f 2675/5416/5247 2612/5415/5246 2611/5417/5248
f 2675/5416/5247 2611/5417/5248 2676/5418/5249
f 2676/5418/5249 2611/5417/5248 2610/5419/5250
f 2676/5418/5249 2610/5419/5250 2677/5420/5251
f 2677/5420/5251 2610/5419/5250 2678/5421/5252
f 2678/5421/5252 2610/5419/5250 2609/5422/5253
f 2678/5421/5252 2609/5422/5253 2679/5423/5254
f 2679/5423/5254 2609/5422/5253 2608/5424/5255
f 2679/5423/5254 2608/5424/5255 2680/5425/5256
f 2680/5425/5256 2608/5424/5255 2607/5426/5257
f 2680/5425/5256 2607/5426/5257 2606/5427/5258
f 2606/5427/5258 2605/5428/5259 2680/5425/5256
f 2680/5425/5256 2605/5428/5259 2604/5429/5260
f 2680/5425/5256 2604/5429/5260 2402/5430/5261
f 2402/5430/5261 2604/5429/5260 2603/5431/5262
f 2402/5430/5261 2603/5431/5262 2403/5432/5263
f 2403/5432/5263 2603/5431/5262 2602/5433/5264
f 2403/5432/5263 2602/5433/5264 2601/5434/5265
f 2601/5434/5265 2600/5435/5266 2403/5432/5263
f 2403/5432/5263 2600/5435/5266 2404/5436/5267
f 2404/5436/5267 2600/5435/5266 2599/5437/5268
f 2404/5436/5267 2599/5437/5268 2598/5438/5269
f 2404/5436/5267 2598/5438/5269 2405/5439/5270
f 2405/5439/5270 2598/5438/5269 2597/5440/5271
f 2405/5439/5270 2597/5440/5271 2596/5441/5272
f 2405/5439/5270 2596/5441/5272 2406/5442/5273
f 2406/5442/5273 2596/5441/5272 2595/5443/5274
f 2406/5442/5273 2595/5443/5274 2594/5444/5275
f 2594/5444/5275 2593/5445/5276 2406/5442/5273
f 2406/5442/5273 2593/5445/5276 2407/5446/5277
f 2407/5446/5277 2593/5445/5276 2592/5447/5278
f 2407/5446/5277 2592/5447/5278 2668/5414/5245
f 2668/5414/5245 2592/5447/5278 2591/5448/5279
f 2668/5414/5245 2591/5448/5279 2590/5412/5243
f 2542/5449/5280 2541/5450/5281 2666/5451/5282
f 2666/5451/5282 2541/5450/5281 2564/5452/5283
f 2666/5451/5282 2564/5452/5283 2563/5453/5284
f 2563/5453/5284 2562/5454/5285 2666/5451/5282
f 2666/5451/5282 2562/5454/5285 2375/5455/5286
f 2666/5451/5282 2375/5455/5286 2374/5456/5287
f 2562/5454/5285 2561/5457/5288 2375/5455/5286
f 2375/5455/5286 2561/5457/5288 2376/5458/5289
f 2376/5458/5289 2561/5457/5288 2560/5459/5290
f 2376/5458/5289 2560/5459/5290 2559/5460/5291
f 2559/5460/5291 2558/5461/5292 2376/5458/5289
f 2376/5458/5289 2558/5461/5292 2377/5462/5293
f 2377/5462/5293 2558/5461/5292 2557/5463/5294
f 2377/5462/5293 2557/5463/5294 2556/5464/5295
f 2377/5462/5293 2556/5464/5295 2378/5465/5296
f 2378/5465/5296 2556/5464/5295 2555/5466/5297
f 2378/5465/5296 2555/5466/5297 2554/5467/5298
f 2378/5465/5296 2554/5467/5298 2379/5468/5299
f 2379/5468/5299 2554/5467/5298 2553/5469/5300
f 2379/5468/5299 2553/5469/5300 2552/5470/5301
f 2552/5470/5301 2551/5471/5302 2379/5468/5299
f 2379/5468/5299 2551/5471/5302 2380/5472/5303
f 2380/5472/5303 2551/5471/5302 2550/5473/5304
f 2380/5472/5303 2550/5473/5304 2654/5474/5305
f 2654/5474/5305 2550/5473/5304 2549/5475/5306
f 2654/5474/5305 2549/5475/5306 2548/5476/5307
f 2548/5476/5307 2547/5477/5308 2654/5474/5305
f 2654/5474/5305 2547/5477/5308 2546/5478/5309
f 2654/5474/5305 2546/5478/5309 2661/5479/5310
f 2661/5479/5310 2546/5478/5309 2545/5480/5311
f 2661/5479/5310 2545/5480/5311 2662/5481/5312
f 2662/5481/5312 2545/5480/5311 2544/5482/5313
f 2662/5481/5312 2544/5482/5313 2663/5483/5314
f 2663/5483/5314 2544/5482/5313 2664/5484/5315
f 2664/5484/5315 2544/5482/5313 2543/5485/5316
f 2664/5484/5315 2543/5485/5316 2665/5486/5317
f 2665/5486/5317 2543/5485/5316 2542/5449/5280
f 2665/5486/5317 2542/5449/5280 2666/5451/5282
f 2494/5487/5318 2493/5488/5319 2385/5489/5320
f 2385/5489/5320 2493/5488/5319 2516/5490/5321
f 2385/5489/5320 2516/5490/5321 2386/5491/5322
f 2386/5491/5322 2516/5490/5321 2515/5492/5323
f 2386/5491/5322 2515/5492/5323 2514/5493/5324
f 2386/5491/5322 2514/5493/5324 2387/5494/5325
f 2387/5494/5325 2514/5493/5324 2513/5495/5326
f 2387/5494/5325 2513/5495/5326 2512/5496/5327
f 2387/5494/5325 2512/5496/5327 2388/5497/5328
f 2388/5497/5328 2512/5496/5327 2511/5498/5329
f 2388/5497/5328 2511/5498/5329 2510/5499/5330
f 2510/5499/5330 2509/5500/5331 2388/5497/5328
f 2388/5497/5328 2509/5500/5331 2389/5501/5332
f 2389/5501/5332 2509/5500/5331 2508/5502/5333
f 2389/5501/5332 2508/5502/5333 2640/5503/5334
f 2640/5503/5334 2508/5502/5333 2507/5504/5335
f 2640/5503/5334 2507/5504/5335 2506/5505/5336
f 2506/5505/5336 2505/5506/5337 2640/5503/5334
f 2640/5503/5334 2505/5506/5337 2504/5507/5338
f 2640/5503/5334 2504/5507/5338 2647/5508/5339
f 2647/5508/5339 2504/5507/5338 2503/5509/5340
f 2647/5508/5339 2503/5509/5340 2648/5510/5341
f 2648/5510/5341 2503/5509/5340 2502/5511/5342
f 2648/5510/5341 2502/5511/5342 2649/5512/5343
f 2649/5512/5343 2502/5511/5342 2650/5513/5344
f 2650/5513/5344 2502/5511/5342 2501/5514/5345
f 2650/5513/5344 2501/5514/5345 2651/5515/5346
f 2651/5515/5346 2501/5514/5345 2500/5516/5347
f 2651/5515/5346 2500/5516/5347 2652/5517/5348
f 2652/5517/5348 2500/5516/5347 2499/5518/5349
f 2652/5517/5348 2499/5518/5349 2498/5519/5350
f 2498/5519/5350 2497/5520/5351 2652/5517/5348
f 2652/5517/5348 2497/5520/5351 2496/5521/5352
f 2652/5517/5348 2496/5521/5352 2384/5522/5353
f 2384/5522/5353 2496/5521/5352 2495/5523/5354
f 2384/5522/5353 2495/5523/5354 2385/5489/5320
f 2385/5489/5320 2495/5523/5354 2494/5487/5318
f 2446/5524/5355 2445/5525/5356 2397/5526/5357
f 2397/5526/5357 2445/5525/5356 2468/5527/5358
f 2397/5526/5357 2468/5527/5358 2467/5528/5359
f 2397/5526/5357 2467/5528/5359 2398/5529/5360
f 2398/5529/5360 2467/5528/5359 2466/5530/5361
f 2398/5529/5360 2466/5530/5361 2682/5531/5362
f 2682/5531/5362 2466/5530/5361 2465/5532/5363
f 2682/5531/5362 2465/5532/5363 2464/5533/5364
f 2464/5533/5364 2463/5534/5365 2682/5531/5362
f 2682/5531/5362 2463/5534/5365 2462/5535/5366
f 2682/5531/5362 2462/5535/5366 2688/5536/5367
f 2688/5536/5367 2462/5535/5366 2461/5537/5368
f 2688/5536/5367 2461/5537/5368 2689/5538/5369
f 2689/5538/5369 2461/5537/5368 2460/5539/5370
f 2689/5538/5369 2460/5539/5370 2690/5540/5371
f 2690/5540/5371 2460/5539/5370 2691/5541/5372
f 2691/5541/5372 2460/5539/5370 2459/5542/5373
f 2691/5541/5372 2459/5542/5373 2692/5543/5374
f 2692/5543/5374 2459/5542/5373 2458/5544/5375
f 2692/5543/5374 2458/5544/5375 2639/5545/5376
f 2639/5545/5376 2458/5544/5375 2457/5546/5377
f 2639/5545/5376 2457/5546/5377 2456/5547/5378
f 2456/5547/5378 2455/5548/5379 2639/5545/5376
f 2639/5545/5376 2455/5548/5379 2454/5549/5380
f 2639/5545/5376 2454/5549/5380 2393/5550/5381
f 2393/5550/5381 2454/5549/5380 2453/5551/5382
f 2393/5550/5381 2453/5551/5382 2394/5552/5383
f 2394/5552/5383 2453/5551/5382 2452/5553/5384
f 2394/5552/5383 2452/5553/5384 2451/5554/5385
f 2451/5554/5385 2450/5555/5386 2394/5552/5383
f 2394/5552/5383 2450/5555/5386 2395/5556/5387
f 2395/5556/5387 2450/5555/5386 2449/5557/5388
f 2395/5556/5387 2449/5557/5388 2448/5558/5389
f 2395/5556/5387 2448/5558/5389 2396/5559/5390
f 2396/5559/5390 2448/5558/5389 2447/5560/5391
f 2396/5559/5390 2447/5560/5391 2446/5524/5355
f 2396/5559/5390 2446/5524/5355 2397/5526/5357
f 2408/5561/5392 2668/5414/5245 2373/5562/5393
f 2373/5562/5393 2668/5414/5245 2666/5451/5282
f 2373/5562/5393 2666/5451/5282 2374/5456/5287
f 2408/5561/5392 2407/5446/5277 2668/5414/5245
f 2402/5430/5261 2401/5563/5394 2680/5425/5256
f 2680/5425/5256 2401/5563/5394 2400/5564/5395
f 2680/5425/5256 2400/5564/5395 2682/5531/5362
f 2682/5531/5362 2400/5564/5395 2399/5565/5396
f 2682/5531/5362 2399/5565/5396 2398/5529/5360
f 2393/5550/5381 2392/5566/5397 2639/5545/5376
f 2639/5545/5376 2392/5566/5397 2391/5567/5398
f 2639/5545/5376 2391/5567/5398 2640/5503/5334
f 2640/5503/5334 2391/5567/5398 2390/5568/5399
f 2640/5503/5334 2390/5568/5399 2389/5501/5332
f 2384/5522/5353 2383/5569/5400 2652/5517/5348
f 2652/5517/5348 2383/5569/5400 2382/5570/5401
f 2652/5517/5348 2382/5570/5401 2654/5474/5305
f 2654/5474/5305 2382/5570/5401 2381/5571/5402
f 2654/5474/5305 2381/5571/5402 2380/5472/5303
g Cuerpo3

v -0.750000 1.990000 -1.450000
v -0.738606 1.859764 -1.450000
v -0.704769 1.733485 -1.450000
v -0.649519 1.615000 -1.450000
v -0.574533 1.507909 -1.450000
v -0.482091 1.415467 -1.450000
v -0.375000 1.340481 -1.450000
v -0.256515 1.285231 -1.450000
v -0.130236 1.251394 -1.450000
v 0.000000 1.240000 -1.450000
v 0.130236 1.251394 -1.450000
v 0.256515 1.285231 -1.450000
v 0.375000 1.340481 -1.450000
v 0.482091 1.415467 -1.450000
v 0.574533 1.507909 -1.450000
v 0.649519 1.615000 -1.450000
v 0.704769 1.733485 -1.450000
v 0.738606 1.859764 -1.450000
v 0.750000 1.990000 -1.450000
v 0.738606 2.120236 -1.450000
v 0.704769 2.246515 -1.450000
v 0.649519 2.365000 -1.450000
v 0.574533 2.472091 -1.450000
v 0.482091 2.564533 -1.450000
v 0.375000 2.639519 -1.450000
v 0.256515 2.694769 -1.450000
v 0.130236 2.728606 -1.450000
v 0.000000 2.740000 -1.450000
v -0.130236 2.728606 -1.450000
v -0.256515 2.694769 -1.450000
v -0.375000 2.639519 -1.450000
v -0.482091 2.564533 -1.450000
v -0.574533 2.472091 -1.450000
v -0.649519 2.365000 -1.450000
v -0.704769 2.246515 -1.450000
v -0.738606 2.120236 -1.450000
v -0.750000 1.990000 -2.500000
v -0.738606 2.120236 -2.500000
v -0.704769 2.246515 -2.500000
v -0.649519 2.365000 -2.500000
v -0.574533 2.472091 -2.500000
v -0.482091 2.564533 -2.500000
v -0.375000 2.639519 -2.500000
v -0.256515 2.694769 -2.500000
v -0.130236 2.728606 -2.500000
v 0.000000 2.740000 -2.500000
v 0.130236 2.728606 -2.500000
v 0.256515 2.694769 -2.500000
v 0.375000 2.639519 -2.500000
v 0.482091 2.564533 -2.500000
v 0.574533 2.472091 -2.500000
v 0.649519 2.365000 -2.500000
v 0.704769 2.246515 -2.500000
v 0.738606 2.120236 -2.500000
v 0.750000 1.990000 -2.500000
v 0.738606 1.859764 -2.500000
v 0.704769 1.733485 -2.500000
v 0.649519 1.615000 -2.500000
v 0.574533 1.507909 -2.500000
v 0.482091 1.415467 -2.500000
v 0.375000 1.340481 -2.500000
v 0.256515 1.285231 -2.500000
v 0.130236 1.251394 -2.500000
v 0.000000 1.240000 -2.500000
v -0.130236 1.251394 -2.500000
v -0.256515 1.285231 -2.500000
v -0.375000 1.340481 -2.500000
v -0.482091 1.415467 -2.500000
v -0.574533 1.507909 -2.500000
v -0.649519 1.615000 -2.500000
v -0.704769 1.733485 -2.500000
v -0.738606 1.859764 -2.500000
v 0.670000 2.760000 -1.450000
v 0.673407 2.734118 -1.450000
v 0.683397 2.710000 -1.450000
v 0.699289 2.689289 -1.450000
v 0.720000 2.673397 -1.450000
v 0.744118 2.663407 -1.450000
v 0.770000 2.660000 -1.450000
v 0.795882 2.663407 -1.450000
v 0.820000 2.673397 -1.450000
v 0.840711 2.689289 -1.450000
v 0.856603 2.710000 -1.450000
v 0.866593 2.734118 -1.450000
v 0.870000 2.760000 -1.450000
v 0.866593 2.785882 -1.450000
v 0.856603 2.810000 -1.450000
v 0.840711 2.830711 -1.450000
v 0.820000 2.846603 -1.450000
v 0.795882 2.856593 -1.450000
v 0.770000 2.860000 -1.450000
v 0.744118 2.856593 -1.450000
v 0.720000 2.846603 -1.450000
v 0.699289 2.830711 -1.450000
v 0.683397 2.810000 -1.450000
v 0.673407 2.785882 -1.450000
v 0.670000 2.760000 -2.500000
v 0.673407 2.785882 -2.500000
v 0.683397 2.810000 -2.500000
v 0.699289 2.830711 -2.500000
v 0.720000 2.846603 -2.500000
v 0.744118 2.856593 -2.500000
v 0.770000 2.860000 -2.500000
v 0.795882 2.856593 -2.500000
v 0.820000 2.846603 -2.500000
v 0.840711 2.830711 -2.500000
v 0.856603 2.810000 -2.500000
v 0.866593 2.785882 -2.500000
v 0.870000 2.760000 -2.500000
v 0.866593 2.734118 -2.500000
v 0.856603 2.710000 -2.500000
v 0.840711 2.689289 -2.500000
v 0.820000 2.673397 -2.500000
v 0.795882 2.663407 -2.500000
v 0.770000 2.660000 -2.500000
v 0.744118 2.663407 -2.500000
v 0.720000 2.673397 -2.500000
v 0.699289 2.689289 -2.500000
v 0.683397 2.710000 -2.500000
v 0.673407 2.734118 -2.500000
v 0.670000 2.760000 -1.975000
v 0.673407 2.734118 -1.975000
v 0.683397 2.710000 -1.975000
v 0.699289 2.689289 -1.975000
v 0.720000 2.673397 -1.975000
v 0.744118 2.663407 -1.975000
v 0.770000 2.660000 -1.975000
v 0.795882 2.663407 -1.975000
v 0.820000 2.673397 -1.975000
v 0.840711 2.689289 -1.975000
v 0.856603 2.710000 -1.975000
v 0.866593 2.734118 -1.975000
v 0.870000 2.760000 -1.975000
v 0.866593 2.785882 -1.975000
v 0.856603 2.810000 -1.975000
v 0.840711 2.830711 -1.975000
v 0.820000 2.846603 -1.975000
v 0.795882 2.856593 -1.975000
v 0.770000 2.860000 -1.975000
v 0.744118 2.856593 -1.975000
v 0.720000 2.846603 -1.975000
v 0.699289 2.830711 -1.975000
v 0.683397 2.810000 -1.975000
v 0.673407 2.785882 -1.975000
v 0.670000 1.220000 -1.450000
v 0.673407 1.194118 -1.450000
v 0.683397 1.170000 -1.450000
v 0.699289 1.149289 -1.450000
v 0.720000 1.133397 -1.450000
v 0.744118 1.123407 -1.450000
v 0.770000 1.120000 -1.450000
v 0.795882 1.123407 -1.450000
v 0.820000 1.133397 -1.450000
v 0.840711 1.149289 -1.450000
v 0.856603 1.170000 -1.450000
v 0.866593 1.194118 -1.450000
v 0.870000 1.220000 -1.450000
v 0.866593 1.245882 -1.450000
v 0.856603 1.270000 -1.450000
v 0.840711 1.290711 -1.450000
v 0.820000 1.306603 -1.450000
v 0.795882 1.316593 -1.450000
v 0.770000 1.320000 -1.450000
v 0.744118 1.316593 -1.450000
v 0.720000 1.306603 -1.450000
v 0.699289 1.290711 -1.450000
v 0.683397 1.270000 -1.450000
v 0.673407 1.245882 -1.450000
v 0.670000 1.220000 -2.500000
v 0.673407 1.245882 -2.500000
v 0.683397 1.270000 -2.500000
v 0.699289 1.290711 -2.500000
v 0.720000 1.306603 -2.500000
v 0.744118 1.316593 -2.500000
v 0.770000 1.320000 -2.500000
v 0.795882 1.316593 -2.500000
v 0.820000 1.306603 -2.500000
v 0.840711 1.290711 -2.500000
v 0.856603 1.270000 -2.500000
v 0.866593 1.245882 -2.500000
v 0.870000 1.220000 -2.500000
v 0.866593 1.194118 -2.500000
v 0.856603 1.170000 -2.500000
v 0.840711 1.149289 -2.500000
v 0.820000 1.133397 -2.500000
v 0.795882 1.123407 -2.500000
v 0.770000 1.120000 -2.500000
v 0.744118 1.123407 -2.500000
v 0.720000 1.133397 -2.500000
v 0.699289 1.149289 -2.500000
v 0.683397 1.170000 -2.500000
v 0.673407 1.194118 -2.500000
v 0.670000 1.220000 -1.975000
v 0.673407 1.194118 -1.975000
v 0.683397 1.170000 -1.975000
v 0.699289 1.149289 -1.975000
v 0.720000 1.133397 -1.975000
v 0.744118 1.123407 -1.975000
v 0.770000 1.120000 -1.975000
v 0.795882 1.123407 -1.975000
v 0.820000 1.133397 -1.975000
v 0.840711 1.149289 -1.975000
v 0.856603 1.170000 -1.975000
v 0.866593 1.194118 -1.975000
v 0.870000 1.220000 -1.975000
v 0.866593 1.245882 -1.975000
v 0.856603 1.270000 -1.975000
v 0.840711 1.290711 -1.975000
v 0.820000 1.306603 -1.975000
v 0.795882 1.316593 -1.975000
v 0.770000 1.320000 -1.975000
v 0.744118 1.316593 -1.975000
v 0.720000 1.306603 -1.975000
v 0.699289 1.290711 -1.975000
v 0.683397 1.270000 -1.975000
v 0.673407 1.245882 -1.975000
v -0.870000 1.220000 -1.450000
v -0.866593 1.194118 -1.450000
v -0.856603 1.170000 -1.450000
v -0.840711 1.149289 -1.450000
v -0.820000 1.133397 -1.450000
v -0.795882 1.123407 -1.450000
v -0.770000 1.120000 -1.450000
v -0.744118 1.123407 -1.450000
v -0.720000 1.133397 -1.450000
v -0.699289 1.149289 -1.450000
v -0.683397 1.170000 -1.450000
v -0.673407 1.194118 -1.450000
v -0.670000 1.220000 -1.450000
v -0.673407 1.245882 -1.450000
v -0.683397 1.270000 -1.450000
v -0.699289 1.290711 -1.450000
v -0.720000 1.306603 -1.450000
v -0.744118 1.316593 -1.450000
v -0.770000 1.320000 -1.450000
v -0.795882 1.316593 -1.450000
v -0.820000 1.306603 -1.450000
v -0.840711 1.290711 -1.450000
v -0.856603 1.270000 -1.450000
v -0.866593 1.245882 -1.450000
v -0.870000 1.220000 -2.500000
v -0.866593 1.245882 -2.500000
v -0.856603 1.270000 -2.500000
v -0.840711 1.290711 -2.500000
v -0.820000 1.306603 -2.500000
v -0.795882 1.316593 -2.500000
v -0.770000 1.320000 -2.500000
v -0.744118 1.316593 -2.500000
v -0.720000 1.306603 -2.500000
v -0.699289 1.290711 -2.500000
v -0.683397 1.270000 -2.500000
v -0.673407 1.245882 -2.500000
v -0.670000 1.220000 -2.500000
v -0.673407 1.194118 -2.500000
v -0.683397 1.170000 -2.500000
v -0.699289 1.149289 -2.500000
v -0.720000 1.133397 -2.500000
v -0.744118 1.123407 -2.500000
v -0.770000 1.120000 -2.500000
v -0.795882 1.123407 -2.500000
v -0.820000 1.133397 -2.500000
v -0.840711 1.149289 -2.500000
v -0.856603 1.170000 -2.500000
v -0.866593 1.194118 -2.500000
v -0.870000 1.220000 -1.975000
v -0.866593 1.194118 -1.975000
v -0.856603 1.170000 -1.975000
v -0.840711 1.149289 -1.975000
v -0.820000 1.133397 -1.975000
v -0.795882 1.123407 -1.975000
v -0.770000 1.120000 -1.975000
v -0.744118 1.123407 -1.975000
v -0.720000 1.133397 -1.975000
v -0.699289 1.149289 -1.975000
v -0.683397 1.170000 -1.975000
v -0.673407 1.194118 -1.975000
v -0.670000 1.220000 -1.975000
v -0.673407 1.245882 -1.975000
v -0.683397 1.270000 -1.975000
v -0.699289 1.290711 -1.975000
v -0.720000 1.306603 -1.975000
v -0.744118 1.316593 -1.975000
v -0.770000 1.320000 -1.975000
v -0.795882 1.316593 -1.975000
v -0.820000 1.306603 -1.975000
v -0.840711 1.290711 -1.975000
v -0.856603 1.270000 -1.975000
v -0.866593 1.245882 -1.975000
v -0.870000 2.760000 -1.450000
v -0.866593 2.734118 -1.450000
v -0.856603 2.710000 -1.450000
v -0.840711 2.689289 -1.450000
v -0.820000 2.673397 -1.450000
v -0.795882 2.663407 -1.450000
v -0.770000 2.660000 -1.450000
v -0.744118 2.663407 -1.450000
v -0.720000 2.673397 -1.450000
v -0.699289 2.689289 -1.450000
v -0.683397 2.710000 -1.450000
v -0.673407 2.734118 -1.450000
v -0.670000 2.760000 -1.450000
v -0.673407 2.785882 -1.450000
v -0.683397 2.810000 -1.450000
v -0.699289 2.830711 -1.450000
v -0.720000 2.846603 -1.450000
v -0.744118 2.856593 -1.450000
v -0.770000 2.860000 -1.450000
v -0.795882 2.856593 -1.450000
v -0.820000 2.846603 -1.450000
v -0.840711 2.830711 -1.450000
v -0.856603 2.810000 -1.450000
v -0.866593 2.785882 -1.450000
v -0.870000 2.760000 -2.500000
v -0.866593 2.785882 -2.500000
v -0.856603 2.810000 -2.500000
v -0.840711 2.830711 -2.500000
v -0.820000 2.846603 -2.500000
v -0.795882 2.856593 -2.500000
v -0.770000 2.860000 -2.500000
v -0.744118 2.856593 -2.500000
v -0.720000 2.846603 -2.500000
v -0.699289 2.830711 -2.500000
v -0.683397 2.810000 -2.500000
v -0.673407 2.785882 -2.500000
v -0.670000 2.760000 -2.500000
v -0.673407 2.734118 -2.500000
v -0.683397 2.710000 -2.500000
v -0.699289 2.689289 -2.500000
v -0.720000 2.673397 -2.500000
v -0.744118 2.663407 -2.500000
v -0.770000 2.660000 -2.500000
v -0.795882 2.663407 -2.500000
v -0.820000 2.673397 -2.500000
v -0.840711 2.689289 -2.500000
v -0.856603 2.710000 -2.500000
v -0.866593 2.734118 -2.500000
v -0.870000 2.760000 -1.975000
v -0.866593 2.734118 -1.975000
v -0.856603 2.710000 -1.975000
v -0.840711 2.689289 -1.975000
v -0.820000 2.673397 -1.975000
v -0.795882 2.663407 -1.975000
v -0.770000 2.660000 -1.975000
v -0.744118 2.663407 -1.975000
v -0.720000 2.673397 -1.975000
v -0.699289 2.689289 -1.975000
v -0.683397 2.710000 -1.975000
v -0.673407 2.734118 -1.975000
v -0.670000 2.760000 -1.975000
v -0.673407 2.785882 -1.975000
v -0.683397 2.810000 -1.975000
v -0.699289 2.830711 -1.975000
v -0.720000 2.846603 -1.975000
v -0.744118 2.856593 -1.975000
v -0.770000 2.860000 -1.975000
v -0.795882 2.856593 -1.975000
v -0.820000 2.846603 -1.975000
v -0.840711 2.830711 -1.975000
v -0.856603 2.810000 -1.975000
v -0.866593 2.785882 -1.975000
v 1.000000 1.190000 -2.500000
v 1.000000 2.790000 -2.500000
v 1.000000 2.790000 -1.450000
v 1.000000 1.190000 -1.450000
v 0.800000 0.990000 -2.500000
v 0.851764 0.996815 -2.500000
v 0.900000 1.016795 -2.500000
v 0.941421 1.048579 -2.500000
v 0.973205 1.090000 -2.500000
v 0.993185 1.138236 -2.500000
v 0.993185 1.138236 -1.450000
v 0.973205 1.090000 -1.450000
v 0.941421 1.048579 -1.450000
v 0.900000 1.016795 -1.450000
v 0.851764 0.996815 -1.450000
v 0.800000 0.990000 -1.450000
v -0.800000 0.990000 -2.500000
v -0.800000 0.990000 -1.450000
v -1.000000 1.190000 -2.500000
v -0.993185 1.138236 -2.500000
v -0.973205 1.090000 -2.500000
v -0.941421 1.048579 -2.500000
v -0.900000 1.016795 -2.500000
v -0.851764 0.996815 -2.500000
v -0.851764 0.996815 -1.450000
v -0.900000 1.016795 -1.450000
v -0.941421 1.048579 -1.450000
v -0.973205 1.090000 -1.450000
v -0.993185 1.138236 -1.450000
v -1.000000 1.190000 -1.450000
v -1.000000 2.790000 -2.500000
v -1.000000 2.790000 -1.450000
v -0.800000 2.990000 -2.500000
v -0.851764 2.983185 -2.500000
v -0.900000 2.963205 -2.500000
v -0.941421 2.931421 -2.500000
v -0.973205 2.890000 -2.500000
v -0.993185 2.841764 -2.500000
v -0.993185 2.841764 -1.450000
v -0.973205 2.890000 -1.450000
v -0.941421 2.931421 -1.450000
v -0.900000 2.963205 -1.450000
v -0.851764 2.983185 -1.450000
v -0.800000 2.990000 -1.450000
v 0.800000 2.990000 -2.500000
v 0.800000 2.990000 -1.450000
v 0.993185 2.841764 -2.500000
v 0.973205 2.890000 -2.500000
v 0.941421 2.931421 -2.500000
v 0.900000 2.963205 -2.500000
v 0.851764 2.983185 -2.500000
v 0.851764 2.983185 -1.450000
v 0.900000 2.963205 -1.450000
v 0.941421 2.931421 -1.450000
v 0.973205 2.890000 -1.450000
v 0.993185 2.841764 -1.450000
vt 1.050000 -2.225295 0.000000
vt 0.000000 -2.225295 0.000000
vt 1.050000 -2.356194 0.000000
vt -0.000000 -2.356194 0.000000
vt 1.050000 2.356194 0.000000
vt -0.000000 2.356194 0.000000
vt 1.050000 2.225295 0.000000
vt -0.000000 2.225295 0.000000
vt -0.000000 2.094395 0.000000
vt 1.050000 -2.094395 0.000000
vt -0.000000 -2.094395 0.000000
vt 1.050000 -1.963495 0.000000
vt 0.000000 -1.963495 0.000000
vt 1.050000 -1.832596 0.000000
vt 0.000000 -1.832596 0.000000
vt 1.050000 -1.701696 0.000000
vt -0.000000 -1.701696 0.000000
vt 1.050000 -1.570796 0.000000
vt -0.000000 -1.570796 0.000000
vt 1.050000 -1.439897 0.000000
vt 0.000000 -1.439897 0.000000
vt 1.050000 -1.308997 0.000000
vt 0.000000 -1.308997 0.000000
vt 1.050000 -1.178097 0.000000
vt 0.000000 -1.178097 0.000000
vt 1.050000 -1.047198 0.000000
vt 0.000000 -1.047198 0.000000
vt 1.050000 -0.916298 0.000000
vt -0.000000 -0.916298 0.000000
vt 1.050000 -0.785398 0.000000
vt 0.000000 -0.785398 0.000000
vt 1.050000 -0.654498 0.000000
vt 0.000000 -0.654498 0.000000
vt 1.050000 -0.523599 0.000000
vt -0.000000 -0.523599 0.000000
vt 1.050000 -0.392699 0.000000
vt 0.000000 -0.392699 0.000000
vt 1.050000 -0.261799 0.000000
vt 0.000000 -0.261799 0.000000
vt 1.050000 -0.130900 0.000000
vt 0.000000 -0.130900 0.000000
vt 1.050000 0.000000 0.000000
vt 0.000000 0.000000 0.000000
vt 1.050000 0.130900 0.000000
vt 0.000000 0.130900 0.000000
vt 1.050000 0.261799 0.000000
vt 0.000000 0.261799 0.000000
vt 1.050000 0.392699 0.000000
vt 0.000000 0.392699 0.000000
vt 1.050000 0.523599 0.000000
vt -0.000000 0.523599 0.000000
vt 1.050000 0.654498 0.000000
vt 0.000000 0.654498 0.000000
vt 1.050000 0.785398 0.000000
vt 0.000000 0.785398 0.000000
vt 1.050000 0.916298 0.000000
vt 0.000000 0.916298 0.000000
vt 1.050000 1.047198 0.000000
vt 0.000000 1.047198 0.000000
vt 1.050000 1.178097 0.000000
vt 0.000000 1.178097 0.000000
vt 1.050000 1.308997 0.000000
vt -0.000000 1.308997 0.000000
vt 1.050000 1.439897 0.000000
vt -0.000000 1.439897 0.000000
vt 1.050000 1.570796 0.000000
vt -0.000000 1.570796 0.000000
vt 1.050000 1.701696 0.000000
vt -0.000000 1.701696 0.000000
vt 1.050000 1.832596 0.000000
vt -0.000000 1.832596 0.000000
vt 1.050000 1.963495 0.000000
vt -0.000000 1.963495 0.000000
vt 1.050000 2.094395 0.000000
vt 1.050000 -0.287979 0.000000
vt 0.525000 -0.287979 0.000000
vt 1.050000 -0.314159 0.000000
vt 0.525000 -0.314159 0.000000
vt 1.050000 0.314159 0.000000
vt 0.525000 0.314159 0.000000
vt 1.050000 0.287979 0.000000
vt 0.525000 0.287979 0.000000
vt 1.050000 0.261799 0.000000
vt 0.525000 0.261799 0.000000
vt 1.050000 0.235619 0.000000
vt 0.525000 0.235619 0.000000
vt 1.050000 0.209440 0.000000
vt 0.525000 0.209440 0.000000
vt 1.050000 0.183260 0.000000
vt 0.525000 0.183260 0.000000
vt 1.050000 0.157080 0.000000
vt 0.525000 0.157080 0.000000
vt 1.050000 0.130900 0.000000
vt 0.525000 0.130900 0.000000
vt 1.050000 0.104720 0.000000
vt 0.525000 0.104720 0.000000
vt 1.050000 0.078540 0.000000
vt 0.525000 0.078540 0.000000
vt 1.050000 0.052360 0.000000
vt 0.525000 0.052360 0.000000
vt 1.050000 0.026180 0.000000
vt 0.525000 0.026180 0.000000
vt 1.050000 0.000000 0.000000
vt 0.525000 0.000000 0.000000
vt 1.050000 -0.026180 0.000000
vt 0.525000 -0.026180 0.000000
vt 1.050000 -0.052360 0.000000
vt 0.525000 -0.052360 0.000000
vt 1.050000 -0.078540 0.000000
vt 0.525000 -0.078540 0.000000
vt 1.050000 -0.104720 0.000000
vt 0.525000 -0.104720 0.000000
vt 1.050000 -0.130900 0.000000
vt 0.525000 -0.130900 0.000000
vt 1.050000 -0.157080 0.000000
vt 0.525000 -0.157080 0.000000
vt 1.050000 -0.183260 0.000000
vt 0.525000 -0.183260 0.000000
vt 1.050000 -0.209440 0.000000
vt 0.525000 -0.209440 0.000000
vt 1.050000 -0.235619 0.000000
vt 0.525000 -0.235619 0.000000
vt 1.050000 -0.261799 0.000000
vt 0.525000 -0.261799 0.000000
vt -0.000000 0.287979 0.000000
vt -0.000000 0.314159 0.000000
vt -0.000000 -0.314159 0.000000
vt -0.000000 -0.287979 0.000000
vt -0.000000 -0.261799 0.000000
vt -0.000000 -0.235619 0.000000
vt 0.000000 -0.209440 0.000000
vt 0.000000 -0.183260 0.000000
vt 0.000000 -0.157080 0.000000
vt -0.000000 -0.130900 0.000000
vt -0.000000 -0.104720 0.000000
vt -0.000000 -0.078540 0.000000
vt -0.000000 -0.052360 0.000000
vt 0.000000 -0.026180 0.000000
vt 0.000000 0.000000 0.000000
vt 0.000000 0.026180 0.000000
vt -0.000000 0.052360 0.000000
vt -0.000000 0.078540 0.000000
vt -0.000000 0.104720 0.000000
vt 0.000000 0.130900 0.000000
vt 0.000000 0.157080 0.000000
vt -0.000000 0.183260 0.000000
vt -0.000000 0.209440 0.000000
vt -0.000000 0.235619 0.000000
vt -0.000000 0.261799 0.000000
vt 1.050000 -0.287979 0.000000
vt 0.525000 -0.287979 0.000000
vt 1.050000 -0.314159 0.000000
vt 0.525000 -0.314159 0.000000
vt 1.050000 0.314159 0.000000
vt 0.525000 0.314159 0.000000
vt 1.050000 0.287979 0.000000
vt 0.525000 0.287979 0.000000
vt 1.050000 0.261799 0.000000
vt 0.525000 0.261799 0.000000
vt 1.050000 0.235619 0.000000
vt 0.525000 0.235619 0.000000
vt 1.050000 0.209440 0.000000
vt 0.525000 0.209440 0.000000
vt 1.050000 0.183260 0.000000
vt 0.525000 0.183260 0.000000
vt 1.050000 0.157080 0.000000
vt 0.525000 0.157080 0.000000
vt 1.050000 0.130900 0.000000
vt 0.525000 0.130900 0.000000
vt 1.050000 0.104720 0.000000
vt 0.525000 0.104720 0.000000
vt 1.050000 0.078540 0.000000
vt 0.525000 0.078540 0.000000
vt 1.050000 0.052360 0.000000
vt 0.525000 0.052360 0.000000
vt 1.050000 0.026180 0.000000
vt 0.525000 0.026180 0.000000
vt 1.050000 0.000000 0.000000
vt 0.525000 0.000000 0.000000
vt 1.050000 -0.026180 0.000000
vt 0.525000 -0.026180 0.000000
vt 1.050000 -0.052360 0.000000
vt 0.525000 -0.052360 0.000000
vt 1.050000 -0.078540 0.000000
vt 0.525000 -0.078540 0.000000
vt 1.050000 -0.104720 0.000000
vt 0.525000 -0.104720 0.000000
vt 1.050000 -0.130900 0.000000
vt 0.525000 -0.130900 0.000000
vt 1.050000 -0.157080 0.000000
vt 0.525000 -0.157080 0.000000
vt 1.050000 -0.183260 0.000000
vt 0.525000 -0.183260 0.000000
vt 1.050000 -0.209440 0.000000
vt 0.525000 -0.209440 0.000000
vt 1.050000 -0.235619 0.000000
vt 0.525000 -0.235619 0.000000
vt 1.050000 -0.261799 0.000000
vt 0.525000 -0.261799 0.000000
vt -0.000000 0.287979 0.000000
vt 0.000000 0.314159 0.000000
vt 0.000000 -0.314159 0.000000
vt -0.000000 -0.287979 0.000000
vt -0.000000 -0.261799 0.000000
vt 0.000000 -0.235619 0.000000
vt 0.000000 -0.209440 0.000000
vt 0.000000 -0.183260 0.000000
vt 0.000000 -0.157080 0.000000
vt -0.000000 -0.130900 0.000000
vt -0.000000 -0.104720 0.000000
vt 0.000000 -0.078540 0.000000
vt 0.000000 -0.052360 0.000000
vt 0.000000 -0.026180 0.000000
vt 0.000000 0.000000 0.000000
vt 0.000000 0.026180 0.000000
vt -0.000000 0.052360 0.000000
vt 0.000000 0.078540 0.000000
vt 0.000000 0.104720 0.000000
vt 0.000000 0.130900 0.000000
vt 0.000000 0.157080 0.000000
vt -0.000000 0.183260 0.000000
vt -0.000000 0.209440 0.000000
vt -0.000000 0.235619 0.000000
vt -0.000000 0.261799 0.000000
vt 1.050000 -0.287979 0.000000
vt 0.525000 -0.287979 0.000000
vt 1.050000 -0.314159 0.000000
vt 0.525000 -0.314159 0.000000
vt 1.050000 0.314159 0.000000
vt 0.525000 0.314159 0.000000
vt 1.050000 0.287979 0.000000
vt 0.525000 0.287979 0.000000
vt 1.050000 0.261799 0.000000
vt 0.525000 0.261799 0.000000
vt 1.050000 0.235619 0.000000
vt 0.525000 0.235619 0.000000
vt 1.050000 0.209440 0.000000
vt 0.525000 0.209440 0.000000
vt 1.050000 0.183260 0.000000
vt 0.525000 0.183260 0.000000
vt 1.050000 0.157080 0.000000
vt 0.525000 0.157080 0.000000
vt 1.050000 0.130900 0.000000
vt 0.525000 0.130900 0.000000
vt 1.050000 0.104720 0.000000
vt 0.525000 0.104720 0.000000
vt 1.050000 0.078540 0.000000
vt 0.525000 0.078540 0.000000
vt 1.050000 0.052360 0.000000
vt 0.525000 0.052360 0.000000
vt 1.050000 0.026180 0.000000
vt 0.525000 0.026180 0.000000
vt 1.050000 0.000000 0.000000
vt 0.525000 0.000000 0.000000
vt 1.050000 -0.026180 0.000000
vt 0.525000 -0.026180 0.000000
vt 1.050000 -0.052360 0.000000
vt 0.525000 -0.052360 0.000000
vt 1.050000 -0.078540 0.000000
vt 0.525000 -0.078540 0.000000
vt 1.050000 -0.104720 0.000000
vt 0.525000 -0.104720 0.000000
vt 1.050000 -0.130900 0.000000
vt 0.525000 -0.130900 0.000000
vt 1.050000 -0.157080 0.000000
vt 0.525000 -0.157080 0.000000
vt 1.050000 -0.183260 0.000000
vt 0.525000 -0.183260 0.000000
vt 1.050000 -0.209440 0.000000
vt 0.525000 -0.209440 0.000000
vt 1.050000 -0.235619 0.000000
vt 0.525000 -0.235619 0.000000
vt 1.050000 -0.261799 0.000000
vt 0.525000 -0.261799 0.000000
vt -0.000000 0.287979 0.000000
vt 0.000000 0.314159 0.000000
vt 0.000000 -0.314159 0.000000
vt -0.000000 -0.287979 0.000000
vt -0.000000 -0.261799 0.000000
vt 0.000000 -0.235619 0.000000
vt 0.000000 -0.209440 0.000000
vt 0.000000 -0.183260 0.000000
vt 0.000000 -0.157080 0.000000
vt -0.000000 -0.130900 0.000000
vt -0.000000 -0.104720 0.000000
vt 0.000000 -0.078540 0.000000
vt 0.000000 -0.052360 0.000000
vt 0.000000 -0.026180 0.000000
vt 0.000000 0.000000 0.000000
vt 0.000000 0.026180 0.000000
vt -0.000000 0.052360 0.000000
vt 0.000000 0.078540 0.000000
vt 0.000000 0.104720 0.000000
vt 0.000000 0.130900 0.000000
vt 0.000000 0.157080 0.000000
vt -0.000000 0.183260 0.000000
vt -0.000000 0.209440 0.000000
vt -0.000000 0.235619 0.000000
vt -0.000000 0.261799 0.000000
vt 1.050000 -0.287979 0.000000
vt 0.525000 -0.287979 0.000000
vt 1.050000 -0.314159 0.000000
vt 0.525000 -0.314159 0.000000
vt 1.050000 0.314159 0.000000
vt 0.525000 0.314159 0.000000
vt 1.050000 0.287979 0.000000
vt 0.525000 0.287979 0.000000
vt 1.050000 0.261799 0.000000
vt 0.525000 0.261799 0.000000
vt 1.050000 0.235619 0.000000
vt 0.525000 0.235619 0.000000
vt 1.050000 0.209440 0.000000
vt 0.525000 0.209440 0.000000
vt 1.050000 0.183260 0.000000
vt 0.525000 0.183260 0.000000
vt 1.050000 0.157080 0.000000
vt 0.525000 0.157080 0.000000
vt 1.050000 0.130900 0.000000
vt 0.525000 0.130900 0.000000
vt 1.050000 0.104720 0.000000
vt 0.525000 0.104720 0.000000
vt 1.050000 0.078540 0.000000
vt 0.525000 0.078540 0.000000
vt 1.050000 0.052360 0.000000
vt 0.525000 0.052360 0.000000
vt 1.050000 0.026180 0.000000
vt 0.525000 0.026180 0.000000
vt 1.050000 0.000000 0.000000
vt 0.525000 0.000000 0.000000
vt 1.050000 -0.026180 0.000000
vt 0.525000 -0.026180 0.000000
vt 1.050000 -0.052360 0.000000
vt 0.525000 -0.052360 0.000000
vt 1.050000 -0.078540 0.000000
vt 0.525000 -0.078540 0.000000
vt 1.050000 -0.104720 0.000000
vt 0.525000 -0.104720 0.000000
vt 1.050000 -0.130900 0.000000
vt 0.525000 -0.130900 0.000000
vt 1.050000 -0.157080 0.000000
vt 0.525000 -0.157080 0.000000
vt 1.050000 -0.183260 0.000000
vt 0.525000 -0.183260 0.000000
vt 1.050000 -0.209440 0.000000
vt 0.525000 -0.209440 0.000000
vt 1.050000 -0.235619 0.000000
vt 0.525000 -0.235619 0.000000
vt 1.050000 -0.261799 0.000000
vt 0.525000 -0.261799 0.000000
vt -0.000000 0.287979 0.000000
vt 0.000000 0.314159 0.000000
vt 0.000000 -0.314159 0.000000
vt -0.000000 -0.287979 0.000000
vt -0.000000 -0.261799 0.000000
vt 0.000000 -0.235619 0.000000
vt 0.000000 -0.209440 0.000000
vt 0.000000 -0.183260 0.000000
vt 0.000000 -0.157080 0.000000
vt -0.000000 -0.130900 0.000000
vt -0.000000 -0.104720 0.000000
vt 0.000000 -0.078540 0.000000
vt 0.000000 -0.052360 0.000000
vt 0.000000 -0.026180 0.000000
vt 0.000000 0.000000 0.000000
vt 0.000000 0.026180 0.000000
vt -0.000000 0.052360 0.000000
vt 0.000000 0.078540 0.000000
vt 0.000000 0.104720 0.000000
vt 0.000000 0.130900 0.000000
vt 0.000000 0.157080 0.000000
vt -0.000000 0.183260 0.000000
vt -0.000000 0.209440 0.000000
vt -0.000000 0.235619 0.000000
vt -0.000000 0.261799 0.000000
vt 0.000000 0.000000 0.000000
vt 1.600000 0.000000 0.000000
vt 0.000000 1.050000 0.000000
vt 1.600000 1.050000 0.000000
vt -1.050000 -0.314159 0.000000
vt -0.000000 -0.314159 0.000000
vt -1.050000 -0.261799 0.000000
vt -0.000000 -0.261799 0.000000
vt -1.050000 -0.209440 0.000000
vt -0.000000 -0.209440 0.000000
vt -1.050000 -0.157080 0.000000
vt -0.000000 -0.157080 0.000000
vt -1.050000 -0.104720 0.000000
vt -0.000000 -0.104720 0.000000
vt -1.050000 -0.052360 0.000000
vt -0.000000 -0.052360 0.000000
vt -1.050000 0.000000 0.000000
vt -0.000000 0.000000 0.000000
vt 0.000000 0.000000 0.000000
vt 1.600000 0.000000 0.000000
vt 0.000000 1.050000 0.000000
vt 1.600000 1.050000 0.000000
vt -1.050000 -0.314159 0.000000
vt -0.000000 -0.314159 0.000000
vt -1.050000 -0.261799 0.000000
vt -0.000000 -0.261799 0.000000
vt -1.050000 -0.209440 0.000000
vt -0.000000 -0.209440 0.000000
vt -1.050000 -0.157080 0.000000
vt -0.000000 -0.157080 0.000000
vt -1.050000 -0.104720 0.000000
vt -0.000000 -0.104720 0.000000
vt -1.050000 -0.052360 0.000000
vt -0.000000 -0.052360 0.000000
vt -1.050000 0.000000 0.000000
vt -0.000000 0.000000 0.000000
vt 0.000000 0.000000 0.000000
vt 1.600000 0.000000 0.000000
vt 0.000000 1.050000 0.000000
vt 1.600000 1.050000 0.000000
vt -1.050000 -0.314159 0.000000
vt -0.000000 -0.314159 0.000000
vt -1.050000 -0.261799 0.000000
vt 0.000000 -0.261799 0.000000
vt -1.050000 -0.209440 0.000000
vt 0.000000 -0.209440 0.000000
vt -1.050000 -0.157080 0.000000
vt 0.000000 -0.157080 0.000000
vt -1.050000 -0.104720 0.000000
vt 0.000000 -0.104720 0.000000
vt -1.050000 -0.052360 0.000000
vt 0.000000 -0.052360 0.000000
vt -1.050000 0.000000 0.000000
vt -0.000000 0.000000 0.000000
vt 0.000000 0.000000 0.000000
vt 1.600000 0.000000 0.000000
vt 0.000000 1.050000 0.000000
vt 1.600000 1.050000 0.000000
vt -1.050000 -0.314159 0.000000
vt -0.000000 -0.314159 0.000000
vt -1.050000 -0.261799 0.000000
vt -0.000000 -0.261799 0.000000
vt -1.050000 -0.209440 0.000000
vt -0.000000 -0.209440 0.000000
vt -1.050000 -0.157080 0.000000
vt -0.000000 -0.157080 0.000000
vt -1.050000 -0.104720 0.000000
vt -0.000000 -0.104720 0.000000
vt -1.050000 -0.052360 0.000000
vt -0.000000 -0.052360 0.000000
vt -1.050000 0.000000 0.000000
vt -0.000000 0.000000 0.000000
vt 0.866593 -0.744118 0.000000
vt 0.870000 -0.770000 0.000000
vt 1.000000 -0.800000 0.000000
vt 0.866593 -0.795882 0.000000
vt 0.993185 -0.851764 0.000000
vt 0.856603 -0.820000 0.000000
vt 0.973205 -0.900000 0.000000
vt 0.840711 -0.840711 0.000000
vt 0.941421 -0.941421 0.000000
vt 0.900000 -0.973205 0.000000
vt 0.820000 -0.856603 0.000000
vt 0.851764 -0.993185 0.000000
vt 0.795882 -0.866593 0.000000
vt 0.800000 -1.000000 0.000000
vt 0.770000 -0.870000 0.000000
vt 0.744118 -0.866593 0.000000
vt 0.720000 -0.856603 0.000000
vt 0.699289 -0.840711 0.000000
vt 0.256515 -0.704769 0.000000
vt 0.683397 -0.820000 0.000000
vt 0.375000 -0.649519 0.000000
vt 0.673407 -0.795882 0.000000
vt 0.670000 -0.770000 0.000000
vt 0.673407 -0.744118 0.000000
vt 0.482091 -0.574533 0.000000
vt 0.683397 -0.720000 0.000000
vt 0.699289 -0.699289 0.000000
vt 0.574533 -0.482091 0.000000
vt 0.720000 -0.683397 0.000000
vt 0.744118 -0.673407 0.000000
vt 0.649519 -0.375000 0.000000
vt 0.770000 -0.670000 0.000000
vt 0.795882 -0.673407 0.000000
vt 0.820000 -0.683397 0.000000
vt 0.704769 -0.256515 0.000000
vt 0.840711 -0.699289 0.000000
vt 0.856603 -0.720000 0.000000
vt 0.866593 0.795882 0.000000
vt 0.870000 0.770000 0.000000
vt 1.000000 0.800000 0.000000
vt 0.866593 0.744118 0.000000
vt 0.856603 0.720000 0.000000
vt 0.840711 0.699289 0.000000
vt 0.704769 0.256515 0.000000
vt 0.738606 0.130236 0.000000
vt 0.820000 0.683397 0.000000
vt 0.649519 0.375000 0.000000
vt 0.795882 0.673407 0.000000
vt 0.770000 0.670000 0.000000
vt 0.744118 0.673407 0.000000
vt 0.574533 0.482091 0.000000
vt 0.720000 0.683397 0.000000
vt 0.699289 0.699289 0.000000
vt 0.482091 0.574533 0.000000
vt 0.683397 0.720000 0.000000
vt 0.673407 0.744118 0.000000
vt 0.375000 0.649519 0.000000
vt 0.670000 0.770000 0.000000
vt 0.673407 0.795882 0.000000
vt 0.683397 0.820000 0.000000
vt 0.256515 0.704769 0.000000
vt 0.699289 0.840711 0.000000
vt 0.800000 1.000000 0.000000
vt 0.720000 0.856603 0.000000
vt 0.744118 0.866593 0.000000
vt 0.770000 0.870000 0.000000
vt 0.795882 0.866593 0.000000
vt 0.851764 0.993185 0.000000
vt 0.820000 0.856603 0.000000
vt 0.900000 0.973205 0.000000
vt 0.840711 0.840711 0.000000
vt 0.941421 0.941421 0.000000
vt 0.973205 0.900000 0.000000
vt 0.856603 0.820000 0.000000
vt 0.993185 0.851764 0.000000
vt -0.673407 0.795882 0.000000
vt -0.670000 0.770000 0.000000
vt -0.375000 0.649519 0.000000
vt -0.673407 0.744118 0.000000
vt -0.482091 0.574533 0.000000
vt -0.683397 0.720000 0.000000
vt -0.699289 0.699289 0.000000
vt -0.574533 0.482091 0.000000
vt -0.720000 0.683397 0.000000
vt -0.744118 0.673407 0.000000
vt -0.649519 0.375000 0.000000
vt -0.770000 0.670000 0.000000
vt -0.795882 0.673407 0.000000
vt -0.820000 0.683397 0.000000
vt -0.704769 0.256515 0.000000
vt -0.840711 0.699289 0.000000
vt -1.000000 0.800000 0.000000
vt -0.856603 0.720000 0.000000
vt -0.866593 0.744118 0.000000
vt -0.870000 0.770000 0.000000
vt -0.866593 0.795882 0.000000
vt -0.993185 0.851764 0.000000
vt -0.856603 0.820000 0.000000
vt -0.973205 0.900000 0.000000
vt -0.840711 0.840711 0.000000
vt -0.941421 0.941421 0.000000
vt -0.900000 0.973205 0.000000
vt -0.820000 0.856603 0.000000
vt -0.851764 0.993185 0.000000
vt -0.795882 0.866593 0.000000
vt -0.800000 1.000000 0.000000
vt -0.770000 0.870000 0.000000
vt -0.744118 0.866593 0.000000
vt -0.720000 0.856603 0.000000
vt -0.699289 0.840711 0.000000
vt -0.256515 0.704769 0.000000
vt -0.683397 0.820000 0.000000
vt -0.673407 -0.744118 0.000000
vt -0.670000 -0.770000 0.000000
vt -0.375000 -0.649519 0.000000
vt -0.673407 -0.795882 0.000000
vt -0.683397 -0.820000 0.000000
vt -0.256515 -0.704769 0.000000
vt -0.699289 -0.840711 0.000000
vt -0.800000 -1.000000 0.000000
vt -0.720000 -0.856603 0.000000
vt -0.744118 -0.866593 0.000000
vt -0.770000 -0.870000 0.000000
vt -0.795882 -0.866593 0.000000
vt -0.851764 -0.993185 0.000000
vt -0.820000 -0.856603 0.000000
vt -0.900000 -0.973205 0.000000
vt -0.840711 -0.840711 0.000000
vt -0.941421 -0.941421 0.000000
vt -0.973205 -0.900000 0.000000
vt -0.856603 -0.820000 0.000000
vt -0.993185 -0.851764 0.000000
vt -0.866593 -0.795882 0.000000
vt -1.000000 -0.800000 0.000000
vt -0.870000 -0.770000 0.000000
vt -0.866593 -0.744118 0.000000
vt -0.856603 -0.720000 0.000000
vt -0.840711 -0.699289 0.000000
vt -0.704769 -0.256515 0.000000
vt -0.820000 -0.683397 0.000000
vt -0.649519 -0.375000 0.000000
vt -0.795882 -0.673407 0.000000
vt -0.770000 -0.670000 0.000000
vt -0.744118 -0.673407 0.000000
vt -0.574533 -0.482091 0.000000
vt -0.720000 -0.683397 0.000000
vt -0.699289 -0.699289 0.000000
vt -0.482091 -0.574533 0.000000
vt -0.683397 -0.720000 0.000000
vt 0.738606 -0.130236 0.000000
vt 0.750000 -0.000000 0.000000
vt 0.130236 -0.738606 0.000000
vt -0.000000 -0.750000 0.000000
vt -0.130236 -0.738606 0.000000
vt -0.738606 -0.130236 0.000000
vt -0.750000 0.000000 0.000000
vt -0.738606 0.130236 0.000000
vt -0.130236 0.738606 0.000000
vt -0.000000 0.750000 0.000000
vt 0.130236 0.738606 0.000000
vt -0.866593 -0.795882 0.000000
vt -0.870000 -0.770000 0.000000
vt -1.000000 -0.800000 0.000000
vt -0.866593 -0.744118 0.000000
vt -0.856603 -0.720000 0.000000
vt -0.840711 -0.699289 0.000000
vt -0.704769 -0.256515 0.000000
vt -0.738606 -0.130236 0.000000
vt -0.820000 -0.683397 0.000000
vt -0.649519 -0.375000 0.000000
vt -0.795882 -0.673407 0.000000
vt -0.770000 -0.670000 0.000000
vt -0.744118 -0.673407 0.000000
vt -0.574533 -0.482091 0.000000
vt -0.720000 -0.683397 0.000000
vt -0.699289 -0.699289 0.000000
vt -0.482091 -0.574533 0.000000
vt -0.683397 -0.720000 0.000000
vt -0.673407 -0.744118 0.000000
vt -0.375000 -0.649519 0.000000
vt -0.670000 -0.770000 0.000000
vt -0.673407 -0.795882 0.000000
vt -0.683397 -0.820000 0.000000
vt -0.256515 -0.704769 0.000000
vt -0.699289 -0.840711 0.000000
vt -0.800000 -1.000000 0.000000
vt -0.720000 -0.856603 0.000000
vt -0.744118 -0.866593 0.000000
vt -0.770000 -0.870000 0.000000
vt -0.795882 -0.866593 0.000000
vt -0.851764 -0.993185 0.000000
vt -0.820000 -0.856603 0.000000
vt -0.900000 -0.973205 0.000000
vt -0.840711 -0.840711 0.000000
vt -0.941421 -0.941421 0.000000
vt -0.973205 -0.900000 0.000000
vt -0.856603 -0.820000 0.000000
vt -0.993185 -0.851764 0.000000
vt -0.866593 0.744118 0.000000
vt -0.870000 0.770000 0.000000
vt -1.000000 0.800000 0.000000
vt -0.866593 0.795882 0.000000
vt -0.993185 0.851764 0.000000
vt -0.856603 0.820000 0.000000
vt -0.973205 0.900000 0.000000
vt -0.840711 0.840711 0.000000
vt -0.941421 0.941421 0.000000
vt -0.900000 0.973205 0.000000
vt -0.820000 0.856603 0.000000
vt -0.851764 0.993185 0.000000
vt -0.795882 0.866593 0.000000
vt -0.800000 1.000000 0.000000
vt -0.770000 0.870000 0.000000
vt -0.744118 0.866593 0.000000
vt -0.720000 0.856603 0.000000
vt -0.699289 0.840711 0.000000
vt -0.256515 0.704769 0.000000
vt -0.683397 0.820000 0.000000
vt -0.375000 0.649519 0.000000
vt -0.673407 0.795882 0.000000
vt -0.670000 0.770000 0.000000
vt -0.673407 0.744118 0.000000
vt -0.482091 0.574533 0.000000
vt -0.683397 0.720000 0.000000
vt -0.699289 0.699289 0.000000
vt -0.574533 0.482091 0.000000
vt -0.720000 0.683397 0.000000
vt -0.744118 0.673407 0.000000
vt -0.649519 0.375000 0.000000
vt -0.770000 0.670000 0.000000
vt -0.795882 0.673407 0.000000
vt -0.820000 0.683397 0.000000
vt -0.704769 0.256515 0.000000
vt -0.840711 0.699289 0.000000
vt -0.856603 0.720000 0.000000
vt 0.673407 0.744118 0.000000
vt 0.670000 0.770000 0.000000
vt 0.375000 0.649519 0.000000
vt 0.673407 0.795882 0.000000
vt 0.683397 0.820000 0.000000
vt 0.256515 0.704769 0.000000
vt 0.699289 0.840711 0.000000
vt 0.800000 1.000000 0.000000
vt 0.720000 0.856603 0.000000
vt 0.744118 0.866593 0.000000
vt 0.770000 0.870000 0.000000
vt 0.795882 0.866593 0.000000
vt 0.851764 0.993185 0.000000
vt 0.820000 0.856603 0.000000
vt 0.900000 0.973205 0.000000
vt 0.840711 0.840711 0.000000
vt 0.941421 0.941421 0.000000
vt 0.973205 0.900000 0.000000
vt 0.856603 0.820000 0.000000
vt 0.993185 0.851764 0.000000
vt 0.866593 0.795882 0.000000
vt 1.000000 0.800000 0.000000
vt 0.870000 0.770000 0.000000
vt 0.866593 0.744118 0.000000
vt 0.856603 0.720000 0.000000
vt 0.840711 0.699289 0.000000
vt 0.704769 0.256515 0.000000
vt 0.820000 0.683397 0.000000
vt 0.649519 0.375000 0.000000
vt 0.795882 0.673407 0.000000
vt 0.770000 0.670000 0.000000
vt 0.744118 0.673407 0.000000
vt 0.574533 0.482091 0.000000
vt 0.720000 0.683397 0.000000
vt 0.699289 0.699289 0.000000
vt 0.482091 0.574533 0.000000
vt 0.683397 0.720000 0.000000
vt 0.673407 -0.795882 0.000000
vt 0.670000 -0.770000 0.000000
vt 0.375000 -0.649519 0.000000
vt 0.673407 -0.744118 0.000000
vt 0.482091 -0.574533 0.000000
vt 0.683397 -0.720000 0.000000
vt 0.699289 -0.699289 0.000000
vt 0.574533 -0.482091 0.000000
vt 0.720000 -0.683397 0.000000
vt 0.744118 -0.673407 0.000000
vt 0.649519 -0.375000 0.000000
vt 0.770000 -0.670000 0.000000
vt 0.795882 -0.673407 0.000000
vt 0.820000 -0.683397 0.000000
vt 0.704769 -0.256515 0.000000
vt 0.840711 -0.699289 0.000000
vt 1.000000 -0.800000 0.000000
vt 0.856603 -0.720000 0.000000
vt 0.866593 -0.744118 0.000000
vt 0.870000 -0.770000 0.000000
vt 0.866593 -0.795882 0.000000
vt 0.993185 -0.851764 0.000000
vt 0.856603 -0.820000 0.000000
vt 0.973205 -0.900000 0.000000
vt 0.840711 -0.840711 0.000000
vt 0.941421 -0.941421 0.000000
vt 0.900000 -0.973205 0.000000
vt 0.820000 -0.856603 0.000000
vt 0.851764 -0.993185 0.000000
vt 0.795882 -0.866593 0.000000
vt 0.800000 -1.000000 0.000000
vt 0.770000 -0.870000 0.000000
vt 0.744118 -0.866593 0.000000
vt 0.720000 -0.856603 0.000000
vt 0.699289 -0.840711 0.000000
vt 0.256515 -0.704769 0.000000
vt 0.683397 -0.820000 0.000000
vt -0.738606 0.130236 0.000000
vt -0.750000 -0.000000 0.000000
vt -0.130236 0.738606 0.000000
vt 0.000000 0.750000 0.000000
vt 0.130236 0.738606 0.000000
vt 0.738606 0.130236 0.000000
vt 0.750000 0.000000 0.000000
vt 0.738606 -0.130236 0.000000
vt 0.130236 -0.738606 0.000000
vt 0.000000 -0.750000 0.000000
vt -0.130236 -0.738606 0.000000
vn 0.984808 0.173648 -0.000000
vn 0.984808 0.173648 -0.000000
vn 1.000000 0.000000 -0.000000
vn 1.000000 0.000000 -0.000000
vn 0.984808 -0.173648 -0.000000
vn 0.984808 -0.173648 -0.000000
vn 0.939693 -0.342020 -0.000000
vn 0.939693 0.342020 -0.000000
vn 0.939693 0.342020 -0.000000
vn 0.866025 0.500000 -0.000000
vn 0.866025 0.500000 -0.000000
vn 0.766044 0.642788 -0.000000
vn 0.766044 0.642788 -0.000000
vn 0.642788 0.766044 -0.000000
vn 0.642788 0.766044 -0.000000
vn 0.500000 0.866025 -0.000000
vn 0.500000 0.866025 -0.000000
vn 0.342020 0.939693 -0.000000
vn 0.342020 0.939693 -0.000000
vn 0.173648 0.984808 -0.000000
vn 0.173648 0.984808 -0.000000
vn -0.000000 1.000000 -0.000000
vn -0.000000 1.000000 -0.000000
vn -0.173648 0.984808 -0.000000
vn -0.173648 0.984808 -0.000000
vn -0.342020 0.939693 0.000000
vn -0.342020 0.939693 0.000000
vn -0.500000 0.866025 0.000000
vn -0.500000 0.866025 0.000000
vn -0.642788 0.766044 0.000000
vn -0.642788 0.766044 0.000000
vn -0.766044 0.642788 0.000000
vn -0.766044 0.642788 0.000000
vn -0.866025 0.500000 0.000000
vn -0.866025 0.500000 0.000000
vn -0.939693 0.342020 0.000000
vn -0.939693 0.342020 0.000000
vn -0.984808 0.173648 0.000000
vn -0.984808 0.173648 0.000000
vn -1.000000 -0.000000 0.000000
vn -1.000000 -0.000000 0.000000
vn -0.984808 -0.173648 0.000000
vn -0.984808 -0.173648 0.000000
vn -0.939693 -0.342020 0.000000
vn -0.939693 -0.342020 0.000000
vn -0.866025 -0.500000 0.000000
vn -0.866025 -0.500000 0.000000
vn -0.766044 -0.642788 0.000000
vn -0.766044 -0.642788 0.000000
vn -0.642788 -0.766044 0.000000
vn -0.642788 -0.766044 0.000000
vn -0.500000 -0.866025 0.000000
vn -0.500000 -0.866025 0.000000
vn -0.342020 -0.939693 0.000000
vn -0.342020 -0.939693 0.000000
vn -0.173648 -0.984808 0.000000
vn -0.173648 -0.984808 0.000000
vn 0.000000 -1.000000 0.000000
vn 0.000000 -1.000000 0.000000
vn 0.173648 -0.984808 0.000000
vn 0.173648 -0.984808 0.000000
vn 0.342020 -0.939693 -0.000000
vn 0.342020 -0.939693 -0.000000
vn 0.500000 -0.866025 -0.000000
vn 0.500000 -0.866025 -0.000000
vn 0.642788 -0.766044 -0.000000
vn 0.642788 -0.766044 -0.000000
vn 0.766044 -0.642788 -0.000000
vn 0.766044 -0.642788 -0.000000
vn 0.866025 -0.500000 -0.000000
vn 0.866025 -0.500000 -0.000000
vn 0.939693 -0.342020 -0.000000
vn 0.965926 0.258819 -0.000000
vn 0.965926 0.258819 -0.000000
vn 1.000000 0.000000 -0.000000
vn 1.000000 0.000000 -0.000000
vn 0.965926 -0.258819 -0.000000
vn 0.965926 -0.258819 -0.000000
vn 0.866025 -0.500000 -0.000000
vn 0.866025 -0.500000 -0.000000
vn 0.707107 -0.707107 -0.000000
vn 0.707107 -0.707107 -0.000000
vn 0.500000 -0.866025 -0.000000
vn 0.500000 -0.866025 -0.000000
vn 0.258819 -0.965926 0.000000
vn 0.258819 -0.965926 0.000000
vn 0.000000 -1.000000 0.000000
vn 0.000000 -1.000000 0.000000
vn -0.258819 -0.965926 0.000000
vn -0.258819 -0.965926 0.000000
vn -0.500000 -0.866025 0.000000
vn -0.500000 -0.866025 0.000000
vn -0.707107 -0.707107 0.000000
vn -0.707107 -0.707107 0.000000
vn -0.866025 -0.500000 0.000000
vn -0.866025 -0.500000 0.000000
vn -0.965926 -0.258819 0.000000
vn -0.965926 -0.258819 0.000000
vn -1.000000 -0.000000 0.000000
vn -1.000000 -0.000000 0.000000
vn -0.965926 0.258819 0.000000
vn -0.965926 0.258819 0.000000
vn -0.866025 0.500000 0.000000
vn -0.866025 0.500000 0.000000
vn -0.707107 0.707107 0.000000
vn -0.707107 0.707107 0.000000
vn -0.500000 0.866025 0.000000
vn -0.500000 0.866025 0.000000
vn -0.258819 0.965926 -0.000000
vn -0.258819 0.965926 -0.000000
vn -0.000000 1.000000 -0.000000
vn -0.000000 1.000000 -0.000000
vn 0.258819 0.965926 -0.000000
vn 0.258819 0.965926 -0.000000
vn 0.500000 0.866025 -0.000000
vn 0.500000 0.866025 -0.000000
vn 0.707107 0.707107 -0.000000
vn 0.707107 0.707107 -0.000000
vn 0.866025 0.500000 -0.000000
vn 0.866025 0.500000 -0.000000
vn 0.965926 -0.258819 -0.000000
vn 1.000000 0.000000 -0.000000
vn 0.965926 0.258819 -0.000000
vn 0.866025 0.500000 -0.000000
vn 0.707107 0.707107 -0.000000
vn 0.500000 0.866025 -0.000000
vn 0.258819 0.965926 -0.000000
vn -0.000000 1.000000 -0.000000
vn -0.258819 0.965926 -0.000000
vn -0.500000 0.866025 0.000000
vn -0.707107 0.707107 0.000000
vn -0.866025 0.500000 0.000000
vn -0.965926 0.258819 0.000000
vn -1.000000 -0.000000 0.000000
vn -0.965926 -0.258819 0.000000
vn -0.866025 -0.500000 0.000000
vn -0.707107 -0.707107 0.000000
vn -0.500000 -0.866025 0.000000
vn -0.258819 -0.965926 0.000000
vn 0.000000 -1.000000 0.000000
vn 0.258819 -0.965926 0.000000
vn 0.500000 -0.866025 -0.000000
vn 0.707107 -0.707107 -0.000000
vn 0.866025 -0.500000 -0.000000
vn 0.965926 0.258819 -0.000000
vn 0.965926 0.258819 -0.000000
vn 1.000000 0.000000 -0.000000
vn 1.000000 0.000000 -0.000000
vn 0.965926 -0.258819 -0.000000
vn 0.965926 -0.258819 -0.000000
vn 0.866025 -0.500000 -0.000000
vn 0.866025 -0.500000 -0.000000
vn 0.707107 -0.707107 -0.000000
vn 0.707107 -0.707107 -0.000000
vn 0.500000 -0.866025 -0.000000
vn 0.500000 -0.866025 -0.000000
vn 0.258819 -0.965926 0.000000
vn 0.258819 -0.965926 0.000000
vn 0.000000 -1.000000 0.000000
vn 0.000000 -1.000000 0.000000
vn -0.258819 -0.965926 0.000000
vn -0.258819 -0.965926 0.000000
vn -0.500000 -0.866025 0.000000
vn -0.500000 -0.866025 0.000000
vn -0.707107 -0.707107 0.000000
vn -0.707107 -0.707107 0.000000
vn -0.866025 -0.500000 0.000000
vn -0.866025 -0.500000 0.000000
vn -0.965926 -0.258819 0.000000
vn -0.965926 -0.258819 0.000000
vn -1.000000 -0.000000 0.000000
vn -1.000000 -0.000000 0.000000
vn -0.965926 0.258819 0.000000
vn -0.965926 0.258819 0.000000
vn -0.866025 0.500000 0.000000
vn -0.866025 0.500000 0.000000
vn -0.707107 0.707107 0.000000
vn -0.707107 0.707107 0.000000
vn -0.500000 0.866025 0.000000
vn -0.500000 0.866025 0.000000
vn -0.258819 0.965926 -0.000000
vn -0.258819 0.965926 -0.000000
vn -0.000000 1.000000 -0.000000
vn -0.000000 1.000000 -0.000000
vn 0.258819 0.965926 -0.000000
vn 0.258819 0.965926 -0.000000
vn 0.500000 0.866025 -0.000000
vn 0.500000 0.866025 -0.000000
vn 0.707107 0.707107 -0.000000
vn 0.707107 0.707107 -0.000000
vn 0.866025 0.500000 -0.000000
vn 0.866025 0.500000 -0.000000
vn 0.965926 -0.258819 -0.000000
vn 1.000000 0.000000 -0.000000
vn 0.965926 0.258819 -0.000000
vn 0.866025 0.500000 -0.000000
vn 0.707107 0.707107 -0.000000
vn 0.500000 0.866025 -0.000000
vn 0.258819 0.965926 -0.000000
vn -0.000000 1.000000 -0.000000
vn -0.258819 0.965926 -0.000000
vn -0.500000 0.866025 0.000000
vn -0.707107 0.707107 0.000000
vn -0.866025 0.500000 0.000000
vn -0.965926 0.258819 0.000000
vn -1.000000 -0.000000 0.000000
vn -0.965926 -0.258819 0.000000
vn -0.866025 -0.500000 0.000000
vn -0.707107 -0.707107 0.000000
vn -0.500000 -0.866025 0.000000
vn -0.258819 -0.965926 0.000000
vn 0.000000 -1.000000 0.000000
vn 0.258819 -0.965926 0.000000
vn 0.500000 -0.866025 -0.000000
vn 0.707107 -0.707107 -0.000000
vn 0.866025 -0.500000 -0.000000
vn 0.965926 0.258819 -0.000000
vn 0.965926 0.258819 -0.000000
vn 1.000000 0.000000 -0.000000
vn 1.000000 0.000000 -0.000000
vn 0.965926 -0.258819 -0.000000
vn 0.965926 -0.258819 -0.000000
vn 0.866025 -0.500000 -0.000000
vn 0.866025 -0.500000 -0.000000
vn 0.707107 -0.707107 -0.000000
vn 0.707107 -0.707107 -0.000000
vn 0.500000 -0.866025 -0.000000
vn 0.500000 -0.866025 -0.000000
vn 0.258819 -0.965926 0.000000
vn 0.258819 -0.965926 0.000000
vn 0.000000 -1.000000 0.000000
vn 0.000000 -1.000000 0.000000
vn -0.258819 -0.965926 0.000000
vn -0.258819 -0.965926 0.000000
vn -0.500000 -0.866025 0.000000
vn -0.500000 -0.866025 0.000000
vn -0.707107 -0.707107 0.000000
vn -0.707107 -0.707107 0.000000
vn -0.866025 -0.500000 0.000000
vn -0.866025 -0.500000 0.000000
vn -0.965926 -0.258819 0.000000
vn -0.965926 -0.258819 0.000000
vn -1.000000 -0.000000 0.000000
vn -1.000000 -0.000000 0.000000
vn -0.965926 0.258819 0.000000
vn -0.965926 0.258819 0.000000
vn -0.866025 0.500000 0.000000
vn -0.866025 0.500000 0.000000
vn -0.707107 0.707107 0.000000
vn -0.707107 0.707107 0.000000
vn -0.500000 0.866025 0.000000
vn -0.500000 0.866025 0.000000
vn -0.258819 0.965926 -0.000000
vn -0.258819 0.965926 -0.000000
vn -0.000000 1.000000 -0.000000
vn -0.000000 1.000000 -0.000000
vn 0.258819 0.965926 -0.000000
vn 0.258819 0.965926 -0.000000
vn 0.500000 0.866025 -0.000000
vn 0.500000 0.866025 -0.000000
vn 0.707107 0.707107 -0.000000
vn 0.707107 0.707107 -0.000000
vn 0.866025 0.500000 -0.000000
vn 0.866025 0.500000 -0.000000
vn 0.965926 -0.258819 -0.000000
vn 1.000000 0.000000 -0.000000
vn 0.965926 0.258819 -0.000000
vn 0.866025 0.500000 -0.000000
vn 0.707107 0.707107 -0.000000
vn 0.500000 0.866025 -0.000000
vn 0.258819 0.965926 -0.000000
vn -0.000000 1.000000 -0.000000
vn -0.258819 0.965926 -0.000000
vn -0.500000 0.866025 0.000000
vn -0.707107 0.707107 0.000000
vn -0.866025 0.500000 0.000000
vn -0.965926 0.258819 0.000000
vn -1.000000 -0.000000 0.000000
vn -0.965926 -0.258819 0.000000
vn -0.866025 -0.500000 0.000000
vn -0.707107 -0.707107 0.000000
vn -0.500000 -0.866025 0.000000
vn -0.258819 -0.965926 0.000000
vn 0.000000 -1.000000 0.000000
vn 0.258819 -0.965926 0.000000
vn 0.500000 -0.866025 -0.000000
vn 0.707107 -0.707107 -0.000000
vn 0.866025 -0.500000 -0.000000
vn 0.965926 0.258819 -0.000000
vn 0.965926 0.258819 -0.000000
vn 1.000000 0.000000 -0.000000
vn 1.000000 0.000000 -0.000000
vn 0.965926 -0.258819 -0.000000
vn 0.965926 -0.258819 -0.000000
vn 0.866025 -0.500000 -0.000000
vn 0.866025 -0.500000 -0.000000
vn 0.707107 -0.707107 -0.000000
vn 0.707107 -0.707107 -0.000000
vn 0.500000 -0.866025 -0.000000
vn 0.500000 -0.866025 -0.000000
vn 0.258819 -0.965926 0.000000
vn 0.258819 -0.965926 0.000000
vn 0.000000 -1.000000 0.000000
vn 0.000000 -1.000000 0.000000
vn -0.258819 -0.965926 0.000000
vn -0.258819 -0.965926 0.000000
vn -0.500000 -0.866025 0.000000
vn -0.500000 -0.866025 0.000000
vn -0.707107 -0.707107 0.000000
vn -0.707107 -0.707107 0.000000
vn -0.866025 -0.500000 0.000000
vn -0.866025 -0.500000 0.000000
vn -0.965926 -0.258819 0.000000
vn -0.965926 -0.258819 0.000000
vn -1.000000 -0.000000 0.000000
vn -1.000000 -0.000000 0.000000
vn -0.965926 0.258819 0.000000
vn -0.965926 0.258819 0.000000
vn -0.866025 0.500000 0.000000
vn -0.866025 0.500000 0.000000
vn -0.707107 0.707107 0.000000
vn -0.707107 0.707107 0.000000
vn -0.500000 0.866025 0.000000
vn -0.500000 0.866025 0.000000
vn -0.258819 0.965926 -0.000000
vn -0.258819 0.965926 -0.000000
vn -0.000000 1.000000 -0.000000
vn -0.000000 1.000000 -0.000000
vn 0.258819 0.965926 -0.000000
vn 0.258819 0.965926 -0.000000
vn 0.500000 0.866025 -0.000000
vn 0.500000 0.866025 -0.000000
vn 0.707107 0.707107 -0.000000
vn 0.707107 0.707107 -0.000000
vn 0.866025 0.500000 -0.000000
vn 0.866025 0.500000 -0.000000
vn 0.965926 -0.258819 -0.000000
vn 1.000000 0.000000 -0.000000
vn 0.965926 0.258819 -0.000000
vn 0.866025 0.500000 -0.000000
vn 0.707107 0.707107 -0.000000
vn 0.500000 0.866025 -0.000000
vn 0.258819 0.965926 -0.000000
vn -0.000000 1.000000 -0.000000
vn -0.258819 0.965926 -0.000000
vn -0.500000 0.866025 0.000000
vn -0.707107 0.707107 0.000000
vn -0.866025 0.500000 0.000000
vn -0.965926 0.258819 0.000000
vn -1.000000 -0.000000 0.000000
vn -0.965926 -0.258819 0.000000
vn -0.866025 -0.500000 0.000000
vn -0.707107 -0.707107 0.000000
vn -0.500000 -0.866025 0.000000
vn -0.258819 -0.965926 0.000000
vn 0.000000 -1.000000 0.000000
vn 0.258819 -0.965926 0.000000
vn 0.500000 -0.866025 -0.000000
vn 0.707107 -0.707107 -0.000000
vn 0.866025 -0.500000 -0.000000
vn 1.000000 0.000000 -0.000000
vn 1.000000 0.000000 -0.000000
vn 1.000000 0.000000 -0.000000
vn 1.000000 0.000000 -0.000000
vn 0.000000 -1.000000 0.000000
vn 0.000000 -1.000000 0.000000
vn 0.258819 -0.965926 0.000000
vn 0.258819 -0.965926 0.000000
vn 0.500000 -0.866025 -0.000000
vn 0.500000 -0.866025 -0.000000
vn 0.707107 -0.707107 -0.000000
vn 0.707107 -0.707107 -0.000000
vn 0.866025 -0.500000 -0.000000
vn 0.866025 -0.500000 -0.000000
vn 0.965926 -0.258819 -0.000000
vn 0.965926 -0.258819 -0.000000
vn 0.000000 -1.000000 0.000000
vn 0.000000 -1.000000 0.000000
vn -1.000000 -0.000000 0.000000
vn -1.000000 -0.000000 0.000000
vn -0.965926 -0.258819 0.000000
vn -0.965926 -0.258819 0.000000
vn -0.866025 -0.500000 0.000000
vn -0.866025 -0.500000 0.000000
vn -0.707107 -0.707107 0.000000
vn -0.707107 -0.707107 0.000000
vn -0.500000 -0.866025 0.000000
vn -0.500000 -0.866025 0.000000
vn -0.258819 -0.965926 0.000000
vn -0.258819 -0.965926 0.000000
vn -1.000000 -0.000000 0.000000
vn -1.000000 -0.000000 0.000000
vn -0.000000 1.000000 -0.000000
vn -0.000000 1.000000 -0.000000
vn -0.258819 0.965926 -0.000000
vn -0.258819 0.965926 -0.000000
vn -0.500000 0.866025 0.000000
vn -0.500000 0.866025 0.000000
vn -0.707107 0.707107 0.000000
vn -0.707107 0.707107 0.000000
vn -0.866025 0.500000 0.000000
vn -0.866025 0.500000 0.000000
vn -0.965926 0.258819 0.000000
vn -0.965926 0.258819 0.000000
vn -0.000000 1.000000 -0.000000
vn -0.000000 1.000000 -0.000000
vn 0.965926 0.258819 -0.000000
vn 0.965926 0.258819 -0.000000
vn 0.866025 0.500000 -0.000000
vn 0.866025 0.500000 -0.000000
vn 0.707107 0.707107 -0.000000
vn 0.707107 0.707107 -0.000000
vn 0.500000 0.866025 -0.000000
vn 0.500000 0.866025 -0.000000
vn 0.258819 0.965926 -0.000000
vn 0.258819 0.965926 -0.000000
vn 0.000000 0.000000 1.000000
vn 0.000000 0.000000 1.000000
vn 0.000000 0.000000 1.000000
vn 0.000000 0.000000 1.000000
vn 0.000000 0.000000 1.000000
vn 0.000000 0.000000 1.000000
vn 0.000000 0.000000 1.000000
vn 0.000000 0.000000 1.000000
vn 0.000000 0.000000 1.000000
vn 0.000000 0.000000 1.000000
vn 0.000000 0.000000 1.000000
vn 0.000000 0.000000 1.000000
vn 0.000000 0.000000 1.000000
vn 0.000000 0.000000 1.000000
vn 0.000000 0.000000 1.000000
vn 0.000000 0.000000 1.000000
vn 0.000000 0.000000 1.000000
vn 0.000000 0.000000 1.000000
vn 0.000000 0.000000 1.000000
vn 0.000000 0.000000 1.000000
vn 0.000000 0.000000 1.000000
vn 0.000000 0.000000 1.000000
vn 0.000000 0.000000 1.000000
vn 0.000000 0.000000 1.000000
vn 0.000000 0.000000 1.000000
vn 0.000000 0.000000 1.000000
vn 0.000000 0.000000 1.000000
vn 0.000000 0.000000 1.000000
vn 0.000000 0.000000 1.000000
vn 0.000000 0.000000 1.000000
vn 0.000000 0.000000 1.000000
vn 0.000000 0.000000 1.000000
vn 0.000000 0.000000 1.000000
vn 0.000000 0.000000 1.000000
vn 0.000000 0.000000 1.000000
vn 0.000000 0.000000 1.000000
vn 0.000000 0.000000 1.000000
vn 0.000000 0.000000 1.000000
vn 0.000000 0.000000 1.000000
vn 0.000000 0.000000 1.000000
vn 0.000000 0.000000 1.000000
vn 0.000000 0.000000 1.000000
vn 0.000000 0.000000 1.000000
vn 0.000000 0.000000 1.000000
vn 0.000000 0.000000 1.000000
vn 0.000000 0.000000 1.000000
vn 0.000000 0.000000 1.000000
vn 0.000000 0.000000 1.000000
vn 0.000000 0.000000 1.000000
vn 0.000000 0.000000 1.000000
vn 0.000000 0.000000 1.000000
vn 0.000000 0.000000 1.000000
vn 0.000000 0.000000 1.000000
vn 0.000000 0.000000 1.000000
vn 0.000000 0.000000 1.000000
vn 0.000000 0.000000 1.000000
vn 0.000000 0.000000 1.000000
vn 0.000000 0.000000 1.000000
vn 0.000000 0.000000 1.000000
vn 0.000000 0.000000 1.000000
vn 0.000000 0.000000 1.000000
vn 0.000000 0.000000 1.000000
vn 0.000000 0.000000 1.000000
vn 0.000000 0.000000 1.000000
vn 0.000000 0.000000 1.000000
vn 0.000000 0.000000 1.000000
vn 0.000000 0.000000 1.000000
vn 0.000000 0.000000 1.000000
vn 0.000000 0.000000 1.000000
vn 0.000000 0.000000 1.000000
vn 0.000000 0.000000 1.000000
vn 0.000000 0.000000 1.000000
vn 0.000000 0.000000 1.000000
vn 0.000000 0.000000 1.000000
vn 0.000000 0.000000 1.000000
vn 0.000000 0.000000 1.000000
vn 0.000000 0.000000 1.000000
vn 0.000000 0.000000 1.000000
vn 0.000000 0.000000 1.000000
vn 0.000000 0.000000 1.000000
vn 0.000000 0.000000 1.000000
vn 0.000000 0.000000 1.000000
vn 0.000000 0.000000 1.000000
vn 0.000000 0.000000 1.000000
vn 0.000000 0.000000 1.000000
vn 0.000000 0.000000 1.000000
vn 0.000000 0.000000 1.000000
vn 0.000000 0.000000 1.000000
vn 0.000000 0.000000 1.000000
vn 0.000000 0.000000 1.000000
vn 0.000000 0.000000 1.000000
vn 0.000000 0.000000 1.000000
vn 0.000000 0.000000 1.000000
vn 0.000000 0.000000 1.000000
vn 0.000000 0.000000 1.000000
vn 0.000000 0.000000 1.000000
vn 0.000000 0.000000 1.000000
vn 0.000000 0.000000 1.000000
vn 0.000000 0.000000 1.000000
vn 0.000000 0.000000 1.000000
vn 0.000000 0.000000 1.000000
vn 0.000000 0.000000 1.000000
vn 0.000000 0.000000 1.000000
vn 0.000000 0.000000 1.000000
vn 0.000000 0.000000 1.000000
vn 0.000000 0.000000 1.000000
vn 0.000000 0.000000 1.000000
vn 0.000000 0.000000 1.000000
vn 0.000000 0.000000 1.000000
vn 0.000000 0.000000 1.000000
vn 0.000000 0.000000 1.000000
vn 0.000000 0.000000 1.000000
vn 0.000000 0.000000 1.000000
vn 0.000000 0.000000 1.000000
vn 0.000000 0.000000 1.000000
vn 0.000000 0.000000 1.000000
vn 0.000000 0.000000 1.000000
vn 0.000000 0.000000 1.000000
vn 0.000000 0.000000 1.000000
vn 0.000000 0.000000 1.000000
vn 0.000000 0.000000 1.000000
vn 0.000000 0.000000 1.000000
vn 0.000000 0.000000 1.000000
vn 0.000000 0.000000 1.000000
vn 0.000000 0.000000 1.000000
vn 0.000000 0.000000 1.000000
vn 0.000000 0.000000 1.000000
vn 0.000000 0.000000 1.000000
vn 0.000000 0.000000 1.000000
vn 0.000000 0.000000 1.000000
vn 0.000000 0.000000 1.000000
vn 0.000000 0.000000 1.000000
vn 0.000000 0.000000 1.000000
vn 0.000000 0.000000 1.000000
vn 0.000000 0.000000 1.000000
vn 0.000000 0.000000 1.000000
vn 0.000000 0.000000 1.000000
vn 0.000000 0.000000 1.000000
vn 0.000000 0.000000 1.000000
vn 0.000000 0.000000 1.000000
vn 0.000000 0.000000 1.000000
vn 0.000000 0.000000 1.000000
vn 0.000000 0.000000 1.000000
vn 0.000000 0.000000 1.000000
vn 0.000000 0.000000 1.000000
vn 0.000000 0.000000 1.000000
vn 0.000000 0.000000 1.000000
vn 0.000000 0.000000 1.000000
vn 0.000000 0.000000 1.000000
vn 0.000000 0.000000 1.000000
vn 0.000000 0.000000 1.000000
vn 0.000000 0.000000 1.000000
vn 0.000000 0.000000 1.000000
vn 0.000000 0.000000 1.000000
vn 0.000000 0.000000 1.000000
vn 0.000000 0.000000 1.000000
vn 0.000000 0.000000 1.000000
vn 0.000000 0.000000 1.000000
vn 0.000000 0.000000 1.000000
vn 0.000000 0.000000 1.000000
vn -0.000000 -0.000000 -1.000000
vn -0.000000 -0.000000 -1.000000
vn -0.000000 -0.000000 -1.000000
vn -0.000000 -0.000000 -1.000000
vn -0.000000 -0.000000 -1.000000
vn -0.000000 -0.000000 -1.000000
vn -0.000000 -0.000000 -1.000000
vn -0.000000 -0.000000 -1.000000
vn -0.000000 -0.000000 -1.000000
vn -0.000000 -0.000000 -1.000000
vn -0.000000 -0.000000 -1.000000
vn -0.000000 -0.000000 -1.000000
vn -0.000000 -0.000000 -1.000000
vn -0.000000 -0.000000 -1.000000
vn -0.000000 -0.000000 -1.000000
vn -0.000000 -0.000000 -1.000000
vn -0.000000 -0.000000 -1.000000
vn -0.000000 -0.000000 -1.000000
vn -0.000000 -0.000000 -1.000000
vn -0.000000 -0.000000 -1.000000
vn -0.000000 -0.000000 -1.000000
vn -0.000000 -0.000000 -1.000000
vn -0.000000 -0.000000 -1.000000
vn -0.000000 -0.000000 -1.000000
vn -0.000000 -0.000000 -1.000000
vn -0.000000 -0.000000 -1.000000
vn -0.000000 -0.000000 -1.000000
vn -0.000000 -0.000000 -1.000000
vn -0.000000 -0.000000 -1.000000
vn -0.000000 -0.000000 -1.000000
vn -0.000000 -0.000000 -1.000000
vn -0.000000 -0.000000 -1.000000
vn -0.000000 -0.000000 -1.000000
vn -0.000000 -0.000000 -1.000000
vn -0.000000 -0.000000 -1.000000
vn -0.000000 -0.000000 -1.000000
vn -0.000000 -0.000000 -1.000000
vn -0.000000 -0.000000 -1.000000
vn -0.000000 -0.000000 -1.000000
vn -0.000000 -0.000000 -1.000000
vn -0.000000 -0.000000 -1.000000
vn -0.000000 -0.000000 -1.000000
vn -0.000000 -0.000000 -1.000000
vn -0.000000 -0.000000 -1.000000
vn -0.000000 -0.000000 -1.000000
vn -0.000000 -0.000000 -1.000000
vn -0.000000 -0.000000 -1.000000
vn -0.000000 -0.000000 -1.000000
vn -0.000000 -0.000000 -1.000000
vn -0.000000 -0.000000 -1.000000
vn -0.000000 -0.000000 -1.000000
vn -0.000000 -0.000000 -1.000000
vn -0.000000 -0.000000 -1.000000
vn -0.000000 -0.000000 -1.000000
vn -0.000000 -0.000000 -1.000000
vn -0.000000 -0.000000 -1.000000
vn -0.000000 -0.000000 -1.000000
vn -0.000000 -0.000000 -1.000000
vn -0.000000 -0.000000 -1.000000
vn -0.000000 -0.000000 -1.000000
vn -0.000000 -0.000000 -1.000000
vn -0.000000 -0.000000 -1.000000
vn -0.000000 -0.000000 -1.000000
vn -0.000000 -0.000000 -1.000000
vn -0.000000 -0.000000 -1.000000
vn -0.000000 -0.000000 -1.000000
vn -0.000000 -0.000000 -1.000000
vn -0.000000 -0.000000 -1.000000
vn -0.000000 -0.000000 -1.000000
vn -0.000000 -0.000000 -1.000000
vn -0.000000 -0.000000 -1.000000
vn -0.000000 -0.000000 -1.000000
vn -0.000000 -0.000000 -1.000000
vn -0.000000 -0.000000 -1.000000
vn -0.000000 -0.000000 -1.000000
vn -0.000000 -0.000000 -1.000000
vn -0.000000 -0.000000 -1.000000
vn -0.000000 -0.000000 -1.000000
vn -0.000000 -0.000000 -1.000000
vn -0.000000 -0.000000 -1.000000
vn -0.000000 -0.000000 -1.000000
vn -0.000000 -0.000000 -1.000000
vn -0.000000 -0.000000 -1.000000
vn -0.000000 -0.000000 -1.000000
vn -0.000000 -0.000000 -1.000000
vn -0.000000 -0.000000 -1.000000
vn -0.000000 -0.000000 -1.000000
vn -0.000000 -0.000000 -1.000000
vn -0.000000 -0.000000 -1.000000
vn -0.000000 -0.000000 -1.000000
vn -0.000000 -0.000000 -1.000000
vn -0.000000 -0.000000 -1.000000
vn -0.000000 -0.000000 -1.000000
vn -0.000000 -0.000000 -1.000000
vn -0.000000 -0.000000 -1.000000
vn -0.000000 -0.000000 -1.000000
vn -0.000000 -0.000000 -1.000000
vn -0.000000 -0.000000 -1.000000
vn -0.000000 -0.000000 -1.000000
vn -0.000000 -0.000000 -1.000000
vn -0.000000 -0.000000 -1.000000
vn -0.000000 -0.000000 -1.000000
vn -0.000000 -0.000000 -1.000000
vn -0.000000 -0.000000 -1.000000
vn -0.000000 -0.000000 -1.000000
vn -0.000000 -0.000000 -1.000000
vn -0.000000 -0.000000 -1.000000
vn -0.000000 -0.000000 -1.000000
vn -0.000000 -0.000000 -1.000000
vn -0.000000 -0.000000 -1.000000
vn -0.000000 -0.000000 -1.000000
vn -0.000000 -0.000000 -1.000000
vn -0.000000 -0.000000 -1.000000
vn -0.000000 -0.000000 -1.000000
vn -0.000000 -0.000000 -1.000000
vn -0.000000 -0.000000 -1.000000
vn -0.000000 -0.000000 -1.000000
vn -0.000000 -0.000000 -1.000000
vn -0.000000 -0.000000 -1.000000
vn -0.000000 -0.000000 -1.000000
vn -0.000000 -0.000000 -1.000000
vn -0.000000 -0.000000 -1.000000
vn -0.000000 -0.000000 -1.000000
vn -0.000000 -0.000000 -1.000000
vn -0.000000 -0.000000 -1.000000
vn -0.000000 -0.000000 -1.000000
vn -0.000000 -0.000000 -1.000000
vn -0.000000 -0.000000 -1.000000
vn -0.000000 -0.000000 -1.000000
vn -0.000000 -0.000000 -1.000000
vn -0.000000 -0.000000 -1.000000
vn -0.000000 -0.000000 -1.000000
vn -0.000000 -0.000000 -1.000000
vn -0.000000 -0.000000 -1.000000
vn -0.000000 -0.000000 -1.000000
vn -0.000000 -0.000000 -1.000000
vn -0.000000 -0.000000 -1.000000
vn -0.000000 -0.000000 -1.000000
vn -0.000000 -0.000000 -1.000000
vn -0.000000 -0.000000 -1.000000
vn -0.000000 -0.000000 -1.000000
vn -0.000000 -0.000000 -1.000000
vn -0.000000 -0.000000 -1.000000
vn -0.000000 -0.000000 -1.000000
vn -0.000000 -0.000000 -1.000000
vn -0.000000 -0.000000 -1.000000
vn -0.000000 -0.000000 -1.000000
vn -0.000000 -0.000000 -1.000000
vn -0.000000 -0.000000 -1.000000
vn -0.000000 -0.000000 -1.000000
vn -0.000000 -0.000000 -1.000000
vn -0.000000 -0.000000 -1.000000
vn -0.000000 -0.000000 -1.000000
vn -0.000000 -0.000000 -1.000000
vn -0.000000 -0.000000 -1.000000
vn -0.000000 -0.000000 -1.000000
vn -0.000000 -0.000000 -1.000000
vn -0.000000 -0.000000 -1.000000
vn -0.000000 -0.000000 -1.000000
vn -0.000000 -0.000000 -1.000000
usemtl Pintura_-_Metálica_(negro)
f 2694/5572/5403 2764/5573/5404 2693/5574/5405
f 2693/5574/5405 2764/5573/5404 2729/5575/5406
f 2693/5576/5405 2729/5577/5406 2728/5578/5407
f 2728/5578/5407 2729/5577/5406 2730/5579/5408
f 2728/5578/5407 2730/5579/5408 2731/5580/5409
f 2694/5572/5403 2695/5581/5410 2764/5573/5404
f 2764/5573/5404 2695/5581/5410 2763/5582/5411
f 2763/5582/5411 2695/5581/5410 2696/5583/5412
f 2763/5582/5411 2696/5583/5412 2762/5584/5413
f 2762/5584/5413 2696/5583/5412 2697/5585/5414
f 2762/5584/5413 2697/5585/5414 2761/5586/5415
f 2761/5586/5415 2697/5585/5414 2698/5587/5416
f 2761/5586/5415 2698/5587/5416 2760/5588/5417
f 2760/5588/5417 2698/5587/5416 2699/5589/5418
f 2760/5588/5417 2699/5589/5418 2759/5590/5419
f 2759/5590/5419 2699/5589/5418 2700/5591/5420
f 2759/5590/5419 2700/5591/5420 2758/5592/5421
f 2758/5592/5421 2700/5591/5420 2701/5593/5422
f 2758/5592/5421 2701/5593/5422 2757/5594/5423
f 2757/5594/5423 2701/5593/5422 2702/5595/5424
f 2757/5594/5423 2702/5595/5424 2756/5596/5425
f 2756/5596/5425 2702/5595/5424 2703/5597/5426
f 2756/5596/5425 2703/5597/5426 2755/5598/5427
f 2755/5598/5427 2703/5597/5426 2704/5599/5428
f 2755/5598/5427 2704/5599/5428 2754/5600/5429
f 2754/5600/5429 2704/5599/5428 2705/5601/5430
f 2754/5600/5429 2705/5601/5430 2753/5602/5431
f 2753/5602/5431 2705/5601/5430 2706/5603/5432
f 2753/5602/5431 2706/5603/5432 2752/5604/5433
f 2752/5604/5433 2706/5603/5432 2707/5605/5434
f 2752/5604/5433 2707/5605/5434 2751/5606/5435
f 2751/5606/5435 2707/5605/5434 2708/5607/5436
f 2751/5606/5435 2708/5607/5436 2750/5608/5437
f 2750/5608/5437 2708/5607/5436 2709/5609/5438
f 2750/5608/5437 2709/5609/5438 2749/5610/5439
f 2749/5610/5439 2709/5609/5438 2710/5611/5440
f 2749/5610/5439 2710/5611/5440 2748/5612/5441
f 2748/5612/5441 2710/5611/5440 2711/5613/5442
f 2748/5612/5441 2711/5613/5442 2747/5614/5443
f 2747/5614/5443 2711/5613/5442 2712/5615/5444
f 2747/5614/5443 2712/5615/5444 2746/5616/5445
f 2746/5616/5445 2712/5615/5444 2713/5617/5446
f 2746/5616/5445 2713/5617/5446 2745/5618/5447
f 2745/5618/5447 2713/5617/5446 2714/5619/5448
f 2745/5618/5447 2714/5619/5448 2744/5620/5449
f 2744/5620/5449 2714/5619/5448 2715/5621/5450
f 2744/5620/5449 2715/5621/5450 2743/5622/5451
f 2743/5622/5451 2715/5621/5450 2716/5623/5452
f 2743/5622/5451 2716/5623/5452 2742/5624/5453
f 2742/5624/5453 2716/5623/5452 2717/5625/5454
f 2742/5624/5453 2717/5625/5454 2741/5626/5455
f 2741/5626/5455 2717/5625/5454 2718/5627/5456
f 2741/5626/5455 2718/5627/5456 2740/5628/5457
f 2740/5628/5457 2718/5627/5456 2719/5629/5458
f 2740/5628/5457 2719/5629/5458 2739/5630/5459
f 2739/5630/5459 2719/5629/5458 2720/5631/5460
f 2739/5630/5459 2720/5631/5460 2738/5632/5461
f 2738/5632/5461 2720/5631/5460 2721/5633/5462
f 2738/5632/5461 2721/5633/5462 2737/5634/5463
f 2737/5634/5463 2721/5633/5462 2722/5635/5464
f 2737/5634/5463 2722/5635/5464 2736/5636/5465
f 2736/5636/5465 2722/5635/5464 2723/5637/5466
f 2736/5636/5465 2723/5637/5466 2735/5638/5467
f 2735/5638/5467 2723/5637/5466 2724/5639/5468
f 2735/5638/5467 2724/5639/5468 2734/5640/5469
f 2734/5640/5469 2724/5639/5468 2725/5641/5470
f 2734/5640/5469 2725/5641/5470 2733/5642/5471
f 2733/5642/5471 2725/5641/5470 2726/5643/5472
f 2733/5642/5471 2726/5643/5472 2732/5644/5473
f 2732/5644/5473 2726/5643/5472 2727/5645/5474
f 2732/5644/5473 2727/5645/5474 2731/5580/5409
f 2731/5580/5409 2727/5645/5474 2728/5578/5407
f 2766/5646/5475 2814/5647/5476 2765/5648/5477
f 2765/5648/5477 2814/5647/5476 2813/5649/5478
f 2765/5650/5477 2813/5651/5478 2788/5652/5479
f 2788/5652/5479 2813/5651/5478 2836/5653/5480
f 2788/5652/5479 2836/5653/5480 2787/5654/5481
f 2787/5654/5481 2836/5653/5480 2835/5655/5482
f 2787/5654/5481 2835/5655/5482 2786/5656/5483
f 2786/5656/5483 2835/5655/5482 2834/5657/5484
f 2786/5656/5483 2834/5657/5484 2785/5658/5485
f 2785/5658/5485 2834/5657/5484 2833/5659/5486
f 2785/5658/5485 2833/5659/5486 2784/5660/5487
f 2784/5660/5487 2833/5659/5486 2832/5661/5488
f 2784/5660/5487 2832/5661/5488 2783/5662/5489
f 2783/5662/5489 2832/5661/5488 2831/5663/5490
f 2783/5662/5489 2831/5663/5490 2782/5664/5491
f 2782/5664/5491 2831/5663/5490 2830/5665/5492
f 2782/5664/5491 2830/5665/5492 2781/5666/5493
f 2781/5666/5493 2830/5665/5492 2829/5667/5494
f 2781/5666/5493 2829/5667/5494 2780/5668/5495
f 2780/5668/5495 2829/5667/5494 2828/5669/5496
f 2780/5668/5495 2828/5669/5496 2779/5670/5497
f 2779/5670/5497 2828/5669/5496 2827/5671/5498
f 2779/5670/5497 2827/5671/5498 2778/5672/5499
f 2778/5672/5499 2827/5671/5498 2826/5673/5500
f 2778/5672/5499 2826/5673/5500 2777/5674/5501
f 2777/5674/5501 2826/5673/5500 2825/5675/5502
f 2777/5674/5501 2825/5675/5502 2776/5676/5503
f 2776/5676/5503 2825/5675/5502 2824/5677/5504
f 2776/5676/5503 2824/5677/5504 2775/5678/5505
f 2775/5678/5505 2824/5677/5504 2823/5679/5506
f 2775/5678/5505 2823/5679/5506 2774/5680/5507
f 2774/5680/5507 2823/5679/5506 2822/5681/5508
f 2774/5680/5507 2822/5681/5508 2773/5682/5509
f 2773/5682/5509 2822/5681/5508 2821/5683/5510
f 2773/5682/5509 2821/5683/5510 2772/5684/5511
f 2772/5684/5511 2821/5683/5510 2820/5685/5512
f 2772/5684/5511 2820/5685/5512 2771/5686/5513
f 2771/5686/5513 2820/5685/5512 2819/5687/5514
f 2771/5686/5513 2819/5687/5514 2770/5688/5515
f 2770/5688/5515 2819/5687/5514 2818/5689/5516
f 2770/5688/5515 2818/5689/5516 2769/5690/5517
f 2769/5690/5517 2818/5689/5516 2817/5691/5518
f 2769/5690/5517 2817/5691/5518 2768/5692/5519
f 2768/5692/5519 2817/5691/5518 2816/5693/5520
f 2768/5692/5519 2816/5693/5520 2767/5694/5521
f 2767/5694/5521 2816/5693/5520 2815/5695/5522
f 2767/5694/5521 2815/5695/5522 2766/5646/5475
f 2766/5646/5475 2815/5695/5522 2814/5647/5476
f 2790/5696/5523 2836/5653/5480 2789/5697/5524
f 2789/5697/5524 2836/5653/5480 2813/5651/5478
f 2789/5698/5524 2813/5649/5478 2812/5699/5525
f 2812/5699/5525 2813/5649/5478 2814/5647/5476
f 2812/5699/5525 2814/5647/5476 2811/5700/5526
f 2811/5700/5526 2814/5647/5476 2815/5695/5522
f 2811/5700/5526 2815/5695/5522 2810/5701/5527
f 2810/5701/5527 2815/5695/5522 2816/5693/5520
f 2810/5701/5527 2816/5693/5520 2809/5702/5528
f 2809/5702/5528 2816/5693/5520 2817/5691/5518
f 2809/5702/5528 2817/5691/5518 2808/5703/5529
f 2808/5703/5529 2817/5691/5518 2818/5689/5516
f 2808/5703/5529 2818/5689/5516 2807/5704/5530
f 2807/5704/5530 2818/5689/5516 2819/5687/5514
f 2807/5704/5530 2819/5687/5514 2806/5705/5531
f 2806/5705/5531 2819/5687/5514 2820/5685/5512
f 2806/5705/5531 2820/5685/5512 2805/5706/5532
f 2805/5706/5532 2820/5685/5512 2821/5683/5510
f 2805/5706/5532 2821/5683/5510 2804/5707/5533
f 2804/5707/5533 2821/5683/5510 2822/5681/5508
f 2804/5707/5533 2822/5681/5508 2803/5708/5534
f 2803/5708/5534 2822/5681/5508 2823/5679/5506
f 2803/5708/5534 2823/5679/5506 2802/5709/5535
f 2802/5709/5535 2823/5679/5506 2824/5677/5504
f 2802/5709/5535 2824/5677/5504 2801/5710/5536
f 2801/5710/5536 2824/5677/5504 2825/5675/5502
f 2801/5710/5536 2825/5675/5502 2800/5711/5537
f 2800/5711/5537 2825/5675/5502 2826/5673/5500
f 2800/5711/5537 2826/5673/5500 2799/5712/5538
f 2799/5712/5538 2826/5673/5500 2827/5671/5498
f 2799/5712/5538 2827/5671/5498 2798/5713/5539
f 2798/5713/5539 2827/5671/5498 2828/5669/5496
f 2798/5713/5539 2828/5669/5496 2797/5714/5540
f 2797/5714/5540 2828/5669/5496 2829/5667/5494
f 2797/5714/5540 2829/5667/5494 2796/5715/5541
f 2796/5715/5541 2829/5667/5494 2830/5665/5492
f 2796/5715/5541 2830/5665/5492 2795/5716/5542
f 2795/5716/5542 2830/5665/5492 2831/5663/5490
f 2795/5716/5542 2831/5663/5490 2794/5717/5543
f 2794/5717/5543 2831/5663/5490 2832/5661/5488
f 2794/5717/5543 2832/5661/5488 2793/5718/5544
f 2793/5718/5544 2832/5661/5488 2833/5659/5486
f 2793/5718/5544 2833/5659/5486 2792/5719/5545
f 2792/5719/5545 2833/5659/5486 2834/5657/5484
f 2792/5719/5545 2834/5657/5484 2791/5720/5546
f 2791/5720/5546 2834/5657/5484 2835/5655/5482
f 2791/5720/5546 2835/5655/5482 2790/5696/5523
f 2790/5696/5523 2835/5655/5482 2836/5653/5480
f 2838/5721/5547 2886/5722/5548 2837/5723/5549
f 2837/5723/5549 2886/5722/5548 2885/5724/5550
f 2837/5725/5549 2885/5726/5550 2860/5727/5551
f 2860/5727/5551 2885/5726/5550 2908/5728/5552
f 2860/5727/5551 2908/5728/5552 2859/5729/5553
f 2859/5729/5553 2908/5728/5552 2907/5730/5554
f 2859/5729/5553 2907/5730/5554 2858/5731/5555
f 2858/5731/5555 2907/5730/5554 2906/5732/5556
f 2858/5731/5555 2906/5732/5556 2857/5733/5557
f 2857/5733/5557 2906/5732/5556 2905/5734/5558
f 2857/5733/5557 2905/5734/5558 2856/5735/5559
f 2856/5735/5559 2905/5734/5558 2904/5736/5560
f 2856/5735/5559 2904/5736/5560 2855/5737/5561
f 2855/5737/5561 2904/5736/5560 2903/5738/5562
f 2855/5737/5561 2903/5738/5562 2854/5739/5563
f 2854/5739/5563 2903/5738/5562 2902/5740/5564
f 2854/5739/5563 2902/5740/5564 2853/5741/5565
f 2853/5741/5565 2902/5740/5564 2901/5742/5566
f 2853/5741/5565 2901/5742/5566 2852/5743/5567
f 2852/5743/5567 2901/5742/5566 2900/5744/5568
f 2852/5743/5567 2900/5744/5568 2851/5745/5569
f 2851/5745/5569 2900/5744/5568 2899/5746/5570
f 2851/5745/5569 2899/5746/5570 2850/5747/5571
f 2850/5747/5571 2899/5746/5570 2898/5748/5572
f 2850/5747/5571 2898/5748/5572 2849/5749/5573
f 2849/5749/5573 2898/5748/5572 2897/5750/5574
f 2849/5749/5573 2897/5750/5574 2848/5751/5575
f 2848/5751/5575 2897/5750/5574 2896/5752/5576
f 2848/5751/5575 2896/5752/5576 2847/5753/5577
f 2847/5753/5577 2896/5752/5576 2895/5754/5578
f 2847/5753/5577 2895/5754/5578 2846/5755/5579
f 2846/5755/5579 2895/5754/5578 2894/5756/5580
f 2846/5755/5579 2894/5756/5580 2845/5757/5581
f 2845/5757/5581 2894/5756/5580 2893/5758/5582
f 2845/5757/5581 2893/5758/5582 2844/5759/5583
f 2844/5759/5583 2893/5758/5582 2892/5760/5584
f 2844/5759/5583 2892/5760/5584 2843/5761/5585
f 2843/5761/5585 2892/5760/5584 2891/5762/5586
f 2843/5761/5585 2891/5762/5586 2842/5763/5587
f 2842/5763/5587 2891/5762/5586 2890/5764/5588
f 2842/5763/5587 2890/5764/5588 2841/5765/5589
f 2841/5765/5589 2890/5764/5588 2889/5766/5590
f 2841/5765/5589 2889/5766/5590 2840/5767/5591
f 2840/5767/5591 2889/5766/5590 2888/5768/5592
f 2840/5767/5591 2888/5768/5592 2839/5769/5593
f 2839/5769/5593 2888/5768/5592 2887/5770/5594
f 2839/5769/5593 2887/5770/5594 2838/5721/5547
f 2838/5721/5547 2887/5770/5594 2886/5722/5548
f 2862/5771/5595 2908/5728/5552 2861/5772/5596
f 2861/5772/5596 2908/5728/5552 2885/5726/5550
f 2861/5773/5596 2885/5724/5550 2884/5774/5597
f 2884/5774/5597 2885/5724/5550 2886/5722/5548
f 2884/5774/5597 2886/5722/5548 2883/5775/5598
f 2883/5775/5598 2886/5722/5548 2887/5770/5594
f 2883/5775/5598 2887/5770/5594 2882/5776/5599
f 2882/5776/5599 2887/5770/5594 2888/5768/5592
f 2882/5776/5599 2888/5768/5592 2881/5777/5600
f 2881/5777/5600 2888/5768/5592 2889/5766/5590
f 2881/5777/5600 2889/5766/5590 2880/5778/5601
f 2880/5778/5601 2889/5766/5590 2890/5764/5588
f 2880/5778/5601 2890/5764/5588 2879/5779/5602
f 2879/5779/5602 2890/5764/5588 2891/5762/5586
f 2879/5779/5602 2891/5762/5586 2878/5780/5603
f 2878/5780/5603 2891/5762/5586 2892/5760/5584
f 2878/5780/5603 2892/5760/5584 2877/5781/5604
f 2877/5781/5604 2892/5760/5584 2893/5758/5582
f 2877/5781/5604 2893/5758/5582 2876/5782/5605
f 2876/5782/5605 2893/5758/5582 2894/5756/5580
f 2876/5782/5605 2894/5756/5580 2875/5783/5606
f 2875/5783/5606 2894/5756/5580 2895/5754/5578
f 2875/5783/5606 2895/5754/5578 2874/5784/5607
f 2874/5784/5607 2895/5754/5578 2896/5752/5576
f 2874/5784/5607 2896/5752/5576 2873/5785/5608
f 2873/5785/5608 2896/5752/5576 2897/5750/5574
f 2873/5785/5608 2897/5750/5574 2872/5786/5609
f 2872/5786/5609 2897/5750/5574 2898/5748/5572
f 2872/5786/5609 2898/5748/5572 2871/5787/5610
f 2871/5787/5610 2898/5748/5572 2899/5746/5570
f 2871/5787/5610 2899/5746/5570 2870/5788/5611
f 2870/5788/5611 2899/5746/5570 2900/5744/5568
f 2870/5788/5611 2900/5744/5568 2869/5789/5612
f 2869/5789/5612 2900/5744/5568 2901/5742/5566
f 2869/5789/5612 2901/5742/5566 2868/5790/5613
f 2868/5790/5613 2901/5742/5566 2902/5740/5564
f 2868/5790/5613 2902/5740/5564 2867/5791/5614
f 2867/5791/5614 2902/5740/5564 2903/5738/5562
f 2867/5791/5614 2903/5738/5562 2866/5792/5615
f 2866/5792/5615 2903/5738/5562 2904/5736/5560
f 2866/5792/5615 2904/5736/5560 2865/5793/5616
f 2865/5793/5616 2904/5736/5560 2905/5734/5558
f 2865/5793/5616 2905/5734/5558 2864/5794/5617
f 2864/5794/5617 2905/5734/5558 2906/5732/5556
f 2864/5794/5617 2906/5732/5556 2863/5795/5618
f 2863/5795/5618 2906/5732/5556 2907/5730/5554
f 2863/5795/5618 2907/5730/5554 2862/5771/5595
f 2862/5771/5595 2907/5730/5554 2908/5728/5552
f 2910/5796/5619 2958/5797/5620 2909/5798/5621
f 2909/5798/5621 2958/5797/5620 2957/5799/5622
f 2909/5800/5621 2957/5801/5622 2932/5802/5623
f 2932/5802/5623 2957/5801/5622 2980/5803/5624
f 2932/5802/5623 2980/5803/5624 2931/5804/5625
f 2931/5804/5625 2980/5803/5624 2979/5805/5626
f 2931/5804/5625 2979/5805/5626 2930/5806/5627
f 2930/5806/5627 2979/5805/5626 2978/5807/5628
f 2930/5806/5627 2978/5807/5628 2929/5808/5629
f 2929/5808/5629 2978/5807/5628 2977/5809/5630
f 2929/5808/5629 2977/5809/5630 2928/5810/5631
f 2928/5810/5631 2977/5809/5630 2976/5811/5632
f 2928/5810/5631 2976/5811/5632 2927/5812/5633
f 2927/5812/5633 2976/5811/5632 2975/5813/5634
f 2927/5812/5633 2975/5813/5634 2926/5814/5635
f 2926/5814/5635 2975/5813/5634 2974/5815/5636
f 2926/5814/5635 2974/5815/5636 2925/5816/5637
f 2925/5816/5637 2974/5815/5636 2973/5817/5638
f 2925/5816/5637 2973/5817/5638 2924/5818/5639
f 2924/5818/5639 2973/5817/5638 2972/5819/5640
f 2924/5818/5639 2972/5819/5640 2923/5820/5641
f 2923/5820/5641 2972/5819/5640 2971/5821/5642
f 2923/5820/5641 2971/5821/5642 2922/5822/5643
f 2922/5822/5643 2971/5821/5642 2970/5823/5644
f 2922/5822/5643 2970/5823/5644 2921/5824/5645
f 2921/5824/5645 2970/5823/5644 2969/5825/5646
f 2921/5824/5645 2969/5825/5646 2920/5826/5647
f 2920/5826/5647 2969/5825/5646 2968/5827/5648
f 2920/5826/5647 2968/5827/5648 2919/5828/5649
f 2919/5828/5649 2968/5827/5648 2967/5829/5650
f 2919/5828/5649 2967/5829/5650 2918/5830/5651
f 2918/5830/5651 2967/5829/5650 2966/5831/5652
f 2918/5830/5651 2966/5831/5652 2917/5832/5653
f 2917/5832/5653 2966/5831/5652 2965/5833/5654
f 2917/5832/5653 2965/5833/5654 2916/5834/5655
f 2916/5834/5655 2965/5833/5654 2964/5835/5656
f 2916/5834/5655 2964/5835/5656 2915/5836/5657
f 2915/5836/5657 2964/5835/5656 2963/5837/5658
f 2915/5836/5657 2963/5837/5658 2914/5838/5659
f 2914/5838/5659 2963/5837/5658 2962/5839/5660
f 2914/5838/5659 2962/5839/5660 2913/5840/5661
f 2913/5840/5661 2962/5839/5660 2961/5841/5662
f 2913/5840/5661 2961/5841/5662 2912/5842/5663
f 2912/5842/5663 2961/5841/5662 2960/5843/5664
f 2912/5842/5663 2960/5843/5664 2911/5844/5665
f 2911/5844/5665 2960/5843/5664 2959/5845/5666
f 2911/5844/5665 2959/5845/5666 2910/5796/5619
f 2910/5796/5619 2959/5845/5666 2958/5797/5620
f 2934/5846/5667 2980/5803/5624 2933/5847/5668
f 2933/5847/5668 2980/5803/5624 2957/5801/5622
f 2933/5848/5668 2957/5799/5622 2956/5849/5669
f 2956/5849/5669 2957/5799/5622 2958/5797/5620
f 2956/5849/5669 2958/5797/5620 2955/5850/5670
f 2955/5850/5670 2958/5797/5620 2959/5845/5666
f 2955/5850/5670 2959/5845/5666 2954/5851/5671
f 2954/5851/5671 2959/5845/5666 2960/5843/5664
f 2954/5851/5671 2960/5843/5664 2953/5852/5672
f 2953/5852/5672 2960/5843/5664 2961/5841/5662
f 2953/5852/5672 2961/5841/5662 2952/5853/5673
f 2952/5853/5673 2961/5841/5662 2962/5839/5660
f 2952/5853/5673 2962/5839/5660 2951/5854/5674
f 2951/5854/5674 2962/5839/5660 2963/5837/5658
f 2951/5854/5674 2963/5837/5658 2950/5855/5675
f 2950/5855/5675 2963/5837/5658 2964/5835/5656
f 2950/5855/5675 2964/5835/5656 2949/5856/5676
f 2949/5856/5676 2964/5835/5656 2965/5833/5654
f 2949/5856/5676 2965/5833/5654 2948/5857/5677
f 2948/5857/5677 2965/5833/5654 2966/5831/5652
f 2948/5857/5677 2966/5831/5652 2947/5858/5678
f 2947/5858/5678 2966/5831/5652 2967/5829/5650
f 2947/5858/5678 2967/5829/5650 2946/5859/5679
f 2946/5859/5679 2967/5829/5650 2968/5827/5648
f 2946/5859/5679 2968/5827/5648 2945/5860/5680
f 2945/5860/5680 2968/5827/5648 2969/5825/5646
f 2945/5860/5680 2969/5825/5646 2944/5861/5681
f 2944/5861/5681 2969/5825/5646 2970/5823/5644
f 2944/5861/5681 2970/5823/5644 2943/5862/5682
f 2943/5862/5682 2970/5823/5644 2971/5821/5642
f 2943/5862/5682 2971/5821/5642 2942/5863/5683
f 2942/5863/5683 2971/5821/5642 2972/5819/5640
f 2942/5863/5683 2972/5819/5640 2941/5864/5684
f 2941/5864/5684 2972/5819/5640 2973/5817/5638
f 2941/5864/5684 2973/5817/5638 2940/5865/5685
f 2940/5865/5685 2973/5817/5638 2974/5815/5636
f 2940/5865/5685 2974/5815/5636 2939/5866/5686
f 2939/5866/5686 2974/5815/5636 2975/5813/5634
f 2939/5866/5686 2975/5813/5634 2938/5867/5687
f 2938/5867/5687 2975/5813/5634 2976/5811/5632
f 2938/5867/5687 2976/5811/5632 2937/5868/5688
f 2937/5868/5688 2976/5811/5632 2977/5809/5630
f 2937/5868/5688 2977/5809/5630 2936/5869/5689
f 2936/5869/5689 2977/5809/5630 2978/5807/5628
f 2936/5869/5689 2978/5807/5628 2935/5870/5690
f 2935/5870/5690 2978/5807/5628 2979/5805/5626
f 2935/5870/5690 2979/5805/5626 2934/5846/5667
f 2934/5846/5667 2979/5805/5626 2980/5803/5624
f 2982/5871/5691 3030/5872/5692 2981/5873/5693
f 2981/5873/5693 3030/5872/5692 3029/5874/5694
f 2981/5875/5693 3029/5876/5694 3004/5877/5695
f 3004/5877/5695 3029/5876/5694 3052/5878/5696
f 3004/5877/5695 3052/5878/5696 3003/5879/5697
f 3003/5879/5697 3052/5878/5696 3051/5880/5698
f 3003/5879/5697 3051/5880/5698 3002/5881/5699
f 3002/5881/5699 3051/5880/5698 3050/5882/5700
f 3002/5881/5699 3050/5882/5700 3001/5883/5701
f 3001/5883/5701 3050/5882/5700 3049/5884/5702
f 3001/5883/5701 3049/5884/5702 3000/5885/5703
f 3000/5885/5703 3049/5884/5702 3048/5886/5704
f 3000/5885/5703 3048/5886/5704 2999/5887/5705
f 2999/5887/5705 3048/5886/5704 3047/5888/5706
f 2999/5887/5705 3047/5888/5706 2998/5889/5707
f 2998/5889/5707 3047/5888/5706 3046/5890/5708
f 2998/5889/5707 3046/5890/5708 2997/5891/5709
f 2997/5891/5709 3046/5890/5708 3045/5892/5710
f 2997/5891/5709 3045/5892/5710 2996/5893/5711
f 2996/5893/5711 3045/5892/5710 3044/5894/5712
f 2996/5893/5711 3044/5894/5712 2995/5895/5713
f 2995/5895/5713 3044/5894/5712 3043/5896/5714
f 2995/5895/5713 3043/5896/5714 2994/5897/5715
f 2994/5897/5715 3043/5896/5714 3042/5898/5716
f 2994/5897/5715 3042/5898/5716 2993/5899/5717
f 2993/5899/5717 3042/5898/5716 3041/5900/5718
f 2993/5899/5717 3041/5900/5718 2992/5901/5719
f 2992/5901/5719 3041/5900/5718 3040/5902/5720
f 2992/5901/5719 3040/5902/5720 2991/5903/5721
f 2991/5903/5721 3040/5902/5720 3039/5904/5722
f 2991/5903/5721 3039/5904/5722 2990/5905/5723
f 2990/5905/5723 3039/5904/5722 3038/5906/5724
f 2990/5905/5723 3038/5906/5724 2989/5907/5725
f 2989/5907/5725 3038/5906/5724 3037/5908/5726
f 2989/5907/5725 3037/5908/5726 2988/5909/5727
f 2988/5909/5727 3037/5908/5726 3036/5910/5728
f 2988/5909/5727 3036/5910/5728 2987/5911/5729
f 2987/5911/5729 3036/5910/5728 3035/5912/5730
f 2987/5911/5729 3035/5912/5730 2986/5913/5731
f 2986/5913/5731 3035/5912/5730 3034/5914/5732
f 2986/5913/5731 3034/5914/5732 2985/5915/5733
f 2985/5915/5733 3034/5914/5732 3033/5916/5734
f 2985/5915/5733 3033/5916/5734 2984/5917/5735
f 2984/5917/5735 3033/5916/5734 3032/5918/5736
f 2984/5917/5735 3032/5918/5736 2983/5919/5737
f 2983/5919/5737 3032/5918/5736 3031/5920/5738
f 2983/5919/5737 3031/5920/5738 2982/5871/5691
f 2982/5871/5691 3031/5920/5738 3030/5872/5692
f 3006/5921/5739 3052/5878/5696 3005/5922/5740
f 3005/5922/5740 3052/5878/5696 3029/5876/5694
f 3005/5923/5740 3029/5874/5694 3028/5924/5741
f 3028/5924/5741 3029/5874/5694 3030/5872/5692
f 3028/5924/5741 3030/5872/5692 3027/5925/5742
f 3027/5925/5742 3030/5872/5692 3031/5920/5738
f 3027/5925/5742 3031/5920/5738 3026/5926/5743
f 3026/5926/5743 3031/5920/5738 3032/5918/5736
f 3026/5926/5743 3032/5918/5736 3025/5927/5744
f 3025/5927/5744 3032/5918/5736 3033/5916/5734
f 3025/5927/5744 3033/5916/5734 3024/5928/5745
f 3024/5928/5745 3033/5916/5734 3034/5914/5732
f 3024/5928/5745 3034/5914/5732 3023/5929/5746
f 3023/5929/5746 3034/5914/5732 3035/5912/5730
f 3023/5929/5746 3035/5912/5730 3022/5930/5747
f 3022/5930/5747 3035/5912/5730 3036/5910/5728
f 3022/5930/5747 3036/5910/5728 3021/5931/5748
f 3021/5931/5748 3036/5910/5728 3037/5908/5726
f 3021/5931/5748 3037/5908/5726 3020/5932/5749
f 3020/5932/5749 3037/5908/5726 3038/5906/5724
f 3020/5932/5749 3038/5906/5724 3019/5933/5750
f 3019/5933/5750 3038/5906/5724 3039/5904/5722
f 3019/5933/5750 3039/5904/5722 3018/5934/5751
f 3018/5934/5751 3039/5904/5722 3040/5902/5720
f 3018/5934/5751 3040/5902/5720 3017/5935/5752
f 3017/5935/5752 3040/5902/5720 3041/5900/5718
f 3017/5935/5752 3041/5900/5718 3016/5936/5753
f 3016/5936/5753 3041/5900/5718 3042/5898/5716
f 3016/5936/5753 3042/5898/5716 3015/5937/5754
f 3015/5937/5754 3042/5898/5716 3043/5896/5714
f 3015/5937/5754 3043/5896/5714 3014/5938/5755
f 3014/5938/5755 3043/5896/5714 3044/5894/5712
f 3014/5938/5755 3044/5894/5712 3013/5939/5756
f 3013/5939/5756 3044/5894/5712 3045/5892/5710
f 3013/5939/5756 3045/5892/5710 3012/5940/5757
f 3012/5940/5757 3045/5892/5710 3046/5890/5708
f 3012/5940/5757 3046/5890/5708 3011/5941/5758
f 3011/5941/5758 3046/5890/5708 3047/5888/5706
f 3011/5941/5758 3047/5888/5706 3010/5942/5759
f 3010/5942/5759 3047/5888/5706 3048/5886/5704
f 3010/5942/5759 3048/5886/5704 3009/5943/5760
f 3009/5943/5760 3048/5886/5704 3049/5884/5702
f 3009/5943/5760 3049/5884/5702 3008/5944/5761
f 3008/5944/5761 3049/5884/5702 3050/5882/5700
f 3008/5944/5761 3050/5882/5700 3007/5945/5762
f 3007/5945/5762 3050/5882/5700 3051/5880/5698
f 3007/5945/5762 3051/5880/5698 3006/5921/5739
f 3006/5921/5739 3051/5880/5698 3052/5878/5696
f 3053/5946/5763 3054/5947/5764 3056/5948/5765
f 3056/5948/5765 3054/5947/5764 3055/5949/5766
f 3068/5950/5767 3057/5951/5768 3067/5952/5769
f 3067/5952/5769 3057/5951/5768 3058/5953/5770
f 3067/5952/5769 3058/5953/5770 3066/5954/5771
f 3066/5954/5771 3058/5953/5770 3059/5955/5772
f 3066/5954/5771 3059/5955/5772 3065/5956/5773
f 3065/5956/5773 3059/5955/5772 3060/5957/5774
f 3065/5956/5773 3060/5957/5774 3064/5958/5775
f 3064/5958/5775 3060/5957/5774 3061/5959/5776
f 3064/5958/5775 3061/5959/5776 3063/5960/5777
f 3063/5960/5777 3061/5959/5776 3062/5961/5778
f 3063/5960/5777 3062/5961/5778 3056/5962/5765
f 3056/5962/5765 3062/5961/5778 3053/5963/5763
f 3069/5964/5779 3057/5965/5768 3070/5966/5780
f 3070/5966/5780 3057/5965/5768 3068/5967/5767
f 3082/5968/5781 3071/5969/5782 3081/5970/5783
f 3081/5970/5783 3071/5969/5782 3072/5971/5784
f 3081/5970/5783 3072/5971/5784 3080/5972/5785
f 3080/5972/5785 3072/5971/5784 3073/5973/5786
f 3080/5972/5785 3073/5973/5786 3079/5974/5787
f 3079/5974/5787 3073/5973/5786 3074/5975/5788
f 3079/5974/5787 3074/5975/5788 3078/5976/5789
f 3078/5976/5789 3074/5975/5788 3075/5977/5790
f 3078/5976/5789 3075/5977/5790 3077/5978/5791
f 3077/5978/5791 3075/5977/5790 3076/5979/5792
f 3077/5978/5791 3076/5979/5792 3070/5980/5780
f 3070/5980/5780 3076/5979/5792 3069/5981/5779
f 3083/5982/5793 3071/5983/5782 3084/5984/5794
f 3084/5984/5794 3071/5983/5782 3082/5985/5781
f 3096/5986/5795 3085/5987/5796 3095/5988/5797
f 3095/5988/5797 3085/5987/5796 3086/5989/5798
f 3095/5988/5797 3086/5989/5798 3094/5990/5799
f 3094/5990/5799 3086/5989/5798 3087/5991/5800
f 3094/5990/5799 3087/5991/5800 3093/5992/5801
f 3093/5992/5801 3087/5991/5800 3088/5993/5802
f 3093/5992/5801 3088/5993/5802 3092/5994/5803
f 3092/5994/5803 3088/5993/5802 3089/5995/5804
f 3092/5994/5803 3089/5995/5804 3091/5996/5805
f 3091/5996/5805 3089/5995/5804 3090/5997/5806
f 3091/5996/5805 3090/5997/5806 3084/5998/5794
f 3084/5998/5794 3090/5997/5806 3083/5999/5793
f 3097/6000/5807 3085/6001/5796 3098/6002/5808
f 3098/6002/5808 3085/6001/5796 3096/6003/5795
f 3055/6004/5766 3054/6005/5764 3108/6006/5809
f 3108/6006/5809 3054/6005/5764 3099/6007/5810
f 3108/6006/5809 3099/6007/5810 3107/6008/5811
f 3107/6008/5811 3099/6007/5810 3100/6009/5812
f 3107/6008/5811 3100/6009/5812 3106/6010/5813
f 3106/6010/5813 3100/6009/5812 3101/6011/5814
f 3106/6010/5813 3101/6011/5814 3105/6012/5815
f 3105/6012/5815 3101/6011/5814 3102/6013/5816
f 3105/6012/5815 3102/6013/5816 3104/6014/5817
f 3104/6014/5817 3102/6013/5816 3103/6015/5818
f 3104/6014/5817 3103/6015/5818 3098/6016/5808
f 3098/6016/5808 3103/6015/5818 3097/6017/5807
f 2982/6018/5819 2981/6019/5820 3084/6020/5821
f 3084/6020/5821 2981/6019/5820 3004/6021/5822
f 3084/6020/5821 3004/6021/5822 3091/6022/5823
f 3091/6022/5823 3004/6021/5822 3003/6023/5824
f 3091/6022/5823 3003/6023/5824 3092/6024/5825
f 3092/6024/5825 3003/6023/5824 3002/6025/5826
f 3092/6024/5825 3002/6025/5826 3093/6026/5827
f 3093/6026/5827 3002/6025/5826 3094/6027/5828
f 3094/6027/5828 3002/6025/5826 3001/6028/5829
f 3094/6027/5828 3001/6028/5829 3095/6029/5830
f 3095/6029/5830 3001/6028/5829 3000/6030/5831
f 3095/6029/5830 3000/6030/5831 3096/6031/5832
f 3096/6031/5832 3000/6030/5831 2999/6032/5833
f 3096/6031/5832 2999/6032/5833 2998/6033/5834
f 2998/6033/5834 2997/6034/5835 3096/6031/5832
f 3096/6031/5832 2997/6034/5835 2996/6035/5836
f 3096/6031/5832 2996/6035/5836 2722/6036/5837
f 2722/6036/5837 2996/6035/5836 2995/6037/5838
f 2722/6036/5837 2995/6037/5838 2723/6038/5839
f 2723/6038/5839 2995/6037/5838 2994/6039/5840
f 2723/6038/5839 2994/6039/5840 2993/6040/5841
f 2993/6040/5841 2992/6041/5842 2723/6038/5839
f 2723/6038/5839 2992/6041/5842 2724/6042/5843
f 2724/6042/5843 2992/6041/5842 2991/6043/5844
f 2724/6042/5843 2991/6043/5844 2990/6044/5845
f 2724/6042/5843 2990/6044/5845 2725/6045/5846
f 2725/6045/5846 2990/6044/5845 2989/6046/5847
f 2725/6045/5846 2989/6046/5847 2988/6047/5848
f 2725/6045/5846 2988/6047/5848 2726/6048/5849
f 2726/6048/5849 2988/6047/5848 2987/6049/5850
f 2726/6048/5849 2987/6049/5850 2986/6050/5851
f 2986/6050/5851 2985/6051/5852 2726/6048/5849
f 2726/6048/5849 2985/6051/5852 2727/6052/5853
f 2727/6052/5853 2985/6051/5852 2984/6053/5854
f 2727/6052/5853 2984/6053/5854 3084/6020/5821
f 3084/6020/5821 2984/6053/5854 2983/6054/5855
f 3084/6020/5821 2983/6054/5855 2982/6018/5819
f 2910/6055/5856 2909/6056/5857 3082/6057/5858
f 3082/6057/5858 2909/6056/5857 2932/6058/5859
f 3082/6057/5858 2932/6058/5859 2931/6059/5860
f 2931/6059/5860 2930/6060/5861 3082/6057/5858
f 3082/6057/5858 2930/6060/5861 2695/6061/5862
f 3082/6057/5858 2695/6061/5862 2694/6062/5863
f 2930/6060/5861 2929/6063/5864 2695/6061/5862
f 2695/6061/5862 2929/6063/5864 2696/6064/5865
f 2696/6064/5865 2929/6063/5864 2928/6065/5866
f 2696/6064/5865 2928/6065/5866 2927/6066/5867
f 2927/6066/5867 2926/6067/5868 2696/6064/5865
f 2696/6064/5865 2926/6067/5868 2697/6068/5869
f 2697/6068/5869 2926/6067/5868 2925/6069/5870
f 2697/6068/5869 2925/6069/5870 2924/6070/5871
f 2697/6068/5869 2924/6070/5871 2698/6071/5872
f 2698/6071/5872 2924/6070/5871 2923/6072/5873
f 2698/6071/5872 2923/6072/5873 2922/6073/5874
f 2698/6071/5872 2922/6073/5874 2699/6074/5875
f 2699/6074/5875 2922/6073/5874 2921/6075/5876
f 2699/6074/5875 2921/6075/5876 2920/6076/5877
f 2920/6076/5877 2919/6077/5878 2699/6074/5875
f 2699/6074/5875 2919/6077/5878 2700/6078/5879
f 2700/6078/5879 2919/6077/5878 2918/6079/5880
f 2700/6078/5879 2918/6079/5880 3070/6080/5881
f 3070/6080/5881 2918/6079/5880 2917/6081/5882
f 3070/6080/5881 2917/6081/5882 2916/6082/5883
f 2916/6082/5883 2915/6083/5884 3070/6080/5881
f 3070/6080/5881 2915/6083/5884 2914/6084/5885
f 3070/6080/5881 2914/6084/5885 3077/6085/5886
f 3077/6085/5886 2914/6084/5885 2913/6086/5887
f 3077/6085/5886 2913/6086/5887 3078/6087/5888
f 3078/6087/5888 2913/6086/5887 2912/6088/5889
f 3078/6087/5888 2912/6088/5889 3079/6089/5890
f 3079/6089/5890 2912/6088/5889 3080/6090/5891
f 3080/6090/5891 2912/6088/5889 2911/6091/5892
f 3080/6090/5891 2911/6091/5892 3081/6092/5893
f 3081/6092/5893 2911/6091/5892 2910/6055/5856
f 3081/6092/5893 2910/6055/5856 3082/6057/5858
f 2838/6093/5894 2837/6094/5895 2705/6095/5896
f 2705/6095/5896 2837/6094/5895 2860/6096/5897
f 2705/6095/5896 2860/6096/5897 2706/6097/5898
f 2706/6097/5898 2860/6096/5897 2859/6098/5899
f 2706/6097/5898 2859/6098/5899 2858/6099/5900
f 2706/6097/5898 2858/6099/5900 2707/6100/5901
f 2707/6100/5901 2858/6099/5900 2857/6101/5902
f 2707/6100/5901 2857/6101/5902 2856/6102/5903
f 2707/6100/5901 2856/6102/5903 2708/6103/5904
f 2708/6103/5904 2856/6102/5903 2855/6104/5905
f 2708/6103/5904 2855/6104/5905 2854/6105/5906
f 2854/6105/5906 2853/6106/5907 2708/6103/5904
f 2708/6103/5904 2853/6106/5907 2709/6107/5908
f 2709/6107/5908 2853/6106/5907 2852/6108/5909
f 2709/6107/5908 2852/6108/5909 3056/6109/5910
f 3056/6109/5910 2852/6108/5909 2851/6110/5911
f 3056/6109/5910 2851/6110/5911 2850/6111/5912
f 2850/6111/5912 2849/6112/5913 3056/6109/5910
f 3056/6109/5910 2849/6112/5913 2848/6113/5914
f 3056/6109/5910 2848/6113/5914 3063/6114/5915
f 3063/6114/5915 2848/6113/5914 2847/6115/5916
f 3063/6114/5915 2847/6115/5916 3064/6116/5917
f 3064/6116/5917 2847/6115/5916 2846/6117/5918
f 3064/6116/5917 2846/6117/5918 3065/6118/5919
f 3065/6118/5919 2846/6117/5918 3066/6119/5920
f 3066/6119/5920 2846/6117/5918 2845/6120/5921
f 3066/6119/5920 2845/6120/5921 3067/6121/5922
f 3067/6121/5922 2845/6120/5921 2844/6122/5923
f 3067/6121/5922 2844/6122/5923 3068/6123/5924
f 3068/6123/5924 2844/6122/5923 2843/6124/5925
f 3068/6123/5924 2843/6124/5925 2842/6125/5926
f 2842/6125/5926 2841/6126/5927 3068/6123/5924
f 3068/6123/5924 2841/6126/5927 2840/6127/5928
f 3068/6123/5924 2840/6127/5928 2704/6128/5929
f 2704/6128/5929 2840/6127/5928 2839/6129/5930
f 2704/6128/5929 2839/6129/5930 2705/6095/5896
f 2705/6095/5896 2839/6129/5930 2838/6093/5894
f 2766/6130/5931 2765/6131/5932 2717/6132/5933
f 2717/6132/5933 2765/6131/5932 2788/6133/5934
f 2717/6132/5933 2788/6133/5934 2787/6134/5935
f 2717/6132/5933 2787/6134/5935 2718/6135/5936
f 2718/6135/5936 2787/6134/5935 2786/6136/5937
f 2718/6135/5936 2786/6136/5937 3098/6137/5938
f 3098/6137/5938 2786/6136/5937 2785/6138/5939
f 3098/6137/5938 2785/6138/5939 2784/6139/5940
f 2784/6139/5940 2783/6140/5941 3098/6137/5938
f 3098/6137/5938 2783/6140/5941 2782/6141/5942
f 3098/6137/5938 2782/6141/5942 3104/6142/5943
f 3104/6142/5943 2782/6141/5942 2781/6143/5944
f 3104/6142/5943 2781/6143/5944 3105/6144/5945
f 3105/6144/5945 2781/6143/5944 2780/6145/5946
f 3105/6144/5945 2780/6145/5946 3106/6146/5947
f 3106/6146/5947 2780/6145/5946 3107/6147/5948
f 3107/6147/5948 2780/6145/5946 2779/6148/5949
f 3107/6147/5948 2779/6148/5949 3108/6149/5950
f 3108/6149/5950 2779/6148/5949 2778/6150/5951
f 3108/6149/5950 2778/6150/5951 3055/6151/5952
f 3055/6151/5952 2778/6150/5951 2777/6152/5953
f 3055/6151/5952 2777/6152/5953 2776/6153/5954
f 2776/6153/5954 2775/6154/5955 3055/6151/5952
f 3055/6151/5952 2775/6154/5955 2774/6155/5956
f 3055/6151/5952 2774/6155/5956 2713/6156/5957
f 2713/6156/5957 2774/6155/5956 2773/6157/5958
f 2713/6156/5957 2773/6157/5958 2714/6158/5959
f 2714/6158/5959 2773/6157/5958 2772/6159/5960
f 2714/6158/5959 2772/6159/5960 2771/6160/5961
f 2771/6160/5961 2770/6161/5962 2714/6158/5959
f 2714/6158/5959 2770/6161/5962 2715/6162/5963
f 2715/6162/5963 2770/6161/5962 2769/6163/5964
f 2715/6162/5963 2769/6163/5964 2768/6164/5965
f 2715/6162/5963 2768/6164/5965 2716/6165/5966
f 2716/6165/5966 2768/6164/5965 2767/6166/5967
f 2716/6165/5966 2767/6166/5967 2766/6130/5931
f 2716/6165/5966 2766/6130/5931 2717/6132/5933
f 2728/6167/5968 3084/6020/5821 2693/6168/5969
f 2693/6168/5969 3084/6020/5821 3082/6057/5858
f 2693/6168/5969 3082/6057/5858 2694/6062/5863
f 2728/6167/5968 2727/6052/5853 3084/6020/5821
f 2722/6036/5837 2721/6169/5970 3096/6031/5832
f 3096/6031/5832 2721/6169/5970 2720/6170/5971
f 3096/6031/5832 2720/6170/5971 3098/6137/5938
f 3098/6137/5938 2720/6170/5971 2719/6171/5972
f 3098/6137/5938 2719/6171/5972 2718/6135/5936
f 2713/6156/5957 2712/6172/5973 3055/6151/5952
f 3055/6151/5952 2712/6172/5973 2711/6173/5974
f 3055/6151/5952 2711/6173/5974 3056/6109/5910
f 3056/6109/5910 2711/6173/5974 2710/6174/5975
f 3056/6109/5910 2710/6174/5975 2709/6107/5908
f 2704/6128/5929 2703/6175/5976 3068/6123/5924
f 3068/6123/5924 2703/6175/5976 2702/6176/5977
f 3068/6123/5924 2702/6176/5977 3070/6080/5881
f 3070/6080/5881 2702/6176/5977 2701/6177/5978
f 3070/6080/5881 2701/6177/5978 2700/6078/5879
f 3006/6178/5979 3005/6179/5980 3083/6180/5981
f 3083/6180/5981 3005/6179/5980 3028/6181/5982
f 3083/6180/5981 3028/6181/5982 3027/6182/5983
f 3027/6182/5983 3026/6183/5984 3083/6180/5981
f 3083/6180/5981 3026/6183/5984 2731/6184/5985
f 3083/6180/5981 2731/6184/5985 2730/6185/5986
f 3026/6183/5984 3025/6186/5987 2731/6184/5985
f 2731/6184/5985 3025/6186/5987 2732/6187/5988
f 2732/6187/5988 3025/6186/5987 3024/6188/5989
f 2732/6187/5988 3024/6188/5989 3023/6189/5990
f 3023/6189/5990 3022/6190/5991 2732/6187/5988
f 2732/6187/5988 3022/6190/5991 2733/6191/5992
f 2733/6191/5992 3022/6190/5991 3021/6192/5993
f 2733/6191/5992 3021/6192/5993 3020/6193/5994
f 2733/6191/5992 3020/6193/5994 2734/6194/5995
f 2734/6194/5995 3020/6193/5994 3019/6195/5996
f 2734/6194/5995 3019/6195/5996 3018/6196/5997
f 2734/6194/5995 3018/6196/5997 2735/6197/5998
f 2735/6197/5998 3018/6196/5997 3017/6198/5999
f 2735/6197/5998 3017/6198/5999 3016/6199/6000
f 3016/6199/6000 3015/6200/6001 2735/6197/5998
f 2735/6197/5998 3015/6200/6001 2736/6201/6002
f 2736/6201/6002 3015/6200/6001 3014/6202/6003
f 2736/6201/6002 3014/6202/6003 3085/6203/6004
f 3085/6203/6004 3014/6202/6003 3013/6204/6005
f 3085/6203/6004 3013/6204/6005 3012/6205/6006
f 3012/6205/6006 3011/6206/6007 3085/6203/6004
f 3085/6203/6004 3011/6206/6007 3010/6207/6008
f 3085/6203/6004 3010/6207/6008 3086/6208/6009
f 3086/6208/6009 3010/6207/6008 3009/6209/6010
f 3086/6208/6009 3009/6209/6010 3087/6210/6011
f 3087/6210/6011 3009/6209/6010 3008/6211/6012
f 3087/6210/6011 3008/6211/6012 3088/6212/6013
f 3088/6212/6013 3008/6211/6012 3089/6213/6014
f 3089/6213/6014 3008/6211/6012 3007/6214/6015
f 3089/6213/6014 3007/6214/6015 3090/6215/6016
f 3090/6215/6016 3007/6214/6015 3006/6178/5979
f 3090/6215/6016 3006/6178/5979 3083/6180/5981
f 2934/6216/6017 2933/6217/6018 3071/6218/6019
f 3071/6218/6019 2933/6217/6018 2956/6219/6020
f 3071/6218/6019 2956/6219/6020 3072/6220/6021
f 3072/6220/6021 2956/6219/6020 2955/6221/6022
f 3072/6220/6021 2955/6221/6022 3073/6222/6023
f 3073/6222/6023 2955/6221/6022 2954/6223/6024
f 3073/6222/6023 2954/6223/6024 3074/6224/6025
f 3074/6224/6025 2954/6223/6024 3075/6225/6026
f 3075/6225/6026 2954/6223/6024 2953/6226/6027
f 3075/6225/6026 2953/6226/6027 3076/6227/6028
f 3076/6227/6028 2953/6226/6027 2952/6228/6029
f 3076/6227/6028 2952/6228/6029 3069/6229/6030
f 3069/6229/6030 2952/6228/6029 2951/6230/6031
f 3069/6229/6030 2951/6230/6031 2950/6231/6032
f 2950/6231/6032 2949/6232/6033 3069/6229/6030
f 3069/6229/6030 2949/6232/6033 2948/6233/6034
f 3069/6229/6030 2948/6233/6034 2758/6234/6035
f 2758/6234/6035 2948/6233/6034 2947/6235/6036
f 2758/6234/6035 2947/6235/6036 2759/6236/6037
f 2759/6236/6037 2947/6235/6036 2946/6237/6038
f 2759/6236/6037 2946/6237/6038 2945/6238/6039
f 2945/6238/6039 2944/6239/6040 2759/6236/6037
f 2759/6236/6037 2944/6239/6040 2760/6240/6041
f 2760/6240/6041 2944/6239/6040 2943/6241/6042
f 2760/6240/6041 2943/6241/6042 2942/6242/6043
f 2760/6240/6041 2942/6242/6043 2761/6243/6044
f 2761/6243/6044 2942/6242/6043 2941/6244/6045
f 2761/6243/6044 2941/6244/6045 2940/6245/6046
f 2761/6243/6044 2940/6245/6046 2762/6246/6047
f 2762/6246/6047 2940/6245/6046 2939/6247/6048
f 2762/6246/6047 2939/6247/6048 2938/6248/6049
f 2938/6248/6049 2937/6249/6050 2762/6246/6047
f 2762/6246/6047 2937/6249/6050 2763/6250/6051
f 2763/6250/6051 2937/6249/6050 2936/6251/6052
f 2763/6250/6051 2936/6251/6052 3071/6218/6019
f 3071/6218/6019 2936/6251/6052 2935/6252/6053
f 3071/6218/6019 2935/6252/6053 2934/6216/6017
f 2862/6253/6054 2861/6254/6055 2753/6255/6056
f 2753/6255/6056 2861/6254/6055 2884/6256/6057
f 2753/6255/6056 2884/6256/6057 2883/6257/6058
f 2753/6255/6056 2883/6257/6058 2754/6258/6059
f 2754/6258/6059 2883/6257/6058 2882/6259/6060
f 2754/6258/6059 2882/6259/6060 3057/6260/6061
f 3057/6260/6061 2882/6259/6060 2881/6261/6062
f 3057/6260/6061 2881/6261/6062 2880/6262/6063
f 2880/6262/6063 2879/6263/6064 3057/6260/6061
f 3057/6260/6061 2879/6263/6064 2878/6264/6065
f 3057/6260/6061 2878/6264/6065 3058/6265/6066
f 3058/6265/6066 2878/6264/6065 2877/6266/6067
f 3058/6265/6066 2877/6266/6067 3059/6267/6068
f 3059/6267/6068 2877/6266/6067 2876/6268/6069
f 3059/6267/6068 2876/6268/6069 3060/6269/6070
f 3060/6269/6070 2876/6268/6069 3061/6270/6071
f 3061/6270/6071 2876/6268/6069 2875/6271/6072
f 3061/6270/6071 2875/6271/6072 3062/6272/6073
f 3062/6272/6073 2875/6271/6072 2874/6273/6074
f 3062/6272/6073 2874/6273/6074 3053/6274/6075
f 3053/6274/6075 2874/6273/6074 2873/6275/6076
f 3053/6274/6075 2873/6275/6076 2872/6276/6077
f 2872/6276/6077 2871/6277/6078 3053/6274/6075
f 3053/6274/6075 2871/6277/6078 2870/6278/6079
f 3053/6274/6075 2870/6278/6079 2749/6279/6080
f 2749/6279/6080 2870/6278/6079 2869/6280/6081
f 2749/6279/6080 2869/6280/6081 2750/6281/6082
f 2750/6281/6082 2869/6280/6081 2868/6282/6083
f 2750/6281/6082 2868/6282/6083 2867/6283/6084
f 2867/6283/6084 2866/6284/6085 2750/6281/6082
f 2750/6281/6082 2866/6284/6085 2751/6285/6086
f 2751/6285/6086 2866/6284/6085 2865/6286/6087
f 2751/6285/6086 2865/6286/6087 2864/6287/6088
f 2751/6285/6086 2864/6287/6088 2752/6288/6089
f 2752/6288/6089 2864/6287/6088 2863/6289/6090
f 2752/6288/6089 2863/6289/6090 2862/6253/6054
f 2752/6288/6089 2862/6253/6054 2753/6255/6056
f 2790/6290/6091 2789/6291/6092 2741/6292/6093
f 2741/6292/6093 2789/6291/6092 2812/6293/6094
f 2741/6292/6093 2812/6293/6094 2742/6294/6095
f 2742/6294/6095 2812/6293/6094 2811/6295/6096
f 2742/6294/6095 2811/6295/6096 2810/6296/6097
f 2742/6294/6095 2810/6296/6097 2743/6297/6098
f 2743/6297/6098 2810/6296/6097 2809/6298/6099
f 2743/6297/6098 2809/6298/6099 2808/6299/6100
f 2743/6297/6098 2808/6299/6100 2744/6300/6101
f 2744/6300/6101 2808/6299/6100 2807/6301/6102
f 2744/6300/6101 2807/6301/6102 2806/6302/6103
f 2806/6302/6103 2805/6303/6104 2744/6300/6101
f 2744/6300/6101 2805/6303/6104 2745/6304/6105
f 2745/6304/6105 2805/6303/6104 2804/6305/6106
f 2745/6304/6105 2804/6305/6106 3054/6306/6107
f 3054/6306/6107 2804/6305/6106 2803/6307/6108
f 3054/6306/6107 2803/6307/6108 2802/6308/6109
f 2802/6308/6109 2801/6309/6110 3054/6306/6107
f 3054/6306/6107 2801/6309/6110 2800/6310/6111
f 3054/6306/6107 2800/6310/6111 3099/6311/6112
f 3099/6311/6112 2800/6310/6111 2799/6312/6113
f 3099/6311/6112 2799/6312/6113 3100/6313/6114
f 3100/6313/6114 2799/6312/6113 2798/6314/6115
f 3100/6313/6114 2798/6314/6115 3101/6315/6116
f 3101/6315/6116 2798/6314/6115 3102/6316/6117
f 3102/6316/6117 2798/6314/6115 2797/6317/6118
f 3102/6316/6117 2797/6317/6118 3103/6318/6119
f 3103/6318/6119 2797/6317/6118 2796/6319/6120
f 3103/6318/6119 2796/6319/6120 3097/6320/6121
f 3097/6320/6121 2796/6319/6120 2795/6321/6122
f 3097/6320/6121 2795/6321/6122 2794/6322/6123
f 2794/6322/6123 2793/6323/6124 3097/6320/6121
f 3097/6320/6121 2793/6323/6124 2792/6324/6125
f 3097/6320/6121 2792/6324/6125 2740/6325/6126
f 2740/6325/6126 2792/6324/6125 2791/6326/6127
f 2740/6325/6126 2791/6326/6127 2741/6292/6093
f 2741/6292/6093 2791/6326/6127 2790/6290/6091
f 2764/6327/6128 3071/6218/6019 2729/6328/6129
f 2729/6328/6129 3071/6218/6019 3083/6180/5981
f 2729/6328/6129 3083/6180/5981 2730/6185/5986
f 2764/6327/6128 2763/6250/6051 3071/6218/6019
f 2758/6234/6035 2757/6329/6130 3069/6229/6030
f 3069/6229/6030 2757/6329/6130 2756/6330/6131
f 3069/6229/6030 2756/6330/6131 3057/6260/6061
f 3057/6260/6061 2756/6330/6131 2755/6331/6132
f 3057/6260/6061 2755/6331/6132 2754/6258/6059
f 2749/6279/6080 2748/6332/6133 3053/6274/6075
f 3053/6274/6075 2748/6332/6133 2747/6333/6134
f 3053/6274/6075 2747/6333/6134 3054/6306/6107
f 3054/6306/6107 2747/6333/6134 2746/6334/6135
f 3054/6306/6107 2746/6334/6135 2745/6304/6105
f 2740/6325/6126 2739/6335/6136 3097/6320/6121
f 3097/6320/6121 2739/6335/6136 2738/6336/6137
f 3097/6320/6121 2738/6336/6137 3085/6203/6004
f 3085/6203/6004 2738/6336/6137 2737/6337/6138
f 3085/6203/6004 2737/6337/6138 2736/6201/6002
g Cuerpo4

v 0.670000 1.220000 -1.450000
v 0.673407 1.194118 -1.450000
v 0.683397 1.170000 -1.450000
v 0.699289 1.149289 -1.450000
v 0.720000 1.133397 -1.450000
v 0.744118 1.123407 -1.450000
v 0.770000 1.120000 -1.450000
v 0.795882 1.123407 -1.450000
v 0.820000 1.133397 -1.450000
v 0.840711 1.149289 -1.450000
v 0.856603 1.170000 -1.450000
v 0.866593 1.194118 -1.450000
v 0.870000 1.220000 -1.450000
v 0.866593 1.245882 -1.450000
v 0.856603 1.270000 -1.450000
v 0.840711 1.290711 -1.450000
v 0.820000 1.306603 -1.450000
v 0.795882 1.316593 -1.450000
v 0.770000 1.320000 -1.450000
v 0.744118 1.316593 -1.450000
v 0.720000 1.306603 -1.450000
v 0.699289 1.290711 -1.450000
v 0.683397 1.270000 -1.450000
v 0.673407 1.245882 -1.450000
v -0.870000 1.220000 -1.450000
v -0.866593 1.194118 -1.450000
v -0.856603 1.170000 -1.450000
v -0.840711 1.149289 -1.450000
v -0.820000 1.133397 -1.450000
v -0.795882 1.123407 -1.450000
v -0.770000 1.120000 -1.450000
v -0.744118 1.123407 -1.450000
v -0.720000 1.133397 -1.450000
v -0.699289 1.149289 -1.450000
v -0.683397 1.170000 -1.450000
v -0.673407 1.194118 -1.450000
v -0.670000 1.220000 -1.450000
v -0.673407 1.245882 -1.450000
v -0.683397 1.270000 -1.450000
v -0.699289 1.290711 -1.450000
v -0.720000 1.306603 -1.450000
v -0.744118 1.316593 -1.450000
v -0.770000 1.320000 -1.450000
v -0.795882 1.316593 -1.450000
v -0.820000 1.306603 -1.450000
v -0.840711 1.290711 -1.450000
v -0.856603 1.270000 -1.450000
v -0.866593 1.245882 -1.450000
v -1.000000 1.190000 -1.450000
v -1.000000 2.790000 -1.450000
v -0.993185 2.841764 -1.450000
v -0.973205 2.890000 -1.450000
v -0.941421 2.931421 -1.450000
v -0.900000 2.963205 -1.450000
v -0.851764 2.983185 -1.450000
v -0.800000 2.990000 -1.450000
v 0.800000 2.990000 -1.450000
v 0.851764 2.983185 -1.450000
v 0.900000 2.963205 -1.450000
v 0.941421 2.931421 -1.450000
v 0.973205 2.890000 -1.450000
v 0.993185 2.841764 -1.450000
v 1.000000 2.790000 -1.450000
v 1.000000 1.190000 -1.450000
v 0.993185 1.138236 -1.450000
v 0.973205 1.090000 -1.450000
v 0.941421 1.048579 -1.450000
v 0.900000 1.016795 -1.450000
v 0.851764 0.996815 -1.450000
v 0.800000 0.990000 -1.450000
v -0.800000 0.990000 -1.450000
v -0.851764 0.996815 -1.450000
v -0.900000 1.016795 -1.450000
v -0.941421 1.048579 -1.450000
v -0.973205 1.090000 -1.450000
v -0.993185 1.138236 -1.450000
v 0.670000 2.760000 -1.450000
v 0.673407 2.734118 -1.450000
v 0.683397 2.710000 -1.450000
v 0.699289 2.689289 -1.450000
v 0.720000 2.673397 -1.450000
v 0.744118 2.663407 -1.450000
v 0.770000 2.660000 -1.450000
v 0.795882 2.663407 -1.450000
v 0.820000 2.673397 -1.450000
v 0.840711 2.689289 -1.450000
v 0.856603 2.710000 -1.450000
v 0.866593 2.734118 -1.450000
v 0.870000 2.760000 -1.450000
v 0.866593 2.785882 -1.450000
v 0.856603 2.810000 -1.450000
v 0.840711 2.830711 -1.450000
v 0.820000 2.846603 -1.450000
v 0.795882 2.856593 -1.450000
v 0.770000 2.860000 -1.450000
v 0.744118 2.856593 -1.450000
v 0.720000 2.846603 -1.450000
v 0.699289 2.830711 -1.450000
v 0.683397 2.810000 -1.450000
v 0.673407 2.785882 -1.450000
v -0.870000 2.760000 -1.450000
v -0.866593 2.734118 -1.450000
v -0.856603 2.710000 -1.450000
v -0.840711 2.689289 -1.450000
v -0.820000 2.673397 -1.450000
v -0.795882 2.663407 -1.450000
v -0.770000 2.660000 -1.450000
v -0.744118 2.663407 -1.450000
v -0.720000 2.673397 -1.450000
v -0.699289 2.689289 -1.450000
v -0.683397 2.710000 -1.450000
v -0.673407 2.734118 -1.450000
v -0.670000 2.760000 -1.450000
v -0.673407 2.785882 -1.450000
v -0.683397 2.810000 -1.450000
v -0.699289 2.830711 -1.450000
v -0.720000 2.846603 -1.450000
v -0.744118 2.856593 -1.450000
v -0.770000 2.860000 -1.450000
v -0.795882 2.856593 -1.450000
v -0.820000 2.846603 -1.450000
v -0.840711 2.830711 -1.450000
v -0.856603 2.810000 -1.450000
v -0.866593 2.785882 -1.450000
v 0.710455 1.455000 -0.648323
v -0.710455 1.455000 -0.648323
v -0.710455 1.455000 -0.648300
v 0.710455 1.455000 -0.648300
v -0.710455 1.455000 -0.850000
v -0.652639 1.432125 -0.850000
v -0.602543 1.395296 -0.850000
v -0.563462 1.346936 -0.850000
v -0.537968 1.290226 -0.850000
v -0.527737 1.228896 -0.850000
v -0.533442 1.166981 -0.850000
v -0.554709 1.108554 -0.850000
v -0.590137 1.057458 -0.850000
v -0.637397 1.017054 -0.850000
v -0.693380 0.990000 -0.850000
v -0.693380 0.990000 -0.648300
v -0.637397 1.017054 -0.648300
v -0.590137 1.057458 -0.648300
v -0.554709 1.108554 -0.648300
v -0.533442 1.166981 -0.648300
v -0.527737 1.228896 -0.648300
v -0.537968 1.290226 -0.648300
v -0.563462 1.346936 -0.648300
v -0.602543 1.395296 -0.648300
v -0.652639 1.432125 -0.648300
v 0.693380 0.990000 -0.850000
v 0.637397 1.017054 -0.850000
v 0.590137 1.057458 -0.850000
v 0.554709 1.108554 -0.850000
v 0.533442 1.166981 -0.850000
v 0.527737 1.228896 -0.850000
v 0.537968 1.290226 -0.850000
v 0.563462 1.346936 -0.850000
v 0.602543 1.395296 -0.850000
v 0.652639 1.432125 -0.850000
v 0.710455 1.455000 -0.850000
v 0.652639 1.432125 -0.648300
v 0.602543 1.395296 -0.648300
v 0.563462 1.346936 -0.648300
v 0.537968 1.290226 -0.648300
v 0.527737 1.228896 -0.648300
v 0.533442 1.166981 -0.648300
v 0.554709 1.108554 -0.648300
v 0.590137 1.057458 -0.648300
v 0.637397 1.017054 -0.648300
v 0.693380 0.990000 -0.648300
v 0.800000 0.990000 -0.850000
v 0.851764 0.996815 -0.850000
v 0.900000 1.016795 -0.850000
v 0.941421 1.048579 -0.850000
v 0.973205 1.090000 -0.850000
v 0.993185 1.138236 -0.850000
v 1.000000 1.190000 -0.850000
v 1.000000 1.455000 -0.850000
v 0.670000 1.220000 -0.850000
v 0.673407 1.245882 -0.850000
v 0.683397 1.270000 -0.850000
v 0.699289 1.290711 -0.850000
v 0.720000 1.306603 -0.850000
v 0.744118 1.316593 -0.850000
v 0.770000 1.320000 -0.850000
v 0.795882 1.316593 -0.850000
v 0.820000 1.306603 -0.850000
v 0.840711 1.290711 -0.850000
v 0.856603 1.270000 -0.850000
v 0.866593 1.245882 -0.850000
v 0.870000 1.220000 -0.850000
v 0.866593 1.194118 -0.850000
v 0.856603 1.170000 -0.850000
v 0.840711 1.149289 -0.850000
v 0.820000 1.133397 -0.850000
v 0.795882 1.123407 -0.850000
v 0.770000 1.120000 -0.850000
v 0.744118 1.123407 -0.850000
v 0.720000 1.133397 -0.850000
v 0.699289 1.149289 -0.850000
v 0.683397 1.170000 -0.850000
v 0.673407 1.194118 -0.850000
v -0.870000 1.220000 -0.850000
v -0.866593 1.245882 -0.850000
v -0.856603 1.270000 -0.850000
v -0.840711 1.290711 -0.850000
v -0.820000 1.306603 -0.850000
v -0.795882 1.316593 -0.850000
v -0.770000 1.320000 -0.850000
v -0.744118 1.316593 -0.850000
v -0.720000 1.306603 -0.850000
v -0.699289 1.290711 -0.850000
v -0.683397 1.270000 -0.850000
v -0.673407 1.245882 -0.850000
v -0.670000 1.220000 -0.850000
v -0.673407 1.194118 -0.850000
v -0.683397 1.170000 -0.850000
v -0.699289 1.149289 -0.850000
v -0.720000 1.133397 -0.850000
v -0.744118 1.123407 -0.850000
v -0.770000 1.120000 -0.850000
v -0.795882 1.123407 -0.850000
v -0.820000 1.133397 -0.850000
v -0.840711 1.149289 -0.850000
v -0.856603 1.170000 -0.850000
v -0.866593 1.194118 -0.850000
v -1.000000 1.455000 -0.850000
v -1.000000 1.190000 -0.850000
v -0.993185 1.138236 -0.850000
v -0.973205 1.090000 -0.850000
v -0.941421 1.048579 -0.850000
v -0.900000 1.016795 -0.850000
v -0.851764 0.996815 -0.850000
v -0.800000 0.990000 -0.850000
v 1.000000 1.455000 -0.648323
v -1.000000 2.505000 -0.648323
v 1.000000 2.505000 -0.648323
v 1.000000 2.505000 -0.648300
v -1.000000 2.505000 -0.648300
v 0.772615 2.517588 -0.850000
v 0.710831 2.524905 -0.850000
v 0.652944 2.547707 -0.850000
v 0.602767 2.584490 -0.850000
v 0.563604 2.632833 -0.850000
v 0.538035 2.689552 -0.850000
v 0.527744 2.750910 -0.850000
v 0.533408 2.812868 -0.850000
v 0.554655 2.871343 -0.850000
v 0.590085 2.922485 -0.850000
v 0.637365 2.962925 -0.850000
v 0.693380 2.990000 -0.850000
v 0.693380 2.990000 -0.648300
v 0.637365 2.962925 -0.648300
v 0.590085 2.922485 -0.648300
v 0.554655 2.871343 -0.648300
v 0.533408 2.812868 -0.648300
v 0.527744 2.750910 -0.648300
v 0.538035 2.689552 -0.648300
v 0.563604 2.632833 -0.648300
v 0.602767 2.584490 -0.648300
v 0.652944 2.547707 -0.648300
v 0.710831 2.524905 -0.648300
v 0.772615 2.517588 -0.648300
v 1.000000 2.517588 -0.850000
v 1.000000 2.517588 -0.648300
v -0.770000 2.517574 -0.850000
v -1.000000 2.517574 -0.850000
v -1.000000 2.517574 -0.648300
v -0.770000 2.517574 -0.648300
v -0.693380 2.990000 -0.850000
v -0.637564 2.963055 -0.850000
v -0.590404 2.922837 -0.850000
v -0.554984 2.871976 -0.850000
v -0.533618 2.813795 -0.850000
v -0.527702 2.752098 -0.850000
v -0.537625 2.690918 -0.850000
v -0.562736 2.634253 -0.850000
v -0.601395 2.585807 -0.850000
v -0.651075 2.548748 -0.850000
v -0.708529 2.525497 -0.850000
v -0.708529 2.525497 -0.648300
v -0.651075 2.548748 -0.648300
v -0.601395 2.585807 -0.648300
v -0.562736 2.634253 -0.648300
v -0.537625 2.690918 -0.648300
v -0.527702 2.752098 -0.648300
v -0.533618 2.813795 -0.648300
v -0.554984 2.871976 -0.648300
v -0.590404 2.922837 -0.648300
v -0.637564 2.963055 -0.648300
v -0.693380 2.990000 -0.648300
v -0.800000 2.990000 -0.850000
v -0.851764 2.983185 -0.850000
v -0.900000 2.963205 -0.850000
v -0.941421 2.931421 -0.850000
v -0.973205 2.890000 -0.850000
v -0.993185 2.841764 -0.850000
v -1.000000 2.790000 -0.850000
v -0.870000 2.760000 -0.850000
v -0.866593 2.785882 -0.850000
v -0.856603 2.810000 -0.850000
v -0.840711 2.830711 -0.850000
v -0.820000 2.846603 -0.850000
v -0.795882 2.856593 -0.850000
v -0.770000 2.860000 -0.850000
v -0.744118 2.856593 -0.850000
v -0.720000 2.846603 -0.850000
v -0.699289 2.830711 -0.850000
v -0.683397 2.810000 -0.850000
v -0.673407 2.785882 -0.850000
v -0.670000 2.760000 -0.850000
v -0.673407 2.734118 -0.850000
v -0.683397 2.710000 -0.850000
v -0.699289 2.689289 -0.850000
v -0.720000 2.673397 -0.850000
v -0.744118 2.663407 -0.850000
v -0.770000 2.660000 -0.850000
v -0.795882 2.663407 -0.850000
v -0.820000 2.673397 -0.850000
v -0.840711 2.689289 -0.850000
v -0.856603 2.710000 -0.850000
v -0.866593 2.734118 -0.850000
v 1.000000 2.790000 -0.850000
v 0.993185 2.841764 -0.850000
v 0.973205 2.890000 -0.850000
v 0.941421 2.931421 -0.850000
v 0.900000 2.963205 -0.850000
v 0.851764 2.983185 -0.850000
v 0.800000 2.990000 -0.850000
v 0.670000 2.760000 -0.850000
v 0.673407 2.785882 -0.850000
v 0.683397 2.810000 -0.850000
v 0.699289 2.830711 -0.850000
v 0.720000 2.846603 -0.850000
v 0.744118 2.856593 -0.850000
v 0.770000 2.860000 -0.850000
v 0.795882 2.856593 -0.850000
v 0.820000 2.846603 -0.850000
v 0.840711 2.830711 -0.850000
v 0.856603 2.810000 -0.850000
v 0.866593 2.785882 -0.850000
v 0.870000 2.760000 -0.850000
v 0.866593 2.734118 -0.850000
v 0.856603 2.710000 -0.850000
v 0.840711 2.689289 -0.850000
v 0.820000 2.673397 -0.850000
v 0.795882 2.663407 -0.850000
v 0.770000 2.660000 -0.850000
v 0.744118 2.663407 -0.850000
v 0.720000 2.673397 -0.850000
v 0.699289 2.689289 -0.850000
v 0.683397 2.710000 -0.850000
v 0.673407 2.734118 -0.850000
v -1.000000 1.455000 -0.648323
vt 0.673407 0.795882 0.000000
vt -0.673407 0.795882 0.000000
vt 0.670000 0.770000 0.000000
vt -0.670000 0.770000 0.000000
vt 0.673407 0.744118 0.000000
vt -0.673407 0.744118 0.000000
vt 0.683397 0.720000 0.000000
vt -0.683397 0.720000 0.000000
vt 0.699289 0.699289 0.000000
vt -0.699289 0.699289 0.000000
vt 0.699289 -0.699289 0.000000
vt -0.699289 -0.699289 0.000000
vt 0.683397 -0.720000 0.000000
vt -0.683397 -0.720000 0.000000
vt 0.673407 -0.744118 0.000000
vt -0.673407 -0.744118 0.000000
vt 0.670000 -0.770000 0.000000
vt -0.670000 -0.770000 0.000000
vt 0.673407 -0.795882 0.000000
vt -0.673407 -0.795882 0.000000
vt 0.683397 -0.820000 0.000000
vt -0.683397 -0.820000 0.000000
vt 0.699289 -0.840711 0.000000
vt -0.699289 -0.840711 0.000000
vt 0.800000 -1.000000 0.000000
vt -0.800000 -1.000000 0.000000
vt -0.720000 -0.856603 0.000000
vt -0.744118 -0.866593 0.000000
vt -0.683397 0.820000 0.000000
vt 0.683397 0.820000 0.000000
vt -0.699289 0.840711 0.000000
vt 0.699289 0.840711 0.000000
vt -0.800000 1.000000 0.000000
vt 0.800000 1.000000 0.000000
vt 0.720000 0.856603 0.000000
vt 0.744118 0.866593 0.000000
vt 0.770000 0.870000 0.000000
vt 0.795882 0.866593 0.000000
vt 0.851764 0.993185 0.000000
vt 0.820000 0.856603 0.000000
vt 0.900000 0.973205 0.000000
vt 0.840711 0.840711 0.000000
vt 0.941421 0.941421 0.000000
vt 0.973205 0.900000 0.000000
vt 0.856603 0.820000 0.000000
vt 0.993185 0.851764 0.000000
vt 0.866593 0.795882 0.000000
vt 1.000000 0.800000 0.000000
vt 0.870000 0.770000 0.000000
vt 0.866593 0.744118 0.000000
vt 0.856603 0.720000 0.000000
vt 0.840711 0.699289 0.000000
vt 1.000000 -0.800000 0.000000
vt 0.840711 -0.699289 0.000000
vt 0.856603 -0.720000 0.000000
vt 0.820000 -0.683397 0.000000
vt 0.820000 0.683397 0.000000
vt 0.795882 0.673407 0.000000
vt 0.795882 -0.673407 0.000000
vt 0.770000 0.670000 0.000000
vt 0.770000 -0.670000 0.000000
vt 0.744118 -0.673407 0.000000
vt 0.744118 0.673407 0.000000
vt 0.720000 -0.683397 0.000000
vt 0.720000 0.683397 0.000000
vt -0.866593 0.744118 0.000000
vt -0.870000 0.770000 0.000000
vt -1.000000 0.800000 0.000000
vt -0.866593 0.795882 0.000000
vt -0.993185 0.851764 0.000000
vt -0.856603 0.820000 0.000000
vt -0.973205 0.900000 0.000000
vt -0.840711 0.840711 0.000000
vt -0.941421 0.941421 0.000000
vt -0.900000 0.973205 0.000000
vt -0.820000 0.856603 0.000000
vt -0.851764 0.993185 0.000000
vt -0.795882 0.866593 0.000000
vt -0.770000 0.870000 0.000000
vt -0.744118 0.866593 0.000000
vt -0.720000 0.856603 0.000000
vt -0.720000 0.683397 0.000000
vt -0.720000 -0.683397 0.000000
vt -0.744118 0.673407 0.000000
vt -0.744118 -0.673407 0.000000
vt -0.770000 0.670000 0.000000
vt -0.770000 -0.670000 0.000000
vt -0.795882 -0.673407 0.000000
vt -0.795882 0.673407 0.000000
vt -0.820000 -0.683397 0.000000
vt -0.820000 0.683397 0.000000
vt -0.840711 0.699289 0.000000
vt -0.856603 0.720000 0.000000
vt -1.000000 -0.800000 0.000000
vt -0.840711 -0.699289 0.000000
vt -0.856603 -0.720000 0.000000
vt -0.866593 -0.744118 0.000000
vt -0.870000 -0.770000 0.000000
vt -0.866593 -0.795882 0.000000
vt -0.993185 -0.851764 0.000000
vt -0.856603 -0.820000 0.000000
vt -0.973205 -0.900000 0.000000
vt -0.840711 -0.840711 0.000000
vt -0.941421 -0.941421 0.000000
vt -0.900000 -0.973205 0.000000
vt -0.820000 -0.856603 0.000000
vt -0.851764 -0.993185 0.000000
vt -0.795882 -0.866593 0.000000
vt -0.770000 -0.870000 0.000000
vt 0.851764 -0.993185 0.000000
vt 0.795882 -0.866593 0.000000
vt 0.770000 -0.870000 0.000000
vt 0.744118 -0.866593 0.000000
vt 0.820000 -0.856603 0.000000
vt 0.900000 -0.973205 0.000000
vt 0.840711 -0.840711 0.000000
vt 0.941421 -0.941421 0.000000
vt 0.973205 -0.900000 0.000000
vt 0.856603 -0.820000 0.000000
vt 0.993185 -0.851764 0.000000
vt 0.866593 -0.795882 0.000000
vt 0.870000 -0.770000 0.000000
vt 0.866593 -0.744118 0.000000
vt 0.720000 -0.856603 0.000000
vt -1.236074 0.201677 0.000000
vt 0.184837 0.201677 0.000000
vt -1.236074 0.201700 0.000000
vt 0.184837 0.201700 0.000000
vt 0.000000 0.320642 0.000000
vt 0.000000 0.258293 0.000000
vt 0.201677 0.320642 0.000000
vt 0.201700 0.258293 0.000000
vt 0.201700 0.320642 0.000000
vt 0.201700 0.195945 0.000000
vt 0.000000 0.195945 0.000000
vt 0.201700 0.133596 0.000000
vt 0.000000 0.133596 0.000000
vt 0.201700 0.071247 0.000000
vt 0.000000 0.071247 0.000000
vt 0.201700 0.008898 0.000000
vt 0.000000 0.008898 0.000000
vt 0.201700 -0.053451 0.000000
vt 0.000000 -0.053451 0.000000
vt 0.201700 -0.115800 0.000000
vt -0.000000 -0.115800 0.000000
vt 0.201700 -0.178149 0.000000
vt -0.000000 -0.178149 0.000000
vt 0.201700 -0.240497 0.000000
vt 0.000000 -0.240497 0.000000
vt 0.201700 -0.302846 0.000000
vt 0.000000 -0.302846 0.000000
vt 0.201700 -0.458759 0.000000
vt -0.000000 -0.458759 0.000000
vt 0.201700 -0.521108 0.000000
vt -0.000000 -0.521108 0.000000
vt 0.201700 -0.583456 0.000000
vt -0.000000 -0.583456 0.000000
vt 0.201700 -0.645805 0.000000
vt -0.000000 -0.645805 0.000000
vt 0.201700 -0.708154 0.000000
vt 0.000000 -0.708154 0.000000
vt 0.201700 -0.770503 0.000000
vt -0.000000 -0.770503 0.000000
vt 0.201700 -0.832852 0.000000
vt -0.000000 -0.832852 0.000000
vt 0.201700 -0.895201 0.000000
vt -0.000000 -0.895201 0.000000
vt 0.201700 -0.957550 0.000000
vt -0.000000 -0.957550 0.000000
vt 0.201700 -1.019898 0.000000
vt -0.000000 -1.019898 0.000000
vt 0.201677 -1.082247 0.000000
vt -0.000000 -1.082247 0.000000
vt 0.201700 -1.082247 0.000000
vt -0.693380 -0.232500 0.000000
vt 0.693380 -0.232500 0.000000
vt -0.637397 -0.205446 0.000000
vt 0.637397 -0.205446 0.000000
vt -0.590137 -0.165042 0.000000
vt 0.590137 -0.165042 0.000000
vt -0.554709 -0.113946 0.000000
vt 0.554709 -0.113946 0.000000
vt -0.533442 -0.055519 0.000000
vt 0.533442 -0.055519 0.000000
vt -0.527737 0.006396 0.000000
vt 0.527737 0.006396 0.000000
vt -0.537968 0.067726 0.000000
vt 0.537968 0.067726 0.000000
vt -0.563462 0.124436 0.000000
vt 0.563462 0.124436 0.000000
vt -0.602543 0.172796 0.000000
vt 0.602543 0.172796 0.000000
vt -0.652639 0.209625 0.000000
vt 0.652639 0.209625 0.000000
vt -0.710455 0.232500 0.000000
vt 0.710455 0.232500 0.000000
vt -0.652639 0.557875 0.000000
vt -0.744118 0.673407 0.000000
vt -0.710455 0.535000 0.000000
vt -0.770000 0.670000 0.000000
vt -0.795882 0.673407 0.000000
vt -0.720000 0.683397 0.000000
vt -0.602543 0.594704 0.000000
vt -0.699289 0.699289 0.000000
vt -0.563462 0.643064 0.000000
vt -0.683397 0.720000 0.000000
vt -0.537968 0.699774 0.000000
vt -0.673407 0.744118 0.000000
vt -0.527737 0.761104 0.000000
vt -0.670000 0.770000 0.000000
vt -0.533442 0.823019 0.000000
vt -0.673407 0.795882 0.000000
vt -0.554709 0.881446 0.000000
vt -0.683397 0.820000 0.000000
vt -0.590137 0.932542 0.000000
vt -0.699289 0.840711 0.000000
vt -0.637397 0.972946 0.000000
vt -0.720000 0.856603 0.000000
vt -0.693380 1.000000 0.000000
vt -0.744118 0.866593 0.000000
vt -0.770000 0.870000 0.000000
vt -0.800000 1.000000 0.000000
vt -0.795882 0.866593 0.000000
vt -0.851764 0.993185 0.000000
vt -0.820000 0.856603 0.000000
vt -0.900000 0.973205 0.000000
vt -0.840711 0.840711 0.000000
vt -0.941421 0.941421 0.000000
vt -0.973205 0.900000 0.000000
vt -0.856603 0.820000 0.000000
vt -0.993185 0.851764 0.000000
vt -0.866593 0.795882 0.000000
vt -1.000000 0.800000 0.000000
vt -0.870000 0.770000 0.000000
vt -0.866593 0.744118 0.000000
vt -0.856603 0.720000 0.000000
vt -1.000000 0.535000 0.000000
vt -0.840711 0.699289 0.000000
vt -0.820000 0.683397 0.000000
vt 0.866593 0.795882 0.000000
vt 0.870000 0.770000 0.000000
vt 1.000000 0.800000 0.000000
vt 0.866593 0.744118 0.000000
vt 0.856603 0.720000 0.000000
vt 1.000000 0.535000 0.000000
vt 0.840711 0.699289 0.000000
vt 0.820000 0.683397 0.000000
vt 0.795882 0.673407 0.000000
vt 0.710455 0.535000 0.000000
vt 0.770000 0.670000 0.000000
vt 0.744118 0.673407 0.000000
vt 0.652639 0.557875 0.000000
vt 0.720000 0.683397 0.000000
vt 0.602543 0.594704 0.000000
vt 0.699289 0.699289 0.000000
vt 0.563462 0.643064 0.000000
vt 0.683397 0.720000 0.000000
vt 0.537968 0.699774 0.000000
vt 0.673407 0.744118 0.000000
vt 0.527737 0.761104 0.000000
vt 0.670000 0.770000 0.000000
vt 0.533442 0.823019 0.000000
vt 0.673407 0.795882 0.000000
vt 0.554709 0.881446 0.000000
vt 0.683397 0.820000 0.000000
vt 0.590137 0.932542 0.000000
vt 0.699289 0.840711 0.000000
vt 0.637397 0.972946 0.000000
vt 0.720000 0.856603 0.000000
vt 0.693380 1.000000 0.000000
vt 0.744118 0.866593 0.000000
vt 0.770000 0.870000 0.000000
vt 0.800000 1.000000 0.000000
vt 0.795882 0.866593 0.000000
vt 0.851764 0.993185 0.000000
vt 0.820000 0.856603 0.000000
vt 0.900000 0.973205 0.000000
vt 0.840711 0.840711 0.000000
vt 0.941421 0.941421 0.000000
vt 0.973205 0.900000 0.000000
vt 0.856603 0.820000 0.000000
vt 0.993185 0.851764 0.000000
vt 0.201677 0.289545 0.000000
vt 0.000000 0.289545 0.000000
vt 0.201677 0.000000 0.000000
vt 0.000000 0.000000 0.000000
vt -1.545229 0.201677 0.000000
vt 0.454771 0.201677 0.000000
vt -1.545229 0.201700 0.000000
vt 0.454771 0.201700 0.000000
vt 0.201700 -0.378188 0.000000
vt 0.000000 -0.378188 0.000000
vt 0.201700 -0.440575 0.000000
vt 0.000000 -0.440575 0.000000
vt 0.201700 -0.502963 0.000000
vt 0.000000 -0.502963 0.000000
vt 0.201700 -0.565351 0.000000
vt 0.000000 -0.565351 0.000000
vt 0.201700 -0.627738 0.000000
vt -0.000000 -0.627738 0.000000
vt 0.201700 -0.690126 0.000000
vt 0.000000 -0.690126 0.000000
vt 0.201700 -0.752513 0.000000
vt -0.000000 -0.752513 0.000000
vt 0.201700 -0.814901 0.000000
vt -0.000000 -0.814901 0.000000
vt 0.201700 -0.877289 0.000000
vt -0.000000 -0.877289 0.000000
vt 0.201700 -0.939676 0.000000
vt -0.000000 -0.939676 0.000000
vt 0.201700 -1.002064 0.000000
vt -0.000000 -1.002064 0.000000
vt 0.201700 -1.064451 0.000000
vt -0.000000 -1.064451 0.000000
vt -0.000000 0.000000 0.000000
vt 0.227385 0.000000 0.000000
vt 0.000000 0.201700 0.000000
vt 0.227385 0.201700 0.000000
vt 0.000000 0.000000 0.000000
vt 0.230000 0.000000 0.000000
vt -0.000000 0.201700 0.000000
vt 0.230000 0.201700 0.000000
vt 0.201700 0.302846 0.000000
vt -0.000000 0.302846 0.000000
vt 0.201700 0.240696 0.000000
vt 0.000000 0.240696 0.000000
vt 0.201700 0.178547 0.000000
vt 0.000000 0.178547 0.000000
vt 0.201700 0.116397 0.000000
vt 0.000000 0.116397 0.000000
vt 0.201700 0.054247 0.000000
vt -0.000000 0.054247 0.000000
vt 0.201700 -0.007903 0.000000
vt 0.000000 -0.007903 0.000000
vt 0.201700 -0.070053 0.000000
vt -0.000000 -0.070053 0.000000
vt 0.201700 -0.132203 0.000000
vt 0.000000 -0.132203 0.000000
vt 0.201700 -0.194353 0.000000
vt 0.000000 -0.194353 0.000000
vt 0.201700 -0.256503 0.000000
vt -0.000000 -0.256503 0.000000
vt 0.201700 -0.318653 0.000000
vt -0.000000 -0.318653 0.000000
vt 0.201700 -0.380803 0.000000
vt 0.000000 -0.380803 0.000000
vt -0.693380 1.767500 0.000000
vt -0.637564 1.740555 0.000000
vt 0.693380 1.767500 0.000000
vt 0.637365 1.740425 0.000000
vt -0.590404 1.700337 0.000000
vt 0.590085 1.699985 0.000000
vt -0.554984 1.649476 0.000000
vt 0.554655 1.648843 0.000000
vt -0.533618 1.591295 0.000000
vt 0.533408 1.590368 0.000000
vt -0.527702 1.529598 0.000000
vt 0.527744 1.528410 0.000000
vt -0.537625 1.468418 0.000000
vt 0.538035 1.467052 0.000000
vt -0.562736 1.411753 0.000000
vt 0.563604 1.410333 0.000000
vt -0.601395 1.363307 0.000000
vt 0.602767 1.361990 0.000000
vt -0.651075 1.326248 0.000000
vt 0.652944 1.325207 0.000000
vt -0.708529 1.302997 0.000000
vt 0.710831 1.302405 0.000000
vt -0.770000 1.295074 0.000000
vt 0.772615 1.295088 0.000000
vt 1.000000 1.282500 0.000000
vt 1.000000 1.295088 0.000000
vt -1.000000 1.295074 0.000000
vt -1.000000 1.282500 0.000000
vt 0.708529 -0.535497 0.000000
vt 0.770000 -0.670000 0.000000
vt 0.770000 -0.527574 0.000000
vt 0.795882 -0.673407 0.000000
vt 0.820000 -0.683397 0.000000
vt 0.744118 -0.673407 0.000000
vt 0.651075 -0.558748 0.000000
vt 0.720000 -0.683397 0.000000
vt 0.601395 -0.595807 0.000000
vt 0.699289 -0.699289 0.000000
vt 0.562736 -0.644253 0.000000
vt 0.683397 -0.720000 0.000000
vt 0.537625 -0.700918 0.000000
vt 0.673407 -0.744118 0.000000
vt 0.527702 -0.762098 0.000000
vt 0.670000 -0.770000 0.000000
vt 0.533618 -0.823795 0.000000
vt 0.673407 -0.795882 0.000000
vt 0.554984 -0.881976 0.000000
vt 0.683397 -0.820000 0.000000
vt 0.590404 -0.932837 0.000000
vt 0.699289 -0.840711 0.000000
vt 0.637564 -0.973055 0.000000
vt 0.720000 -0.856603 0.000000
vt 0.693380 -1.000000 0.000000
vt 0.744118 -0.866593 0.000000
vt 0.800000 -1.000000 0.000000
vt 0.770000 -0.870000 0.000000
vt 0.795882 -0.866593 0.000000
vt 0.851764 -0.993185 0.000000
vt 0.820000 -0.856603 0.000000
vt 0.900000 -0.973205 0.000000
vt 0.840711 -0.840711 0.000000
vt 0.941421 -0.941421 0.000000
vt 0.973205 -0.900000 0.000000
vt 0.856603 -0.820000 0.000000
vt 0.993185 -0.851764 0.000000
vt 0.866593 -0.795882 0.000000
vt 1.000000 -0.800000 0.000000
vt 0.870000 -0.770000 0.000000
vt 0.866593 -0.744118 0.000000
vt 0.856603 -0.720000 0.000000
vt 1.000000 -0.527574 0.000000
vt 0.840711 -0.699289 0.000000
vt -0.637365 -0.972925 0.000000
vt -0.720000 -0.856603 0.000000
vt -0.693380 -1.000000 0.000000
vt -0.744118 -0.866593 0.000000
vt -0.800000 -1.000000 0.000000
vt -0.770000 -0.870000 0.000000
vt -0.795882 -0.866593 0.000000
vt -0.699289 -0.840711 0.000000
vt -0.590085 -0.932485 0.000000
vt -0.683397 -0.820000 0.000000
vt -0.554655 -0.881343 0.000000
vt -0.673407 -0.795882 0.000000
vt -0.533408 -0.822868 0.000000
vt -0.670000 -0.770000 0.000000
vt -0.527744 -0.760910 0.000000
vt -0.673407 -0.744118 0.000000
vt -0.538035 -0.699552 0.000000
vt -0.683397 -0.720000 0.000000
vt -0.563604 -0.642833 0.000000
vt -0.699289 -0.699289 0.000000
vt -0.602767 -0.594490 0.000000
vt -0.720000 -0.683397 0.000000
vt -0.652944 -0.557707 0.000000
vt -0.744118 -0.673407 0.000000
vt -0.710831 -0.534905 0.000000
vt -0.770000 -0.670000 0.000000
vt -0.772615 -0.527588 0.000000
vt -0.795882 -0.673407 0.000000
vt -0.820000 -0.683397 0.000000
vt -1.000000 -0.527588 0.000000
vt -0.840711 -0.699289 0.000000
vt -0.856603 -0.720000 0.000000
vt -1.000000 -0.800000 0.000000
vt -0.866593 -0.744118 0.000000
vt -0.870000 -0.770000 0.000000
vt -0.866593 -0.795882 0.000000
vt -0.993185 -0.851764 0.000000
vt -0.856603 -0.820000 0.000000
vt -0.973205 -0.900000 0.000000
vt -0.840711 -0.840711 0.000000
vt -0.941421 -0.941421 0.000000
vt -0.900000 -0.973205 0.000000
vt -0.820000 -0.856603 0.000000
vt -0.851764 -0.993185 0.000000
vt 0.000000 0.000000 0.000000
vt 1.050000 0.000000 0.000000
vt 0.000000 0.289545 0.000000
vt 0.000000 1.710455 0.000000
vt 1.050000 2.000000 0.000000
vt 0.000000 2.000000 0.000000
vt -0.000000 1.710455 0.000000
vt 0.201677 1.710455 0.000000
vt -0.000000 2.000000 0.000000
vt 0.201677 2.000000 0.000000
vt 0.600000 -0.287979 0.000000
vt -0.000000 -0.287979 0.000000
vt 0.600000 -0.314159 0.000000
vt -0.000000 -0.314159 0.000000
vt 0.600000 0.314159 0.000000
vt -0.000000 0.314159 0.000000
vt 0.600000 0.287979 0.000000
vt -0.000000 0.287979 0.000000
vt 0.600000 0.261799 0.000000
vt -0.000000 0.261799 0.000000
vt 0.600000 0.235619 0.000000
vt -0.000000 0.235619 0.000000
vt 0.600000 0.209440 0.000000
vt -0.000000 0.209440 0.000000
vt 0.600000 0.183260 0.000000
vt -0.000000 0.183260 0.000000
vt 0.600000 0.157080 0.000000
vt 0.000000 0.157080 0.000000
vt 0.600000 0.130900 0.000000
vt 0.000000 0.130900 0.000000
vt 0.600000 0.104720 0.000000
vt -0.000000 0.104720 0.000000
vt 0.600000 0.078540 0.000000
vt -0.000000 0.078540 0.000000
vt 0.600000 0.052360 0.000000
vt -0.000000 0.052360 0.000000
vt 0.600000 0.026180 0.000000
vt 0.000000 0.026180 0.000000
vt 0.600000 0.000000 0.000000
vt 0.000000 0.000000 0.000000
vt 0.600000 -0.026180 0.000000
vt 0.000000 -0.026180 0.000000
vt 0.600000 -0.052360 0.000000
vt -0.000000 -0.052360 0.000000
vt 0.600000 -0.078540 0.000000
vt -0.000000 -0.078540 0.000000
vt 0.600000 -0.104720 0.000000
vt -0.000000 -0.104720 0.000000
vt 0.600000 -0.130900 0.000000
vt -0.000000 -0.130900 0.000000
vt 0.600000 -0.157080 0.000000
vt 0.000000 -0.157080 0.000000
vt 0.600000 -0.183260 0.000000
vt 0.000000 -0.183260 0.000000
vt 0.600000 -0.209440 0.000000
vt 0.000000 -0.209440 0.000000
vt 0.600000 -0.235619 0.000000
vt -0.000000 -0.235619 0.000000
vt 0.600000 -0.261799 0.000000
vt -0.000000 -0.261799 0.000000
vt 0.600000 -0.287979 0.000000
vt -0.000000 -0.287979 0.000000
vt 0.600000 -0.314159 0.000000
vt 0.000000 -0.314159 0.000000
vt 0.600000 0.314159 0.000000
vt 0.000000 0.314159 0.000000
vt 0.600000 0.287979 0.000000
vt -0.000000 0.287979 0.000000
vt 0.600000 0.261799 0.000000
vt -0.000000 0.261799 0.000000
vt 0.600000 0.235619 0.000000
vt -0.000000 0.235619 0.000000
vt 0.600000 0.209440 0.000000
vt -0.000000 0.209440 0.000000
vt 0.600000 0.183260 0.000000
vt -0.000000 0.183260 0.000000
vt 0.600000 0.157080 0.000000
vt 0.000000 0.157080 0.000000
vt 0.600000 0.130900 0.000000
vt 0.000000 0.130900 0.000000
vt 0.600000 0.104720 0.000000
vt 0.000000 0.104720 0.000000
vt 0.600000 0.078540 0.000000
vt 0.000000 0.078540 0.000000
vt 0.600000 0.052360 0.000000
vt -0.000000 0.052360 0.000000
vt 0.600000 0.026180 0.000000
vt 0.000000 0.026180 0.000000
vt 0.600000 0.000000 0.000000
vt 0.000000 0.000000 0.000000
vt 0.600000 -0.026180 0.000000
vt 0.000000 -0.026180 0.000000
vt 0.600000 -0.052360 0.000000
vt 0.000000 -0.052360 0.000000
vt 0.600000 -0.078540 0.000000
vt 0.000000 -0.078540 0.000000
vt 0.600000 -0.104720 0.000000
vt -0.000000 -0.104720 0.000000
vt 0.600000 -0.130900 0.000000
vt -0.000000 -0.130900 0.000000
vt 0.600000 -0.157080 0.000000
vt 0.000000 -0.157080 0.000000
vt 0.600000 -0.183260 0.000000
vt 0.000000 -0.183260 0.000000
vt 0.600000 -0.209440 0.000000
vt 0.000000 -0.209440 0.000000
vt 0.600000 -0.235619 0.000000
vt 0.000000 -0.235619 0.000000
vt 0.600000 -0.261799 0.000000
vt -0.000000 -0.261799 0.000000
vt 0.600000 -0.287979 0.000000
vt -0.000000 -0.287979 0.000000
vt 0.600000 -0.314159 0.000000
vt 0.000000 -0.314159 0.000000
vt 0.600000 0.314159 0.000000
vt 0.000000 0.314159 0.000000
vt 0.600000 0.287979 0.000000
vt -0.000000 0.287979 0.000000
vt 0.600000 0.261799 0.000000
vt -0.000000 0.261799 0.000000
vt 0.600000 0.235619 0.000000
vt -0.000000 0.235619 0.000000
vt 0.600000 0.209440 0.000000
vt -0.000000 0.209440 0.000000
vt 0.600000 0.183260 0.000000
vt -0.000000 0.183260 0.000000
vt 0.600000 0.157080 0.000000
vt 0.000000 0.157080 0.000000
vt 0.600000 0.130900 0.000000
vt 0.000000 0.130900 0.000000
vt 0.600000 0.104720 0.000000
vt 0.000000 0.104720 0.000000
vt 0.600000 0.078540 0.000000
vt 0.000000 0.078540 0.000000
vt 0.600000 0.052360 0.000000
vt -0.000000 0.052360 0.000000
vt 0.600000 0.026180 0.000000
vt 0.000000 0.026180 0.000000
vt 0.600000 0.000000 0.000000
vt 0.000000 0.000000 0.000000
vt 0.600000 -0.026180 0.000000
vt 0.000000 -0.026180 0.000000
vt 0.600000 -0.052360 0.000000
vt 0.000000 -0.052360 0.000000
vt 0.600000 -0.078540 0.000000
vt 0.000000 -0.078540 0.000000
vt 0.600000 -0.104720 0.000000
vt -0.000000 -0.104720 0.000000
vt 0.600000 -0.130900 0.000000
vt -0.000000 -0.130900 0.000000
vt 0.600000 -0.157080 0.000000
vt 0.000000 -0.157080 0.000000
vt 0.600000 -0.183260 0.000000
vt 0.000000 -0.183260 0.000000
vt 0.600000 -0.209440 0.000000
vt 0.000000 -0.209440 0.000000
vt 0.600000 -0.235619 0.000000
vt 0.000000 -0.235619 0.000000
vt 0.600000 -0.261799 0.000000
vt -0.000000 -0.261799 0.000000
vt 0.600000 -0.287979 0.000000
vt -0.000000 -0.287979 0.000000
vt 0.600000 -0.314159 0.000000
vt 0.000000 -0.314159 0.000000
vt 0.600000 0.314159 0.000000
vt 0.000000 0.314159 0.000000
vt 0.600000 0.287979 0.000000
vt -0.000000 0.287979 0.000000
vt 0.600000 0.261799 0.000000
vt -0.000000 0.261799 0.000000
vt 0.600000 0.235619 0.000000
vt -0.000000 0.235619 0.000000
vt 0.600000 0.209440 0.000000
vt -0.000000 0.209440 0.000000
vt 0.600000 0.183260 0.000000
vt -0.000000 0.183260 0.000000
vt 0.600000 0.157080 0.000000
vt 0.000000 0.157080 0.000000
vt 0.600000 0.130900 0.000000
vt 0.000000 0.130900 0.000000
vt 0.600000 0.104720 0.000000
vt 0.000000 0.104720 0.000000
vt 0.600000 0.078540 0.000000
vt 0.000000 0.078540 0.000000
vt 0.600000 0.052360 0.000000
vt -0.000000 0.052360 0.000000
vt 0.600000 0.026180 0.000000
vt 0.000000 0.026180 0.000000
vt 0.600000 0.000000 0.000000
vt 0.000000 0.000000 0.000000
vt 0.600000 -0.026180 0.000000
vt 0.000000 -0.026180 0.000000
vt 0.600000 -0.052360 0.000000
vt 0.000000 -0.052360 0.000000
vt 0.600000 -0.078540 0.000000
vt 0.000000 -0.078540 0.000000
vt 0.600000 -0.104720 0.000000
vt -0.000000 -0.104720 0.000000
vt 0.600000 -0.130900 0.000000
vt -0.000000 -0.130900 0.000000
vt 0.600000 -0.157080 0.000000
vt 0.000000 -0.157080 0.000000
vt 0.600000 -0.183260 0.000000
vt 0.000000 -0.183260 0.000000
vt 0.600000 -0.209440 0.000000
vt 0.000000 -0.209440 0.000000
vt 0.600000 -0.235619 0.000000
vt 0.000000 -0.235619 0.000000
vt 0.600000 -0.261799 0.000000
vt -0.000000 -0.261799 0.000000
vt 1.600000 0.000000 0.000000
vt 1.327588 0.600000 0.000000
vt 0.000000 0.000000 0.000000
vt 0.265000 0.600000 0.000000
vt 0.000000 0.600000 0.000000
vt 1.600000 0.600000 0.000000
vt 1.315000 0.801677 0.000000
vt 1.327588 0.801700 0.000000
vt 1.315000 0.801700 0.000000
vt 0.265000 0.801677 0.000000
vt -0.600000 -0.314159 0.000000
vt -0.000000 -0.314159 0.000000
vt -0.600000 -0.261799 0.000000
vt -0.000000 -0.261799 0.000000
vt -0.600000 -0.209440 0.000000
vt -0.000000 -0.209440 0.000000
vt -0.600000 -0.157080 0.000000
vt -0.000000 -0.157080 0.000000
vt -0.600000 -0.104720 0.000000
vt -0.000000 -0.104720 0.000000
vt -0.600000 -0.052360 0.000000
vt -0.000000 -0.052360 0.000000
vt -0.600000 0.000000 0.000000
vt -0.000000 0.000000 0.000000
vt 0.000000 0.600000 0.000000
vt 0.000000 0.000000 0.000000
vt 0.106620 0.600000 0.000000
vt 1.600000 0.000000 0.000000
vt 1.493380 0.600000 0.000000
vt 1.600000 0.600000 0.000000
vt 1.493380 0.801700 0.000000
vt 0.106620 0.801700 0.000000
vt -0.600000 -0.314159 0.000000
vt -0.000000 -0.314159 0.000000
vt -0.600000 -0.261799 0.000000
vt -0.000000 -0.261799 0.000000
vt -0.600000 -0.209440 0.000000
vt -0.000000 -0.209440 0.000000
vt -0.600000 -0.157080 0.000000
vt -0.000000 -0.157080 0.000000
vt -0.600000 -0.104720 0.000000
vt -0.000000 -0.104720 0.000000
vt -0.600000 -0.052360 0.000000
vt -0.000000 -0.052360 0.000000
vt -0.600000 0.000000 0.000000
vt -0.000000 0.000000 0.000000
vt 0.000000 0.600000 0.000000
vt 0.000000 0.000000 0.000000
vt 0.272426 0.600000 0.000000
vt 1.600000 0.000000 0.000000
vt 1.335000 0.600000 0.000000
vt 1.600000 0.600000 0.000000
vt 1.335000 0.801677 0.000000
vt 0.285000 0.801677 0.000000
vt 0.285000 0.801700 0.000000
vt 0.272426 0.801700 0.000000
vt -0.600000 -0.314159 0.000000
vt -0.000000 -0.314159 0.000000
vt -0.600000 -0.261799 0.000000
vt 0.000000 -0.261799 0.000000
vt -0.600000 -0.209440 0.000000
vt 0.000000 -0.209440 0.000000
vt -0.600000 -0.157080 0.000000
vt 0.000000 -0.157080 0.000000
vt -0.600000 -0.104720 0.000000
vt 0.000000 -0.104720 0.000000
vt -0.600000 -0.052360 0.000000
vt 0.000000 -0.052360 0.000000
vt -0.600000 0.000000 0.000000
vt -0.000000 0.000000 0.000000
vt 0.000000 0.600000 0.000000
vt 0.000000 0.000000 0.000000
vt 0.106620 0.600000 0.000000
vt 1.600000 0.000000 0.000000
vt 1.493380 0.600000 0.000000
vt 1.600000 0.600000 0.000000
vt 1.493380 0.801700 0.000000
vt 0.106620 0.801700 0.000000
vt -0.600000 -0.314159 0.000000
vt -0.000000 -0.314159 0.000000
vt -0.600000 -0.261799 0.000000
vt -0.000000 -0.261799 0.000000
vt -0.600000 -0.209440 0.000000
vt -0.000000 -0.209440 0.000000
vt -0.600000 -0.157080 0.000000
vt -0.000000 -0.157080 0.000000
vt -0.600000 -0.104720 0.000000
vt -0.000000 -0.104720 0.000000
vt -0.600000 -0.052360 0.000000
vt -0.000000 -0.052360 0.000000
vt -0.600000 0.000000 0.000000
vt -0.000000 0.000000 0.000000
vn -0.000000 -0.000000 -1.000000
vn -0.000000 -0.000000 -1.000000
vn -0.000000 -0.000000 -1.000000
vn -0.000000 -0.000000 -1.000000
vn -0.000000 -0.000000 -1.000000
vn -0.000000 -0.000000 -1.000000
vn -0.000000 -0.000000 -1.000000
vn -0.000000 -0.000000 -1.000000
vn -0.000000 -0.000000 -1.000000
vn -0.000000 -0.000000 -1.000000
vn -0.000000 -0.000000 -1.000000
vn -0.000000 -0.000000 -1.000000
vn -0.000000 -0.000000 -1.000000
vn -0.000000 -0.000000 -1.000000
vn -0.000000 -0.000000 -1.000000
vn -0.000000 -0.000000 -1.000000
vn -0.000000 -0.000000 -1.000000
vn -0.000000 -0.000000 -1.000000
vn -0.000000 -0.000000 -1.000000
vn -0.000000 -0.000000 -1.000000
vn -0.000000 -0.000000 -1.000000
vn -0.000000 -0.000000 -1.000000
vn -0.000000 -0.000000 -1.000000
vn -0.000000 -0.000000 -1.000000
vn -0.000000 -0.000000 -1.000000
vn -0.000000 -0.000000 -1.000000
vn -0.000000 -0.000000 -1.000000
vn -0.000000 -0.000000 -1.000000
vn -0.000000 -0.000000 -1.000000
vn -0.000000 -0.000000 -1.000000
vn -0.000000 -0.000000 -1.000000
vn -0.000000 -0.000000 -1.000000
vn -0.000000 -0.000000 -1.000000
vn -0.000000 -0.000000 -1.000000
vn -0.000000 -0.000000 -1.000000
vn -0.000000 -0.000000 -1.000000
vn -0.000000 -0.000000 -1.000000
vn -0.000000 -0.000000 -1.000000
vn -0.000000 -0.000000 -1.000000
vn -0.000000 -0.000000 -1.000000
vn -0.000000 -0.000000 -1.000000
vn -0.000000 -0.000000 -1.000000
vn -0.000000 -0.000000 -1.000000
vn -0.000000 -0.000000 -1.000000
vn -0.000000 -0.000000 -1.000000
vn -0.000000 -0.000000 -1.000000
vn -0.000000 -0.000000 -1.000000
vn -0.000000 -0.000000 -1.000000
vn -0.000000 -0.000000 -1.000000
vn -0.000000 -0.000000 -1.000000
vn -0.000000 -0.000000 -1.000000
vn -0.000000 -0.000000 -1.000000
vn -0.000000 -0.000000 -1.000000
vn -0.000000 -0.000000 -1.000000
vn -0.000000 -0.000000 -1.000000
vn -0.000000 -0.000000 -1.000000
vn -0.000000 -0.000000 -1.000000
vn -0.000000 -0.000000 -1.000000
vn -0.000000 -0.000000 -1.000000
vn -0.000000 -0.000000 -1.000000
vn -0.000000 -0.000000 -1.000000
vn -0.000000 -0.000000 -1.000000
vn -0.000000 -0.000000 -1.000000
vn -0.000000 -0.000000 -1.000000
vn -0.000000 -0.000000 -1.000000
vn -0.000000 -0.000000 -1.000000
vn -0.000000 -0.000000 -1.000000
vn -0.000000 -0.000000 -1.000000
vn -0.000000 -0.000000 -1.000000
vn -0.000000 -0.000000 -1.000000
vn -0.000000 -0.000000 -1.000000
vn -0.000000 -0.000000 -1.000000
vn -0.000000 -0.000000 -1.000000
vn -0.000000 -0.000000 -1.000000
vn -0.000000 -0.000000 -1.000000
vn -0.000000 -0.000000 -1.000000
vn -0.000000 -0.000000 -1.000000
vn -0.000000 -0.000000 -1.000000
vn -0.000000 -0.000000 -1.000000
vn -0.000000 -0.000000 -1.000000
vn -0.000000 -0.000000 -1.000000
vn -0.000000 -0.000000 -1.000000
vn -0.000000 -0.000000 -1.000000
vn -0.000000 -0.000000 -1.000000
vn -0.000000 -0.000000 -1.000000
vn -0.000000 -0.000000 -1.000000
vn -0.000000 -0.000000 -1.000000
vn -0.000000 -0.000000 -1.000000
vn -0.000000 -0.000000 -1.000000
vn -0.000000 -0.000000 -1.000000
vn -0.000000 -0.000000 -1.000000
vn -0.000000 -0.000000 -1.000000
vn -0.000000 -0.000000 -1.000000
vn -0.000000 -0.000000 -1.000000
vn -0.000000 -0.000000 -1.000000
vn -0.000000 -0.000000 -1.000000
vn -0.000000 -0.000000 -1.000000
vn -0.000000 -0.000000 -1.000000
vn -0.000000 -0.000000 -1.000000
vn -0.000000 -0.000000 -1.000000
vn -0.000000 -0.000000 -1.000000
vn -0.000000 -0.000000 -1.000000
vn -0.000000 -0.000000 -1.000000
vn -0.000000 -0.000000 -1.000000
vn -0.000000 -0.000000 -1.000000
vn -0.000000 -0.000000 -1.000000
vn -0.000000 -0.000000 -1.000000
vn -0.000000 -0.000000 -1.000000
vn -0.000000 -0.000000 -1.000000
vn -0.000000 -0.000000 -1.000000
vn -0.000000 -0.000000 -1.000000
vn -0.000000 -0.000000 -1.000000
vn -0.000000 -0.000000 -1.000000
vn -0.000000 -0.000000 -1.000000
vn -0.000000 -0.000000 -1.000000
vn -0.000000 -0.000000 -1.000000
vn -0.000000 -0.000000 -1.000000
vn -0.000000 -0.000000 -1.000000
vn -0.000000 -0.000000 -1.000000
vn -0.000000 -0.000000 -1.000000
vn -0.000000 -0.000000 -1.000000
vn -0.000000 -0.000000 -1.000000
vn -0.000000 -0.000000 -1.000000
vn -0.000000 -0.000000 -1.000000
vn -0.000000 1.000000 -0.000000
vn -0.000000 1.000000 -0.000000
vn -0.000000 1.000000 -0.000000
vn -0.000000 1.000000 -0.000000
vn -0.245619 -0.969366 0.000000
vn -0.484110 -0.875007 0.000000
vn -0.245619 -0.969366 0.000000
vn -0.484110 -0.875007 0.000000
vn -0.245619 -0.969366 0.000000
vn -0.690755 -0.723089 0.000000
vn -0.690755 -0.723089 0.000000
vn -0.851961 -0.523605 0.000000
vn -0.851961 -0.523605 0.000000
vn -0.957124 -0.289678 0.000000
vn -0.957124 -0.289678 0.000000
vn -0.999326 -0.036696 0.000000
vn -0.999326 -0.036696 0.000000
vn -0.975792 0.218701 0.000000
vn -0.975792 0.218701 0.000000
vn -0.888069 0.459711 0.000000
vn -0.888069 0.459711 0.000000
vn -0.741927 0.670481 0.000000
vn -0.741927 0.670481 0.000000
vn -0.546981 0.837145 0.000000
vn -0.546981 0.837145 0.000000
vn -0.316053 0.948742 0.000000
vn -0.316053 0.948742 0.000000
vn 0.316053 0.948742 -0.000000
vn 0.316053 0.948742 -0.000000
vn 0.546981 0.837145 -0.000000
vn 0.546981 0.837145 -0.000000
vn 0.741927 0.670481 -0.000000
vn 0.741927 0.670481 -0.000000
vn 0.888069 0.459711 -0.000000
vn 0.888069 0.459711 -0.000000
vn 0.975792 0.218701 -0.000000
vn 0.975792 0.218701 -0.000000
vn 0.999326 -0.036696 -0.000000
vn 0.999326 -0.036696 -0.000000
vn 0.957124 -0.289678 -0.000000
vn 0.957124 -0.289678 -0.000000
vn 0.851961 -0.523605 -0.000000
vn 0.851961 -0.523605 -0.000000
vn 0.690755 -0.723089 -0.000000
vn 0.690755 -0.723089 -0.000000
vn 0.484110 -0.875007 -0.000000
vn 0.484110 -0.875007 -0.000000
vn 0.245619 -0.969366 0.000000
vn 0.245619 -0.969366 0.000000
vn 0.245619 -0.969366 0.000000
vn 0.000000 0.000000 1.000000
vn 0.000000 0.000000 1.000000
vn 0.000000 0.000000 1.000000
vn 0.000000 0.000000 1.000000
vn 0.000000 0.000000 1.000000
vn 0.000000 0.000000 1.000000
vn 0.000000 0.000000 1.000000
vn 0.000000 0.000000 1.000000
vn 0.000000 0.000000 1.000000
vn 0.000000 0.000000 1.000000
vn 0.000000 0.000000 1.000000
vn 0.000000 0.000000 1.000000
vn 0.000000 0.000000 1.000000
vn 0.000000 0.000000 1.000000
vn 0.000000 0.000000 1.000000
vn 0.000000 0.000000 1.000000
vn 0.000000 0.000000 1.000000
vn 0.000000 0.000000 1.000000
vn 0.000000 0.000000 1.000000
vn 0.000000 0.000000 1.000000
vn 0.000000 0.000000 1.000000
vn 0.000000 0.000000 1.000000
vn 0.000000 0.000000 1.000000
vn 0.000000 0.000000 1.000000
vn 0.000000 0.000000 1.000000
vn 0.000000 0.000000 1.000000
vn 0.000000 0.000000 1.000000
vn 0.000000 0.000000 1.000000
vn 0.000000 0.000000 1.000000
vn 0.000000 0.000000 1.000000
vn 0.000000 0.000000 1.000000
vn 0.000000 0.000000 1.000000
vn 0.000000 0.000000 1.000000
vn 0.000000 0.000000 1.000000
vn 0.000000 0.000000 1.000000
vn 0.000000 0.000000 1.000000
vn 0.000000 0.000000 1.000000
vn 0.000000 0.000000 1.000000
vn 0.000000 0.000000 1.000000
vn 0.000000 0.000000 1.000000
vn 0.000000 0.000000 1.000000
vn 0.000000 0.000000 1.000000
vn 0.000000 0.000000 1.000000
vn 0.000000 0.000000 1.000000
vn 0.000000 0.000000 1.000000
vn 0.000000 0.000000 1.000000
vn 0.000000 0.000000 1.000000
vn 0.000000 0.000000 1.000000
vn 0.000000 0.000000 1.000000
vn 0.000000 0.000000 1.000000
vn 0.000000 0.000000 1.000000
vn 0.000000 0.000000 1.000000
vn 0.000000 0.000000 1.000000
vn 0.000000 0.000000 1.000000
vn 0.000000 0.000000 1.000000
vn 0.000000 0.000000 1.000000
vn 0.000000 0.000000 1.000000
vn 0.000000 0.000000 1.000000
vn 0.000000 0.000000 1.000000
vn 0.000000 0.000000 1.000000
vn 0.000000 0.000000 1.000000
vn 0.000000 0.000000 1.000000
vn 0.000000 0.000000 1.000000
vn 0.000000 0.000000 1.000000
vn 0.000000 0.000000 1.000000
vn 0.000000 0.000000 1.000000
vn 0.000000 0.000000 1.000000
vn 0.000000 0.000000 1.000000
vn 0.000000 0.000000 1.000000
vn 0.000000 0.000000 1.000000
vn 0.000000 0.000000 1.000000
vn 0.000000 0.000000 1.000000
vn 0.000000 0.000000 1.000000
vn 0.000000 0.000000 1.000000
vn 0.000000 0.000000 1.000000
vn 0.000000 0.000000 1.000000
vn 0.000000 0.000000 1.000000
vn 0.000000 0.000000 1.000000
vn 0.000000 0.000000 1.000000
vn 0.000000 0.000000 1.000000
vn 0.000000 0.000000 1.000000
vn 0.000000 0.000000 1.000000
vn 0.000000 0.000000 1.000000
vn 0.000000 0.000000 1.000000
vn 0.000000 0.000000 1.000000
vn 0.000000 0.000000 1.000000
vn 0.000000 0.000000 1.000000
vn 0.000000 0.000000 1.000000
vn 0.000000 0.000000 1.000000
vn 0.000000 0.000000 1.000000
vn 0.000000 0.000000 1.000000
vn 0.000000 0.000000 1.000000
vn 0.000000 0.000000 1.000000
vn 0.000000 0.000000 1.000000
vn 0.000000 0.000000 1.000000
vn 0.000000 0.000000 1.000000
vn 0.000000 0.000000 1.000000
vn 0.000000 0.000000 1.000000
vn 0.000000 0.000000 1.000000
vn 0.000000 0.000000 1.000000
vn 0.000000 0.000000 1.000000
vn 0.000000 0.000000 1.000000
vn 0.000000 0.000000 1.000000
vn 0.000000 0.000000 1.000000
vn 0.000000 0.000000 1.000000
vn 0.000000 0.000000 1.000000
vn 0.000000 0.000000 1.000000
vn 0.000000 0.000000 1.000000
vn 0.000000 -1.000000 0.000000
vn 0.000000 -1.000000 0.000000
vn 0.000000 -1.000000 0.000000
vn 0.000000 -1.000000 0.000000
vn 0.000000 -1.000000 0.000000
vn 0.000000 -1.000000 0.000000
vn 0.000000 -1.000000 0.000000
vn 0.000000 -1.000000 0.000000
vn -0.010785 0.999942 -0.000000
vn -0.010785 0.999942 -0.000000
vn 0.244070 0.969758 -0.000000
vn 0.244070 0.969758 -0.000000
vn 0.482851 0.875703 -0.000000
vn 0.482851 0.875703 -0.000000
vn 0.689830 0.723972 -0.000000
vn 0.689830 0.723972 -0.000000
vn 0.851375 0.524558 -0.000000
vn 0.851375 0.524558 -0.000000
vn 0.956846 0.290596 -0.000000
vn 0.956846 0.290596 -0.000000
vn 0.999297 0.037494 -0.000000
vn 0.999297 0.037494 -0.000000
vn 0.975932 -0.218077 -0.000000
vn 0.975932 -0.218077 -0.000000
vn 0.888289 -0.459285 -0.000000
vn 0.888289 -0.459285 -0.000000
vn 0.742141 -0.670244 -0.000000
vn 0.742141 -0.670244 -0.000000
vn 0.547114 -0.837058 -0.000000
vn 0.547114 -0.837058 -0.000000
vn 0.316053 -0.948742 -0.000000
vn 0.316053 -0.948742 -0.000000
vn -0.000000 1.000000 -0.000000
vn -0.000000 1.000000 -0.000000
vn -0.000000 1.000000 -0.000000
vn -0.000000 1.000000 -0.000000
vn -0.000000 1.000000 -0.000000
vn -0.000000 1.000000 -0.000000
vn -0.000000 1.000000 -0.000000
vn -0.000000 1.000000 -0.000000
vn -0.316053 -0.948742 0.000000
vn -0.316053 -0.948742 0.000000
vn -0.546293 -0.837594 0.000000
vn -0.546293 -0.837594 0.000000
vn -0.740825 -0.671698 0.000000
vn -0.740825 -0.671698 0.000000
vn -0.886934 -0.461896 0.000000
vn -0.886934 -0.461896 0.000000
vn -0.975069 -0.221903 0.000000
vn -0.975069 -0.221903 0.000000
vn -0.999469 0.032594 0.000000
vn -0.999469 0.032594 0.000000
vn -0.958539 0.284961 0.000000
vn -0.958539 0.284961 0.000000
vn -0.854955 0.518702 0.000000
vn -0.854955 0.518702 0.000000
vn -0.695487 0.718538 0.000000
vn -0.695487 0.718538 0.000000
vn -0.490560 0.871408 0.000000
vn -0.490560 0.871408 0.000000
vn -0.253567 0.967318 -0.000000
vn -0.253567 0.967318 -0.000000
vn 0.000000 0.000000 1.000000
vn 0.000000 0.000000 1.000000
vn 0.000000 0.000000 1.000000
vn 0.000000 0.000000 1.000000
vn 0.000000 0.000000 1.000000
vn 0.000000 0.000000 1.000000
vn 0.000000 0.000000 1.000000
vn 0.000000 0.000000 1.000000
vn 0.000000 0.000000 1.000000
vn 0.000000 0.000000 1.000000
vn 0.000000 0.000000 1.000000
vn 0.000000 0.000000 1.000000
vn 0.000000 0.000000 1.000000
vn 0.000000 0.000000 1.000000
vn 0.000000 0.000000 1.000000
vn 0.000000 0.000000 1.000000
vn 0.000000 0.000000 1.000000
vn 0.000000 0.000000 1.000000
vn 0.000000 0.000000 1.000000
vn 0.000000 0.000000 1.000000
vn 0.000000 0.000000 1.000000
vn 0.000000 0.000000 1.000000
vn 0.000000 0.000000 1.000000
vn 0.000000 0.000000 1.000000
vn 0.000000 0.000000 1.000000
vn 0.000000 0.000000 1.000000
vn 0.000000 0.000000 1.000000
vn 0.000000 0.000000 1.000000
vn 0.000000 0.000000 1.000000
vn 0.000000 0.000000 1.000000
vn 0.000000 0.000000 1.000000
vn 0.000000 0.000000 1.000000
vn 0.000000 0.000000 1.000000
vn 0.000000 0.000000 1.000000
vn 0.000000 0.000000 1.000000
vn 0.000000 0.000000 1.000000
vn 0.000000 0.000000 1.000000
vn 0.000000 0.000000 1.000000
vn 0.000000 0.000000 1.000000
vn 0.000000 0.000000 1.000000
vn 0.000000 0.000000 1.000000
vn 0.000000 0.000000 1.000000
vn 0.000000 0.000000 1.000000
vn 0.000000 0.000000 1.000000
vn 0.000000 0.000000 1.000000
vn 0.000000 0.000000 1.000000
vn 0.000000 0.000000 1.000000
vn 0.000000 0.000000 1.000000
vn 0.000000 0.000000 1.000000
vn 0.000000 0.000000 1.000000
vn 0.000000 0.000000 1.000000
vn 0.000000 0.000000 1.000000
vn 0.000000 0.000000 1.000000
vn 0.000000 0.000000 1.000000
vn 0.000000 0.000000 1.000000
vn 0.000000 0.000000 1.000000
vn 0.000000 0.000000 1.000000
vn 0.000000 0.000000 1.000000
vn 0.000000 0.000000 1.000000
vn 0.000000 0.000000 1.000000
vn 0.000000 0.000000 1.000000
vn 0.000000 0.000000 1.000000
vn 0.000000 0.000000 1.000000
vn 0.000000 0.000000 1.000000
vn 0.000000 0.000000 1.000000
vn 0.000000 0.000000 1.000000
vn 0.000000 0.000000 1.000000
vn 0.000000 0.000000 1.000000
vn 0.000000 0.000000 1.000000
vn 0.000000 0.000000 1.000000
vn 0.000000 0.000000 1.000000
vn 0.000000 0.000000 1.000000
vn 0.000000 0.000000 1.000000
vn 0.000000 0.000000 1.000000
vn 0.000000 0.000000 1.000000
vn 0.000000 0.000000 1.000000
vn 0.000000 0.000000 1.000000
vn 0.000000 0.000000 1.000000
vn 0.000000 0.000000 1.000000
vn 0.000000 0.000000 1.000000
vn 0.000000 0.000000 1.000000
vn 0.000000 0.000000 1.000000
vn 0.000000 0.000000 1.000000
vn 0.000000 0.000000 1.000000
vn 0.000000 0.000000 1.000000
vn 0.000000 0.000000 1.000000
vn 0.000000 0.000000 1.000000
vn 0.000000 0.000000 1.000000
vn 0.000000 0.000000 1.000000
vn 0.000000 0.000000 1.000000
vn 0.000000 0.000000 1.000000
vn 0.000000 0.000000 1.000000
vn 0.000000 0.000000 1.000000
vn 0.000000 0.000000 1.000000
vn 0.000000 0.000000 1.000000
vn 0.000000 0.000000 1.000000
vn 0.000000 0.000000 1.000000
vn 0.000000 0.000000 1.000000
vn 0.000000 0.000000 1.000000
vn 0.000000 0.000000 1.000000
vn 0.000000 0.000000 1.000000
vn 0.000000 0.000000 1.000000
vn 0.000000 0.000000 1.000000
vn 0.000000 0.000000 1.000000
vn 0.000000 0.000000 1.000000
vn 0.000000 0.000000 1.000000
vn 0.000000 0.000000 1.000000
vn 0.000000 0.000000 1.000000
vn 0.000000 0.000000 1.000000
vn 0.000000 0.000000 1.000000
vn 0.000000 0.000000 1.000000
vn 0.000000 0.000000 1.000000
vn 0.000000 0.000000 1.000000
vn 0.000000 0.000000 1.000000
vn 0.000000 0.000000 1.000000
vn 0.000000 0.000000 1.000000
vn 0.000000 0.000000 1.000000
vn 0.000000 0.000000 1.000000
vn 0.000000 0.000000 1.000000
vn 0.000000 0.000000 1.000000
vn 0.000000 0.000000 1.000000
vn 0.000000 0.000000 1.000000
vn 0.000000 -1.000000 0.000000
vn 0.000000 -1.000000 0.000000
vn 0.000000 -1.000000 0.000000
vn 0.000000 -1.000000 0.000000
vn 0.965926 0.258819 -0.000000
vn 0.965926 0.258819 -0.000000
vn 1.000000 0.000000 -0.000000
vn 1.000000 0.000000 -0.000000
vn 0.965926 -0.258819 -0.000000
vn 0.965926 -0.258819 -0.000000
vn 0.866025 -0.500000 -0.000000
vn 0.866025 -0.500000 -0.000000
vn 0.707107 -0.707107 -0.000000
vn 0.707107 -0.707107 -0.000000
vn 0.500000 -0.866025 -0.000000
vn 0.500000 -0.866025 -0.000000
vn 0.258819 -0.965926 0.000000
vn 0.258819 -0.965926 0.000000
vn 0.000000 -1.000000 0.000000
vn 0.000000 -1.000000 0.000000
vn -0.258819 -0.965926 0.000000
vn -0.258819 -0.965926 0.000000
vn -0.500000 -0.866025 0.000000
vn -0.500000 -0.866025 0.000000
vn -0.707107 -0.707107 0.000000
vn -0.707107 -0.707107 0.000000
vn -0.866025 -0.500000 0.000000
vn -0.866025 -0.500000 0.000000
vn -0.965926 -0.258819 0.000000
vn -0.965926 -0.258819 0.000000
vn -1.000000 -0.000000 0.000000
vn -1.000000 -0.000000 0.000000
vn -0.965926 0.258819 0.000000
vn -0.965926 0.258819 0.000000
vn -0.866025 0.500000 0.000000
vn -0.866025 0.500000 0.000000
vn -0.707107 0.707107 0.000000
vn -0.707107 0.707107 0.000000
vn -0.500000 0.866025 0.000000
vn -0.500000 0.866025 0.000000
vn -0.258819 0.965926 -0.000000
vn -0.258819 0.965926 -0.000000
vn -0.000000 1.000000 -0.000000
vn -0.000000 1.000000 -0.000000
vn 0.258819 0.965926 -0.000000
vn 0.258819 0.965926 -0.000000
vn 0.500000 0.866025 -0.000000
vn 0.500000 0.866025 -0.000000
vn 0.707107 0.707107 -0.000000
vn 0.707107 0.707107 -0.000000
vn 0.866025 0.500000 -0.000000
vn 0.866025 0.500000 -0.000000
vn 0.965926 0.258819 -0.000000
vn 0.965926 0.258819 -0.000000
vn 1.000000 0.000000 -0.000000
vn 1.000000 0.000000 -0.000000
vn 0.965926 -0.258819 -0.000000
vn 0.965926 -0.258819 -0.000000
vn 0.866025 -0.500000 -0.000000
vn 0.866025 -0.500000 -0.000000
vn 0.707107 -0.707107 -0.000000
vn 0.707107 -0.707107 -0.000000
vn 0.500000 -0.866025 -0.000000
vn 0.500000 -0.866025 -0.000000
vn 0.258819 -0.965926 0.000000
vn 0.258819 -0.965926 0.000000
vn 0.000000 -1.000000 0.000000
vn 0.000000 -1.000000 0.000000
vn -0.258819 -0.965926 0.000000
vn -0.258819 -0.965926 0.000000
vn -0.500000 -0.866025 0.000000
vn -0.500000 -0.866025 0.000000
vn -0.707107 -0.707107 0.000000
vn -0.707107 -0.707107 0.000000
vn -0.866025 -0.500000 0.000000
vn -0.866025 -0.500000 0.000000
vn -0.965926 -0.258819 0.000000
vn -0.965926 -0.258819 0.000000
vn -1.000000 -0.000000 0.000000
vn -1.000000 -0.000000 0.000000
vn -0.965926 0.258819 0.000000
vn -0.965926 0.258819 0.000000
vn -0.866025 0.500000 0.000000
vn -0.866025 0.500000 0.000000
vn -0.707107 0.707107 0.000000
vn -0.707107 0.707107 0.000000
vn -0.500000 0.866025 0.000000
vn -0.500000 0.866025 0.000000
vn -0.258819 0.965926 -0.000000
vn -0.258819 0.965926 -0.000000
vn -0.000000 1.000000 -0.000000
vn -0.000000 1.000000 -0.000000
vn 0.258819 0.965926 -0.000000
vn 0.258819 0.965926 -0.000000
vn 0.500000 0.866025 -0.000000
vn 0.500000 0.866025 -0.000000
vn 0.707107 0.707107 -0.000000
vn 0.707107 0.707107 -0.000000
vn 0.866025 0.500000 -0.000000
vn 0.866025 0.500000 -0.000000
vn 0.965926 0.258819 -0.000000
vn 0.965926 0.258819 -0.000000
vn 1.000000 0.000000 -0.000000
vn 1.000000 0.000000 -0.000000
vn 0.965926 -0.258819 -0.000000
vn 0.965926 -0.258819 -0.000000
vn 0.866025 -0.500000 -0.000000
vn 0.866025 -0.500000 -0.000000
vn 0.707107 -0.707107 -0.000000
vn 0.707107 -0.707107 -0.000000
vn 0.500000 -0.866025 -0.000000
vn 0.500000 -0.866025 -0.000000
vn 0.258819 -0.965926 0.000000
vn 0.258819 -0.965926 0.000000
vn 0.000000 -1.000000 0.000000
vn 0.000000 -1.000000 0.000000
vn -0.258819 -0.965926 0.000000
vn -0.258819 -0.965926 0.000000
vn -0.500000 -0.866025 0.000000
vn -0.500000 -0.866025 0.000000
vn -0.707107 -0.707107 0.000000
vn -0.707107 -0.707107 0.000000
vn -0.866025 -0.500000 0.000000
vn -0.866025 -0.500000 0.000000
vn -0.965926 -0.258819 0.000000
vn -0.965926 -0.258819 0.000000
vn -1.000000 -0.000000 0.000000
vn -1.000000 -0.000000 0.000000
vn -0.965926 0.258819 0.000000
vn -0.965926 0.258819 0.000000
vn -0.866025 0.500000 0.000000
vn -0.866025 0.500000 0.000000
vn -0.707107 0.707107 0.000000
vn -0.707107 0.707107 0.000000
vn -0.500000 0.866025 0.000000
vn -0.500000 0.866025 0.000000
vn -0.258819 0.965926 -0.000000
vn -0.258819 0.965926 -0.000000
vn -0.000000 1.000000 -0.000000
vn -0.000000 1.000000 -0.000000
vn 0.258819 0.965926 -0.000000
vn 0.258819 0.965926 -0.000000
vn 0.500000 0.866025 -0.000000
vn 0.500000 0.866025 -0.000000
vn 0.707107 0.707107 -0.000000
vn 0.707107 0.707107 -0.000000
vn 0.866025 0.500000 -0.000000
vn 0.866025 0.500000 -0.000000
vn 0.965926 0.258819 -0.000000
vn 0.965926 0.258819 -0.000000
vn 1.000000 0.000000 -0.000000
vn 1.000000 0.000000 -0.000000
vn 0.965926 -0.258819 -0.000000
vn 0.965926 -0.258819 -0.000000
vn 0.866025 -0.500000 -0.000000
vn 0.866025 -0.500000 -0.000000
vn 0.707107 -0.707107 -0.000000
vn 0.707107 -0.707107 -0.000000
vn 0.500000 -0.866025 -0.000000
vn 0.500000 -0.866025 -0.000000
vn 0.258819 -0.965926 0.000000
vn 0.258819 -0.965926 0.000000
vn 0.000000 -1.000000 0.000000
vn 0.000000 -1.000000 0.000000
vn -0.258819 -0.965926 0.000000
vn -0.258819 -0.965926 0.000000
vn -0.500000 -0.866025 0.000000
vn -0.500000 -0.866025 0.000000
vn -0.707107 -0.707107 0.000000
vn -0.707107 -0.707107 0.000000
vn -0.866025 -0.500000 0.000000
vn -0.866025 -0.500000 0.000000
vn -0.965926 -0.258819 0.000000
vn -0.965926 -0.258819 0.000000
vn -1.000000 -0.000000 0.000000
vn -1.000000 -0.000000 0.000000
vn -0.965926 0.258819 0.000000
vn -0.965926 0.258819 0.000000
vn -0.866025 0.500000 0.000000
vn -0.866025 0.500000 0.000000
vn -0.707107 0.707107 0.000000
vn -0.707107 0.707107 0.000000
vn -0.500000 0.866025 0.000000
vn -0.500000 0.866025 0.000000
vn -0.258819 0.965926 -0.000000
vn -0.258819 0.965926 -0.000000
vn -0.000000 1.000000 -0.000000
vn -0.000000 1.000000 -0.000000
vn 0.258819 0.965926 -0.000000
vn 0.258819 0.965926 -0.000000
vn 0.500000 0.866025 -0.000000
vn 0.500000 0.866025 -0.000000
vn 0.707107 0.707107 -0.000000
vn 0.707107 0.707107 -0.000000
vn 0.866025 0.500000 -0.000000
vn 0.866025 0.500000 -0.000000
vn 1.000000 0.000000 -0.000000
vn 1.000000 0.000000 -0.000000
vn 1.000000 0.000000 -0.000000
vn 1.000000 0.000000 -0.000000
vn 1.000000 0.000000 -0.000000
vn 1.000000 0.000000 -0.000000
vn 1.000000 0.000000 -0.000000
vn 1.000000 0.000000 -0.000000
vn 1.000000 0.000000 -0.000000
vn 1.000000 0.000000 -0.000000
vn 0.000000 -1.000000 0.000000
vn 0.000000 -1.000000 0.000000
vn 0.258819 -0.965926 0.000000
vn 0.258819 -0.965926 0.000000
vn 0.500000 -0.866025 -0.000000
vn 0.500000 -0.866025 -0.000000
vn 0.707107 -0.707107 -0.000000
vn 0.707107 -0.707107 -0.000000
vn 0.866025 -0.500000 -0.000000
vn 0.866025 -0.500000 -0.000000
vn 0.965926 -0.258819 -0.000000
vn 0.965926 -0.258819 -0.000000
vn 0.000000 -1.000000 0.000000
vn 0.000000 -1.000000 0.000000
vn 0.000000 -1.000000 0.000000
vn 0.000000 -1.000000 0.000000
vn 0.000000 -1.000000 0.000000
vn 0.000000 -1.000000 0.000000
vn -1.000000 -0.000000 0.000000
vn -1.000000 -0.000000 0.000000
vn -0.965926 -0.258819 0.000000
vn -0.965926 -0.258819 0.000000
vn -0.866025 -0.500000 0.000000
vn -0.866025 -0.500000 0.000000
vn -0.707107 -0.707107 0.000000
vn -0.707107 -0.707107 0.000000
vn -0.500000 -0.866025 0.000000
vn -0.500000 -0.866025 0.000000
vn -0.258819 -0.965926 0.000000
vn -0.258819 -0.965926 0.000000
vn -1.000000 -0.000000 0.000000
vn -1.000000 -0.000000 0.000000
vn -1.000000 -0.000000 0.000000
vn -1.000000 -0.000000 0.000000
vn -1.000000 -0.000000 0.000000
vn -1.000000 -0.000000 0.000000
vn -1.000000 -0.000000 0.000000
vn -1.000000 -0.000000 0.000000
vn -0.000000 1.000000 -0.000000
vn -0.000000 1.000000 -0.000000
vn -0.258819 0.965926 -0.000000
vn -0.258819 0.965926 -0.000000
vn -0.500000 0.866025 0.000000
vn -0.500000 0.866025 0.000000
vn -0.707107 0.707107 0.000000
vn -0.707107 0.707107 0.000000
vn -0.866025 0.500000 0.000000
vn -0.866025 0.500000 0.000000
vn -0.965926 0.258819 0.000000
vn -0.965926 0.258819 0.000000
vn -0.000000 1.000000 -0.000000
vn -0.000000 1.000000 -0.000000
vn -0.000000 1.000000 -0.000000
vn -0.000000 1.000000 -0.000000
vn -0.000000 1.000000 -0.000000
vn -0.000000 1.000000 -0.000000
vn 0.965926 0.258819 -0.000000
vn 0.965926 0.258819 -0.000000
vn 0.866025 0.500000 -0.000000
vn 0.866025 0.500000 -0.000000
vn 0.707107 0.707107 -0.000000
vn 0.707107 0.707107 -0.000000
vn 0.500000 0.866025 -0.000000
vn 0.500000 0.866025 -0.000000
vn 0.258819 0.965926 -0.000000
vn 0.258819 0.965926 -0.000000
usemtl Acero_inoxidable_-_Pulido
f 3110/6338/6139 3144/6339/6140 3109/6340/6141
f 3109/6340/6141 3144/6339/6140 3145/6341/6142
f 3109/6340/6141 3145/6341/6142 3132/6342/6143
f 3132/6342/6143 3145/6341/6142 3146/6343/6144
f 3132/6342/6143 3146/6343/6144 3131/6344/6145
f 3131/6344/6145 3146/6343/6144 3147/6345/6146
f 3131/6344/6145 3147/6345/6146 3130/6346/6147
f 3130/6346/6147 3147/6345/6146 3148/6347/6148
f 3130/6346/6147 3148/6347/6148 3188/6348/6149
f 3188/6348/6149 3148/6347/6148 3218/6349/6150
f 3188/6348/6149 3218/6349/6150 3187/6350/6151
f 3187/6350/6151 3218/6349/6150 3219/6351/6152
f 3187/6350/6151 3219/6351/6152 3186/6352/6153
f 3186/6352/6153 3219/6351/6152 3220/6353/6154
f 3186/6352/6153 3220/6353/6154 3185/6354/6155
f 3185/6354/6155 3220/6353/6154 3221/6355/6156
f 3185/6354/6155 3221/6355/6156 3208/6356/6157
f 3208/6356/6157 3221/6355/6156 3222/6357/6158
f 3208/6356/6157 3222/6357/6158 3207/6358/6159
f 3207/6358/6159 3222/6357/6158 3223/6359/6160
f 3207/6358/6159 3223/6359/6160 3206/6360/6161
f 3206/6360/6161 3223/6359/6160 3224/6361/6162
f 3206/6360/6161 3224/6361/6162 3165/6362/6163
f 3165/6362/6163 3224/6361/6162 3164/6363/6164
f 3164/6363/6164 3224/6361/6162 3225/6364/6165
f 3164/6363/6164 3225/6364/6165 3226/6365/6166
f 3144/6339/6140 3110/6338/6139 3143/6366/6167
f 3143/6366/6167 3110/6338/6139 3111/6367/6168
f 3143/6366/6167 3111/6367/6168 3142/6368/6169
f 3142/6368/6169 3111/6367/6168 3112/6369/6170
f 3142/6368/6169 3112/6369/6170 3179/6370/6171
f 3179/6370/6171 3112/6369/6170 3178/6371/6172
f 3178/6371/6172 3112/6369/6170 3113/6372/6173
f 3178/6371/6172 3113/6372/6173 3114/6373/6174
f 3114/6373/6174 3115/6374/6175 3178/6371/6172
f 3178/6371/6172 3115/6374/6175 3116/6375/6176
f 3178/6371/6172 3116/6375/6176 3177/6376/6177
f 3177/6376/6177 3116/6375/6176 3117/6377/6178
f 3177/6376/6177 3117/6377/6178 3176/6378/6179
f 3176/6378/6179 3117/6377/6178 3118/6379/6180
f 3176/6378/6179 3118/6379/6180 3175/6380/6181
f 3175/6380/6181 3118/6379/6180 3174/6381/6182
f 3174/6381/6182 3118/6379/6180 3119/6382/6183
f 3174/6381/6182 3119/6382/6183 3173/6383/6184
f 3173/6383/6184 3119/6382/6183 3120/6384/6185
f 3173/6383/6184 3120/6384/6185 3172/6385/6186
f 3172/6385/6186 3120/6384/6185 3121/6386/6187
f 3172/6385/6186 3121/6386/6187 3122/6387/6188
f 3122/6387/6188 3123/6388/6189 3172/6385/6186
f 3172/6385/6186 3123/6388/6189 3124/6389/6190
f 3172/6385/6186 3124/6389/6190 3171/6390/6191
f 3171/6390/6191 3124/6389/6190 3194/6391/6192
f 3171/6390/6191 3194/6391/6192 3195/6392/6193
f 3194/6391/6192 3124/6389/6190 3193/6393/6194
f 3193/6393/6194 3124/6389/6190 3125/6394/6195
f 3193/6393/6194 3125/6394/6195 3126/6395/6196
f 3193/6393/6194 3126/6395/6196 3192/6396/6197
f 3192/6396/6197 3126/6395/6196 3127/6397/6198
f 3192/6396/6197 3127/6397/6198 3191/6398/6199
f 3191/6398/6199 3127/6397/6198 3190/6399/6200
f 3190/6399/6200 3127/6397/6198 3128/6400/6201
f 3190/6399/6200 3128/6400/6201 3189/6401/6202
f 3189/6401/6202 3128/6400/6201 3129/6402/6203
f 3189/6401/6202 3129/6402/6203 3188/6348/6149
f 3188/6348/6149 3129/6402/6203 3130/6346/6147
f 3156/6403/6204 3133/6404/6205 3157/6405/6206
f 3157/6405/6206 3133/6404/6205 3134/6406/6207
f 3157/6405/6206 3134/6406/6207 3184/6407/6208
f 3184/6407/6208 3134/6406/6207 3135/6408/6209
f 3184/6407/6208 3135/6408/6209 3183/6409/6210
f 3183/6409/6210 3135/6408/6209 3136/6410/6211
f 3183/6409/6210 3136/6410/6211 3182/6411/6212
f 3182/6411/6212 3136/6410/6211 3181/6412/6213
f 3181/6412/6213 3136/6410/6211 3137/6413/6214
f 3181/6412/6213 3137/6413/6214 3180/6414/6215
f 3180/6414/6215 3137/6413/6214 3138/6415/6216
f 3180/6414/6215 3138/6415/6216 3179/6370/6171
f 3179/6370/6171 3138/6415/6216 3139/6416/6217
f 3179/6370/6171 3139/6416/6217 3140/6417/6218
f 3140/6417/6218 3141/6418/6219 3179/6370/6171
f 3179/6370/6171 3141/6418/6219 3142/6368/6169
f 3148/6347/6148 3149/6419/6220 3218/6349/6150
f 3218/6349/6150 3149/6419/6220 3217/6420/6221
f 3217/6420/6221 3149/6419/6220 3150/6421/6222
f 3217/6420/6221 3150/6421/6222 3216/6422/6223
f 3216/6422/6223 3150/6421/6222 3151/6423/6224
f 3216/6422/6223 3151/6423/6224 3215/6424/6225
f 3215/6424/6225 3151/6423/6224 3214/6425/6226
f 3214/6425/6226 3151/6423/6224 3152/6426/6227
f 3214/6425/6226 3152/6426/6227 3213/6427/6228
f 3213/6427/6228 3152/6426/6227 3153/6428/6229
f 3213/6427/6228 3153/6428/6229 3154/6429/6230
f 3155/6430/6231 3157/6405/6206 3154/6429/6230
f 3154/6429/6230 3157/6405/6206 3158/6431/6232
f 3154/6429/6230 3158/6431/6232 3212/6432/6233
f 3212/6432/6233 3158/6431/6232 3211/6433/6234
f 3211/6433/6234 3158/6431/6232 3210/6434/6235
f 3210/6434/6235 3158/6431/6232 3209/6435/6236
f 3209/6435/6236 3158/6431/6232 3232/6436/6237
f 3232/6436/6237 3158/6431/6232 3159/6437/6238
f 3232/6436/6237 3159/6437/6238 3231/6438/6239
f 3231/6438/6239 3159/6437/6238 3160/6439/6240
f 3231/6438/6239 3160/6439/6240 3230/6440/6241
f 3230/6440/6241 3160/6439/6240 3161/6441/6242
f 3230/6440/6241 3161/6441/6242 3162/6442/6243
f 3155/6430/6231 3156/6403/6204 3157/6405/6206
f 3230/6440/6241 3162/6442/6243 3229/6443/6244
f 3229/6443/6244 3162/6442/6243 3163/6444/6245
f 3229/6443/6244 3163/6444/6245 3228/6445/6246
f 3228/6445/6246 3163/6444/6245 3164/6363/6164
f 3228/6445/6246 3164/6363/6164 3227/6446/6247
f 3227/6446/6247 3164/6363/6164 3226/6365/6166
f 3166/6447/6248 3202/6448/6249 3165/6362/6163
f 3165/6362/6163 3202/6448/6249 3203/6449/6250
f 3165/6362/6163 3203/6449/6250 3204/6450/6251
f 3202/6448/6249 3166/6447/6248 3201/6451/6252
f 3201/6451/6252 3166/6447/6248 3167/6452/6253
f 3201/6451/6252 3167/6452/6253 3200/6453/6254
f 3200/6453/6254 3167/6452/6253 3168/6454/6255
f 3200/6453/6254 3168/6454/6255 3169/6455/6256
f 3200/6453/6254 3169/6455/6256 3199/6456/6257
f 3199/6456/6257 3169/6455/6256 3170/6457/6258
f 3199/6456/6257 3170/6457/6258 3198/6458/6259
f 3198/6458/6259 3170/6457/6258 3171/6390/6191
f 3198/6458/6259 3171/6390/6191 3197/6459/6260
f 3197/6459/6260 3171/6390/6191 3196/6460/6261
f 3196/6460/6261 3171/6390/6191 3195/6392/6193
f 3204/6450/6251 3205/6461/6262 3165/6362/6163
f 3165/6362/6163 3205/6461/6262 3206/6360/6161
f 3212/6432/6233 3213/6427/6228 3154/6429/6230
f 3233/6462/6263 3234/6463/6264 3236/6464/6265
f 3236/6464/6265 3234/6463/6264 3235/6465/6266
f 3237/6466/6267 3238/6467/6268 3234/6468/6269
f 3234/6468/6269 3238/6467/6268 3257/6469/6270
f 3234/6468/6269 3257/6469/6270 3235/6470/6271
f 3257/6469/6270 3238/6467/6268 3256/6471/6272
f 3256/6471/6272 3238/6467/6268 3239/6472/6273
f 3256/6471/6272 3239/6472/6273 3255/6473/6274
f 3255/6473/6274 3239/6472/6273 3240/6474/6275
f 3255/6473/6274 3240/6474/6275 3254/6475/6276
f 3254/6475/6276 3240/6474/6275 3241/6476/6277
f 3254/6475/6276 3241/6476/6277 3253/6477/6278
f 3253/6477/6278 3241/6476/6277 3242/6478/6279
f 3253/6477/6278 3242/6478/6279 3252/6479/6280
f 3252/6479/6280 3242/6478/6279 3243/6480/6281
f 3252/6479/6280 3243/6480/6281 3251/6481/6282
f 3251/6481/6282 3243/6480/6281 3244/6482/6283
f 3251/6481/6282 3244/6482/6283 3250/6483/6284
f 3250/6483/6284 3244/6482/6283 3245/6484/6285
f 3250/6483/6284 3245/6484/6285 3249/6485/6286
f 3249/6485/6286 3245/6484/6285 3246/6486/6287
f 3249/6485/6286 3246/6486/6287 3248/6487/6288
f 3248/6487/6288 3246/6486/6287 3247/6488/6289
f 3278/6489/6290 3258/6490/6291 3277/6491/6292
f 3277/6491/6292 3258/6490/6291 3259/6492/6293
f 3277/6491/6292 3259/6492/6293 3276/6493/6294
f 3276/6493/6294 3259/6492/6293 3260/6494/6295
f 3276/6493/6294 3260/6494/6295 3275/6495/6296
f 3275/6495/6296 3260/6494/6295 3261/6496/6297
f 3275/6495/6296 3261/6496/6297 3274/6497/6298
f 3274/6497/6298 3261/6496/6297 3262/6498/6299
f 3274/6497/6298 3262/6498/6299 3273/6499/6300
f 3273/6499/6300 3262/6498/6299 3263/6500/6301
f 3273/6499/6300 3263/6500/6301 3272/6501/6302
f 3272/6501/6302 3263/6500/6301 3264/6502/6303
f 3272/6501/6302 3264/6502/6303 3271/6503/6304
f 3271/6503/6304 3264/6502/6303 3265/6504/6305
f 3271/6503/6304 3265/6504/6305 3270/6505/6306
f 3270/6505/6306 3265/6504/6305 3266/6506/6307
f 3270/6505/6306 3266/6506/6307 3269/6507/6308
f 3269/6507/6308 3266/6506/6307 3267/6508/6309
f 3269/6507/6308 3267/6508/6309 3233/6509/6310
f 3233/6509/6310 3267/6508/6309 3268/6510/6311
f 3233/6509/6310 3236/6511/6312 3269/6507/6308
f 3248/6512/6313 3278/6513/6314 3249/6514/6315
f 3249/6514/6315 3278/6513/6314 3277/6515/6316
f 3249/6514/6315 3277/6515/6316 3250/6516/6317
f 3250/6516/6317 3277/6515/6316 3276/6517/6318
f 3250/6516/6317 3276/6517/6318 3251/6518/6319
f 3251/6518/6319 3276/6517/6318 3275/6519/6320
f 3251/6518/6319 3275/6519/6320 3252/6520/6321
f 3252/6520/6321 3275/6519/6320 3274/6521/6322
f 3252/6520/6321 3274/6521/6322 3253/6522/6323
f 3253/6522/6323 3274/6521/6322 3273/6523/6324
f 3253/6522/6323 3273/6523/6324 3254/6524/6325
f 3254/6524/6325 3273/6523/6324 3272/6525/6326
f 3254/6524/6325 3272/6525/6326 3255/6526/6327
f 3255/6526/6327 3272/6525/6326 3271/6527/6328
f 3255/6526/6327 3271/6527/6328 3256/6528/6329
f 3256/6528/6329 3271/6527/6328 3270/6529/6330
f 3256/6528/6329 3270/6529/6330 3257/6530/6331
f 3257/6530/6331 3270/6529/6330 3269/6531/6332
f 3257/6530/6331 3269/6531/6332 3235/6532/6333
f 3235/6532/6333 3269/6531/6332 3236/6533/6334
f 3267/6534/6335 3292/6535/6336 3268/6536/6337
f 3268/6536/6337 3292/6535/6336 3293/6537/6338
f 3268/6536/6337 3293/6537/6338 3294/6538/6339
f 3292/6535/6336 3267/6534/6335 3291/6539/6340
f 3291/6539/6340 3267/6534/6335 3266/6540/6341
f 3291/6539/6340 3266/6540/6341 3290/6541/6342
f 3290/6541/6342 3266/6540/6341 3265/6542/6343
f 3290/6541/6342 3265/6542/6343 3289/6543/6344
f 3289/6543/6344 3265/6542/6343 3264/6544/6345
f 3289/6543/6344 3264/6544/6345 3288/6545/6346
f 3288/6545/6346 3264/6544/6345 3263/6546/6347
f 3288/6545/6346 3263/6546/6347 3287/6547/6348
f 3287/6547/6348 3263/6546/6347 3262/6548/6349
f 3287/6547/6348 3262/6548/6349 3310/6549/6350
f 3310/6549/6350 3262/6548/6349 3261/6550/6351
f 3310/6549/6350 3261/6550/6351 3309/6551/6352
f 3309/6551/6352 3261/6550/6351 3260/6552/6353
f 3309/6551/6352 3260/6552/6353 3308/6553/6354
f 3308/6553/6354 3260/6552/6353 3259/6554/6355
f 3308/6553/6354 3259/6554/6355 3307/6555/6356
f 3307/6555/6356 3259/6554/6355 3258/6556/6357
f 3307/6555/6356 3258/6556/6357 3306/6557/6358
f 3306/6557/6358 3258/6556/6357 3305/6558/6359
f 3305/6558/6359 3258/6556/6357 3279/6559/6360
f 3305/6558/6359 3279/6559/6360 3304/6560/6361
f 3304/6560/6361 3279/6559/6360 3280/6561/6362
f 3304/6560/6361 3280/6561/6362 3303/6562/6363
f 3303/6562/6363 3280/6561/6362 3281/6563/6364
f 3303/6562/6363 3281/6563/6364 3302/6564/6365
f 3302/6564/6365 3281/6563/6364 3282/6565/6366
f 3302/6564/6365 3282/6565/6366 3283/6566/6367
f 3302/6564/6365 3283/6566/6367 3301/6567/6368
f 3301/6567/6368 3283/6566/6367 3284/6568/6369
f 3301/6567/6368 3284/6568/6369 3300/6569/6370
f 3300/6569/6370 3284/6568/6369 3285/6570/6371
f 3300/6569/6370 3285/6570/6371 3299/6571/6372
f 3299/6571/6372 3285/6570/6371 3298/6572/6373
f 3298/6572/6373 3285/6570/6371 3297/6573/6374
f 3297/6573/6374 3285/6570/6371 3286/6574/6375
f 3297/6573/6374 3286/6574/6375 3296/6575/6376
f 3296/6575/6376 3286/6574/6375 3295/6576/6377
f 3295/6576/6377 3286/6574/6375 3294/6538/6339
f 3294/6538/6339 3286/6574/6375 3268/6536/6337
f 3334/6577/6378 3311/6578/6379 3336/6579/6380
f 3336/6579/6380 3311/6578/6379 3312/6580/6381
f 3336/6579/6380 3312/6580/6381 3313/6581/6382
f 3336/6579/6380 3313/6581/6382 3335/6582/6383
f 3335/6582/6383 3313/6581/6382 3314/6583/6384
f 3335/6582/6383 3314/6583/6384 3315/6584/6385
f 3315/6584/6385 3316/6585/6386 3335/6582/6383
f 3335/6582/6383 3316/6585/6386 3237/6586/6387
f 3237/6586/6387 3316/6585/6386 3317/6587/6388
f 3237/6586/6387 3317/6587/6388 3318/6588/6389
f 3237/6586/6387 3318/6588/6389 3238/6589/6390
f 3238/6589/6390 3318/6588/6389 3319/6590/6391
f 3238/6589/6390 3319/6590/6391 3239/6591/6392
f 3239/6591/6392 3319/6590/6391 3320/6592/6393
f 3239/6591/6392 3320/6592/6393 3240/6593/6394
f 3240/6593/6394 3320/6592/6393 3321/6594/6395
f 3240/6593/6394 3321/6594/6395 3241/6595/6396
f 3241/6595/6396 3321/6594/6395 3322/6596/6397
f 3241/6595/6396 3322/6596/6397 3242/6597/6398
f 3242/6597/6398 3322/6596/6397 3323/6598/6399
f 3242/6597/6398 3323/6598/6399 3243/6599/6400
f 3243/6599/6400 3323/6598/6399 3324/6600/6401
f 3243/6599/6400 3324/6600/6401 3244/6601/6402
f 3244/6601/6402 3324/6600/6401 3325/6602/6403
f 3244/6601/6402 3325/6602/6403 3245/6603/6404
f 3245/6603/6404 3325/6602/6403 3326/6604/6405
f 3245/6603/6404 3326/6604/6405 3246/6605/6406
f 3246/6605/6406 3326/6604/6405 3327/6606/6407
f 3246/6605/6406 3327/6606/6407 3247/6607/6408
f 3247/6607/6408 3327/6606/6407 3328/6608/6409
f 3247/6607/6408 3328/6608/6409 3329/6609/6410
f 3247/6607/6408 3329/6609/6410 3342/6610/6411
f 3342/6610/6411 3329/6609/6410 3330/6611/6412
f 3342/6610/6411 3330/6611/6412 3341/6612/6413
f 3341/6612/6413 3330/6611/6412 3331/6613/6414
f 3341/6612/6413 3331/6613/6414 3340/6614/6415
f 3340/6614/6415 3331/6613/6414 3332/6615/6416
f 3340/6614/6415 3332/6615/6416 3339/6616/6417
f 3339/6616/6417 3332/6615/6416 3338/6617/6418
f 3338/6617/6418 3332/6615/6416 3333/6618/6419
f 3338/6617/6418 3333/6618/6419 3337/6619/6420
f 3337/6619/6420 3333/6618/6419 3334/6577/6378
f 3337/6619/6420 3334/6577/6378 3336/6579/6380
f 3233/6620/6421 3268/6621/6422 3343/6622/6423
f 3343/6622/6423 3268/6621/6422 3286/6623/6424
f 3344/6624/6425 3345/6625/6426 3347/6626/6427
f 3347/6626/6427 3345/6625/6426 3346/6627/6428
f 3371/6628/6429 3348/6629/6430 3370/6630/6431
f 3370/6630/6431 3348/6629/6430 3349/6631/6432
f 3370/6630/6431 3349/6631/6432 3369/6632/6433
f 3369/6632/6433 3349/6631/6432 3350/6633/6434
f 3369/6632/6433 3350/6633/6434 3368/6634/6435
f 3368/6634/6435 3350/6633/6434 3351/6635/6436
f 3368/6634/6435 3351/6635/6436 3367/6636/6437
f 3367/6636/6437 3351/6635/6436 3352/6637/6438
f 3367/6636/6437 3352/6637/6438 3366/6638/6439
f 3366/6638/6439 3352/6637/6438 3353/6639/6440
f 3366/6638/6439 3353/6639/6440 3365/6640/6441
f 3365/6640/6441 3353/6639/6440 3354/6641/6442
f 3365/6640/6441 3354/6641/6442 3364/6642/6443
f 3364/6642/6443 3354/6641/6442 3355/6643/6444
f 3364/6642/6443 3355/6643/6444 3363/6644/6445
f 3363/6644/6445 3355/6643/6444 3356/6645/6446
f 3363/6644/6445 3356/6645/6446 3362/6646/6447
f 3362/6646/6447 3356/6645/6446 3357/6647/6448
f 3362/6646/6447 3357/6647/6448 3361/6648/6449
f 3361/6648/6449 3357/6647/6448 3358/6649/6450
f 3361/6648/6449 3358/6649/6450 3360/6650/6451
f 3360/6650/6451 3358/6649/6450 3359/6651/6452
f 3372/6652/6453 3348/6653/6454 3373/6654/6455
f 3373/6654/6455 3348/6653/6454 3371/6655/6456
f 3374/6656/6457 3375/6657/6458 3377/6658/6459
f 3377/6658/6459 3375/6657/6458 3376/6659/6460
f 3399/6660/6461 3378/6661/6462 3398/6662/6463
f 3398/6662/6463 3378/6661/6462 3379/6663/6464
f 3398/6662/6463 3379/6663/6464 3397/6664/6465
f 3397/6664/6465 3379/6663/6464 3380/6665/6466
f 3397/6664/6465 3380/6665/6466 3396/6666/6467
f 3396/6666/6467 3380/6665/6466 3381/6667/6468
f 3396/6666/6467 3381/6667/6468 3395/6668/6469
f 3395/6668/6469 3381/6667/6468 3382/6669/6470
f 3395/6668/6469 3382/6669/6470 3394/6670/6471
f 3394/6670/6471 3382/6669/6470 3383/6671/6472
f 3394/6670/6471 3383/6671/6472 3393/6672/6473
f 3393/6672/6473 3383/6671/6472 3384/6673/6474
f 3393/6672/6473 3384/6673/6474 3392/6674/6475
f 3392/6674/6475 3384/6673/6474 3385/6675/6476
f 3392/6674/6475 3385/6675/6476 3391/6676/6477
f 3391/6676/6477 3385/6675/6476 3386/6677/6478
f 3391/6676/6477 3386/6677/6478 3390/6678/6479
f 3390/6678/6479 3386/6677/6478 3387/6679/6480
f 3390/6678/6479 3387/6679/6480 3389/6680/6481
f 3389/6680/6481 3387/6679/6480 3388/6681/6482
f 3389/6680/6481 3388/6681/6482 3377/6682/6459
f 3377/6682/6459 3388/6681/6482 3374/6683/6457
f 3399/6684/6483 3398/6685/6484 3360/6686/6485
f 3360/6686/6485 3398/6685/6484 3361/6687/6486
f 3361/6687/6486 3398/6685/6484 3397/6688/6487
f 3361/6687/6486 3397/6688/6487 3362/6689/6488
f 3362/6689/6488 3397/6688/6487 3396/6690/6489
f 3362/6689/6488 3396/6690/6489 3363/6691/6490
f 3363/6691/6490 3396/6690/6489 3395/6692/6491
f 3363/6691/6490 3395/6692/6491 3364/6693/6492
f 3364/6693/6492 3395/6692/6491 3394/6694/6493
f 3364/6693/6492 3394/6694/6493 3365/6695/6494
f 3365/6695/6494 3394/6694/6493 3393/6696/6495
f 3365/6695/6494 3393/6696/6495 3366/6697/6496
f 3366/6697/6496 3393/6696/6495 3392/6698/6497
f 3366/6697/6496 3392/6698/6497 3367/6699/6498
f 3367/6699/6498 3392/6698/6497 3391/6700/6499
f 3367/6699/6498 3391/6700/6499 3368/6701/6500
f 3368/6701/6500 3391/6700/6499 3390/6702/6501
f 3368/6701/6500 3390/6702/6501 3369/6703/6502
f 3369/6703/6502 3390/6702/6501 3389/6704/6503
f 3369/6703/6502 3389/6704/6503 3370/6705/6504
f 3370/6705/6504 3389/6704/6503 3377/6706/6505
f 3370/6705/6504 3377/6706/6505 3371/6707/6506
f 3371/6707/6506 3377/6706/6505 3346/6708/6507
f 3371/6707/6506 3346/6708/6507 3373/6709/6508
f 3376/6710/6509 3347/6711/6510 3377/6706/6505
f 3377/6706/6505 3347/6711/6510 3346/6708/6507
f 3388/6712/6511 3425/6713/6512 3374/6714/6513
f 3374/6714/6513 3425/6713/6512 3426/6715/6514
f 3374/6714/6513 3426/6715/6514 3427/6716/6515
f 3425/6713/6512 3388/6712/6511 3424/6717/6516
f 3424/6717/6516 3388/6712/6511 3387/6718/6517
f 3424/6717/6516 3387/6718/6517 3423/6719/6518
f 3423/6719/6518 3387/6718/6517 3386/6720/6519
f 3423/6719/6518 3386/6720/6519 3422/6721/6520
f 3422/6721/6520 3386/6720/6519 3385/6722/6521
f 3422/6721/6520 3385/6722/6521 3421/6723/6522
f 3421/6723/6522 3385/6722/6521 3384/6724/6523
f 3421/6723/6522 3384/6724/6523 3420/6725/6524
f 3420/6725/6524 3384/6724/6523 3383/6726/6525
f 3420/6725/6524 3383/6726/6525 3419/6727/6526
f 3419/6727/6526 3383/6726/6525 3382/6728/6527
f 3419/6727/6526 3382/6728/6527 3418/6729/6528
f 3418/6729/6528 3382/6728/6527 3381/6730/6529
f 3418/6729/6528 3381/6730/6529 3417/6731/6530
f 3417/6731/6530 3381/6730/6529 3380/6732/6531
f 3417/6731/6530 3380/6732/6531 3416/6733/6532
f 3416/6733/6532 3380/6732/6531 3379/6734/6533
f 3416/6733/6532 3379/6734/6533 3415/6735/6534
f 3415/6735/6534 3379/6734/6533 3378/6736/6535
f 3415/6735/6534 3378/6736/6535 3414/6737/6536
f 3414/6737/6536 3378/6736/6535 3400/6738/6537
f 3414/6737/6536 3400/6738/6537 3413/6739/6538
f 3413/6739/6538 3400/6738/6537 3412/6740/6539
f 3412/6740/6539 3400/6738/6537 3401/6741/6540
f 3412/6740/6539 3401/6741/6540 3411/6742/6541
f 3411/6742/6541 3401/6741/6540 3402/6743/6542
f 3411/6742/6541 3402/6743/6542 3410/6744/6543
f 3410/6744/6543 3402/6743/6542 3403/6745/6544
f 3410/6744/6543 3403/6745/6544 3404/6746/6545
f 3410/6744/6543 3404/6746/6545 3409/6747/6546
f 3409/6747/6546 3404/6746/6545 3405/6748/6547
f 3409/6747/6546 3405/6748/6547 3408/6749/6548
f 3408/6749/6548 3405/6748/6547 3406/6750/6549
f 3408/6749/6548 3406/6750/6549 3407/6751/6550
f 3407/6751/6550 3406/6750/6549 3430/6752/6551
f 3430/6752/6551 3406/6750/6549 3429/6753/6552
f 3429/6753/6552 3406/6750/6549 3375/6754/6553
f 3429/6753/6552 3375/6754/6553 3428/6755/6554
f 3428/6755/6554 3375/6754/6553 3427/6716/6515
f 3427/6716/6515 3375/6754/6553 3374/6714/6513
f 3358/6756/6555 3442/6757/6556 3359/6758/6557
f 3359/6758/6557 3442/6757/6556 3443/6759/6558
f 3359/6758/6557 3443/6759/6558 3437/6760/6559
f 3437/6760/6559 3443/6759/6558 3444/6761/6560
f 3437/6760/6559 3444/6761/6560 3445/6762/6561
f 3442/6757/6556 3358/6756/6555 3441/6763/6562
f 3441/6763/6562 3358/6756/6555 3357/6764/6563
f 3441/6763/6562 3357/6764/6563 3440/6765/6564
f 3440/6765/6564 3357/6764/6563 3356/6766/6565
f 3440/6765/6564 3356/6766/6565 3439/6767/6566
f 3439/6767/6566 3356/6766/6565 3355/6768/6567
f 3439/6767/6566 3355/6768/6567 3438/6769/6568
f 3438/6769/6568 3355/6768/6567 3354/6770/6569
f 3438/6769/6568 3354/6770/6569 3461/6771/6570
f 3461/6771/6570 3354/6770/6569 3353/6772/6571
f 3461/6771/6570 3353/6772/6571 3460/6773/6572
f 3460/6773/6572 3353/6772/6571 3352/6774/6573
f 3460/6773/6572 3352/6774/6573 3459/6775/6574
f 3459/6775/6574 3352/6774/6573 3351/6776/6575
f 3459/6775/6574 3351/6776/6575 3458/6777/6576
f 3458/6777/6576 3351/6776/6575 3350/6778/6577
f 3458/6777/6576 3350/6778/6577 3457/6779/6578
f 3457/6779/6578 3350/6778/6577 3349/6780/6579
f 3457/6779/6578 3349/6780/6579 3456/6781/6580
f 3456/6781/6580 3349/6780/6579 3348/6782/6581
f 3456/6781/6580 3348/6782/6581 3455/6783/6582
f 3455/6783/6582 3348/6782/6581 3454/6784/6583
f 3454/6784/6583 3348/6782/6581 3372/6785/6584
f 3454/6784/6583 3372/6785/6584 3453/6786/6585
f 3453/6786/6585 3372/6785/6584 3452/6787/6586
f 3452/6787/6586 3372/6785/6584 3431/6788/6587
f 3452/6787/6586 3431/6788/6587 3451/6789/6588
f 3451/6789/6588 3431/6788/6587 3450/6790/6589
f 3450/6790/6589 3431/6788/6587 3449/6791/6590
f 3449/6791/6590 3431/6788/6587 3432/6792/6591
f 3449/6791/6590 3432/6792/6591 3448/6793/6592
f 3448/6793/6592 3432/6792/6591 3433/6794/6593
f 3448/6793/6592 3433/6794/6593 3447/6795/6594
f 3447/6795/6594 3433/6794/6593 3434/6796/6595
f 3447/6795/6594 3434/6796/6595 3435/6797/6596
f 3447/6795/6594 3435/6797/6596 3446/6798/6597
f 3446/6798/6597 3435/6797/6596 3436/6799/6598
f 3446/6798/6597 3436/6799/6598 3445/6762/6561
f 3445/6762/6561 3436/6799/6598 3437/6760/6559
f 3343/6800/6599 3345/6801/6600 3233/6802/6601
f 3233/6802/6601 3345/6801/6600 3234/6803/6602
f 3234/6803/6602 3345/6801/6600 3344/6804/6603
f 3234/6803/6602 3344/6804/6603 3462/6805/6604
f 3237/6806/6605 3234/6807/6606 3335/6808/6607
f 3335/6808/6607 3234/6807/6606 3462/6809/6608
f 3461/6810/6609 3186/6811/6610 3438/6812/6611
f 3438/6812/6611 3186/6811/6610 3185/6813/6612
f 3438/6814/6611 3185/6815/6612 3439/6816/6613
f 3439/6816/6613 3185/6815/6612 3208/6817/6614
f 3439/6816/6613 3208/6817/6614 3440/6818/6615
f 3440/6818/6615 3208/6817/6614 3207/6819/6616
f 3440/6818/6615 3207/6819/6616 3441/6820/6617
f 3441/6820/6617 3207/6819/6616 3206/6821/6618
f 3441/6820/6617 3206/6821/6618 3442/6822/6619
f 3442/6822/6619 3206/6821/6618 3205/6823/6620
f 3442/6822/6619 3205/6823/6620 3443/6824/6621
f 3443/6824/6621 3205/6823/6620 3204/6825/6622
f 3443/6824/6621 3204/6825/6622 3444/6826/6623
f 3444/6826/6623 3204/6825/6622 3203/6827/6624
f 3444/6826/6623 3203/6827/6624 3445/6828/6625
f 3445/6828/6625 3203/6827/6624 3202/6829/6626
f 3445/6828/6625 3202/6829/6626 3446/6830/6627
f 3446/6830/6627 3202/6829/6626 3201/6831/6628
f 3446/6830/6627 3201/6831/6628 3447/6832/6629
f 3447/6832/6629 3201/6831/6628 3200/6833/6630
f 3447/6832/6629 3200/6833/6630 3448/6834/6631
f 3448/6834/6631 3200/6833/6630 3199/6835/6632
f 3448/6834/6631 3199/6835/6632 3449/6836/6633
f 3449/6836/6633 3199/6835/6632 3198/6837/6634
f 3449/6836/6633 3198/6837/6634 3450/6838/6635
f 3450/6838/6635 3198/6837/6634 3197/6839/6636
f 3450/6838/6635 3197/6839/6636 3451/6840/6637
f 3451/6840/6637 3197/6839/6636 3196/6841/6638
f 3451/6840/6637 3196/6841/6638 3452/6842/6639
f 3452/6842/6639 3196/6841/6638 3195/6843/6640
f 3452/6842/6639 3195/6843/6640 3453/6844/6641
f 3453/6844/6641 3195/6843/6640 3194/6845/6642
f 3453/6844/6641 3194/6845/6642 3454/6846/6643
f 3454/6846/6643 3194/6845/6642 3193/6847/6644
f 3454/6846/6643 3193/6847/6644 3455/6848/6645
f 3455/6848/6645 3193/6847/6644 3192/6849/6646
f 3455/6848/6645 3192/6849/6646 3456/6850/6647
f 3456/6850/6647 3192/6849/6646 3191/6851/6648
f 3456/6850/6647 3191/6851/6648 3457/6852/6649
f 3457/6852/6649 3191/6851/6648 3190/6853/6650
f 3457/6852/6649 3190/6853/6650 3458/6854/6651
f 3458/6854/6651 3190/6853/6650 3189/6855/6652
f 3458/6854/6651 3189/6855/6652 3459/6856/6653
f 3459/6856/6653 3189/6855/6652 3188/6857/6654
f 3459/6856/6653 3188/6857/6654 3460/6858/6655
f 3460/6858/6655 3188/6857/6654 3187/6859/6656
f 3460/6858/6655 3187/6859/6656 3461/6810/6609
f 3461/6810/6609 3187/6859/6656 3186/6811/6610
f 3310/6860/6657 3110/6861/6658 3287/6862/6659
f 3287/6862/6659 3110/6861/6658 3109/6863/6660
f 3287/6864/6659 3109/6865/6660 3288/6866/6661
f 3288/6866/6661 3109/6865/6660 3132/6867/6662
f 3288/6866/6661 3132/6867/6662 3289/6868/6663
f 3289/6868/6663 3132/6867/6662 3131/6869/6664
f 3289/6868/6663 3131/6869/6664 3290/6870/6665
f 3290/6870/6665 3131/6869/6664 3130/6871/6666
f 3290/6870/6665 3130/6871/6666 3291/6872/6667
f 3291/6872/6667 3130/6871/6666 3129/6873/6668
f 3291/6872/6667 3129/6873/6668 3292/6874/6669
f 3292/6874/6669 3129/6873/6668 3128/6875/6670
f 3292/6874/6669 3128/6875/6670 3293/6876/6671
f 3293/6876/6671 3128/6875/6670 3127/6877/6672
f 3293/6876/6671 3127/6877/6672 3294/6878/6673
f 3294/6878/6673 3127/6877/6672 3126/6879/6674
f 3294/6878/6673 3126/6879/6674 3295/6880/6675
f 3295/6880/6675 3126/6879/6674 3125/6881/6676
f 3295/6880/6675 3125/6881/6676 3296/6882/6677
f 3296/6882/6677 3125/6881/6676 3124/6883/6678
f 3296/6882/6677 3124/6883/6678 3297/6884/6679
f 3297/6884/6679 3124/6883/6678 3123/6885/6680
f 3297/6884/6679 3123/6885/6680 3298/6886/6681
f 3298/6886/6681 3123/6885/6680 3122/6887/6682
f 3298/6886/6681 3122/6887/6682 3299/6888/6683
f 3299/6888/6683 3122/6887/6682 3121/6889/6684
f 3299/6888/6683 3121/6889/6684 3300/6890/6685
f 3300/6890/6685 3121/6889/6684 3120/6891/6686
f 3300/6890/6685 3120/6891/6686 3301/6892/6687
f 3301/6892/6687 3120/6891/6686 3119/6893/6688
f 3301/6892/6687 3119/6893/6688 3302/6894/6689
f 3302/6894/6689 3119/6893/6688 3118/6895/6690
f 3302/6894/6689 3118/6895/6690 3303/6896/6691
f 3303/6896/6691 3118/6895/6690 3117/6897/6692
f 3303/6896/6691 3117/6897/6692 3304/6898/6693
f 3304/6898/6693 3117/6897/6692 3116/6899/6694
f 3304/6898/6693 3116/6899/6694 3305/6900/6695
f 3305/6900/6695 3116/6899/6694 3115/6901/6696
f 3305/6900/6695 3115/6901/6696 3306/6902/6697
f 3306/6902/6697 3115/6901/6696 3114/6903/6698
f 3306/6902/6697 3114/6903/6698 3307/6904/6699
f 3307/6904/6699 3114/6903/6698 3113/6905/6700
f 3307/6904/6699 3113/6905/6700 3308/6906/6701
f 3308/6906/6701 3113/6905/6700 3112/6907/6702
f 3308/6906/6701 3112/6907/6702 3309/6908/6703
f 3309/6908/6703 3112/6907/6702 3111/6909/6704
f 3309/6908/6703 3111/6909/6704 3310/6860/6657
f 3310/6860/6657 3111/6909/6704 3110/6861/6658
f 3334/6910/6705 3134/6911/6706 3311/6912/6707
f 3311/6912/6707 3134/6911/6706 3133/6913/6708
f 3311/6914/6707 3133/6915/6708 3312/6916/6709
f 3312/6916/6709 3133/6915/6708 3156/6917/6710
f 3312/6916/6709 3156/6917/6710 3313/6918/6711
f 3313/6918/6711 3156/6917/6710 3155/6919/6712
f 3313/6918/6711 3155/6919/6712 3314/6920/6713
f 3314/6920/6713 3155/6919/6712 3154/6921/6714
f 3314/6920/6713 3154/6921/6714 3315/6922/6715
f 3315/6922/6715 3154/6921/6714 3153/6923/6716
f 3315/6922/6715 3153/6923/6716 3316/6924/6717
f 3316/6924/6717 3153/6923/6716 3152/6925/6718
f 3316/6924/6717 3152/6925/6718 3317/6926/6719
f 3317/6926/6719 3152/6925/6718 3151/6927/6720
f 3317/6926/6719 3151/6927/6720 3318/6928/6721
f 3318/6928/6721 3151/6927/6720 3150/6929/6722
f 3318/6928/6721 3150/6929/6722 3319/6930/6723
f 3319/6930/6723 3150/6929/6722 3149/6931/6724
f 3319/6930/6723 3149/6931/6724 3320/6932/6725
f 3320/6932/6725 3149/6931/6724 3148/6933/6726
f 3320/6932/6725 3148/6933/6726 3321/6934/6727
f 3321/6934/6727 3148/6933/6726 3147/6935/6728
f 3321/6934/6727 3147/6935/6728 3322/6936/6729
f 3322/6936/6729 3147/6935/6728 3146/6937/6730
f 3322/6936/6729 3146/6937/6730 3323/6938/6731
f 3323/6938/6731 3146/6937/6730 3145/6939/6732
f 3323/6938/6731 3145/6939/6732 3324/6940/6733
f 3324/6940/6733 3145/6939/6732 3144/6941/6734
f 3324/6940/6733 3144/6941/6734 3325/6942/6735
f 3325/6942/6735 3144/6941/6734 3143/6943/6736
f 3325/6942/6735 3143/6943/6736 3326/6944/6737
f 3326/6944/6737 3143/6943/6736 3142/6945/6738
f 3326/6944/6737 3142/6945/6738 3327/6946/6739
f 3327/6946/6739 3142/6945/6738 3141/6947/6740
f 3327/6946/6739 3141/6947/6740 3328/6948/6741
f 3328/6948/6741 3141/6947/6740 3140/6949/6742
f 3328/6948/6741 3140/6949/6742 3329/6950/6743
f 3329/6950/6743 3140/6949/6742 3139/6951/6744
f 3329/6950/6743 3139/6951/6744 3330/6952/6745
f 3330/6952/6745 3139/6951/6744 3138/6953/6746
f 3330/6952/6745 3138/6953/6746 3331/6954/6747
f 3331/6954/6747 3138/6953/6746 3137/6955/6748
f 3331/6954/6747 3137/6955/6748 3332/6956/6749
f 3332/6956/6749 3137/6955/6748 3136/6957/6750
f 3332/6956/6749 3136/6957/6750 3333/6958/6751
f 3333/6958/6751 3136/6957/6750 3135/6959/6752
f 3333/6958/6751 3135/6959/6752 3334/6910/6705
f 3334/6910/6705 3135/6959/6752 3134/6911/6706
f 3430/6960/6753 3210/6961/6754 3407/6962/6755
f 3407/6962/6755 3210/6961/6754 3209/6963/6756
f 3407/6964/6755 3209/6965/6756 3408/6966/6757
f 3408/6966/6757 3209/6965/6756 3232/6967/6758
f 3408/6966/6757 3232/6967/6758 3409/6968/6759
f 3409/6968/6759 3232/6967/6758 3231/6969/6760
f 3409/6968/6759 3231/6969/6760 3410/6970/6761
f 3410/6970/6761 3231/6969/6760 3230/6971/6762
f 3410/6970/6761 3230/6971/6762 3411/6972/6763
f 3411/6972/6763 3230/6971/6762 3229/6973/6764
f 3411/6972/6763 3229/6973/6764 3412/6974/6765
f 3412/6974/6765 3229/6973/6764 3228/6975/6766
f 3412/6974/6765 3228/6975/6766 3413/6976/6767
f 3413/6976/6767 3228/6975/6766 3227/6977/6768
f 3413/6976/6767 3227/6977/6768 3414/6978/6769
f 3414/6978/6769 3227/6977/6768 3226/6979/6770
f 3414/6978/6769 3226/6979/6770 3415/6980/6771
f 3415/6980/6771 3226/6979/6770 3225/6981/6772
f 3415/6980/6771 3225/6981/6772 3416/6982/6773
f 3416/6982/6773 3225/6981/6772 3224/6983/6774
f 3416/6982/6773 3224/6983/6774 3417/6984/6775
f 3417/6984/6775 3224/6983/6774 3223/6985/6776
f 3417/6984/6775 3223/6985/6776 3418/6986/6777
f 3418/6986/6777 3223/6985/6776 3222/6987/6778
f 3418/6986/6777 3222/6987/6778 3419/6988/6779
f 3419/6988/6779 3222/6987/6778 3221/6989/6780
f 3419/6988/6779 3221/6989/6780 3420/6990/6781
f 3420/6990/6781 3221/6989/6780 3220/6991/6782
f 3420/6990/6781 3220/6991/6782 3421/6992/6783
f 3421/6992/6783 3220/6991/6782 3219/6993/6784
f 3421/6992/6783 3219/6993/6784 3422/6994/6785
f 3422/6994/6785 3219/6993/6784 3218/6995/6786
f 3422/6994/6785 3218/6995/6786 3423/6996/6787
f 3423/6996/6787 3218/6995/6786 3217/6997/6788
f 3423/6996/6787 3217/6997/6788 3424/6998/6789
f 3424/6998/6789 3217/6997/6788 3216/6999/6790
f 3424/6998/6789 3216/6999/6790 3425/7000/6791
f 3425/7000/6791 3216/6999/6790 3215/7001/6792
f 3425/7000/6791 3215/7001/6792 3426/7002/6793
f 3426/7002/6793 3215/7001/6792 3214/7003/6794
f 3426/7002/6793 3214/7003/6794 3427/7004/6795
f 3427/7004/6795 3214/7003/6794 3213/7005/6796
f 3427/7004/6795 3213/7005/6796 3428/7006/6797
f 3428/7006/6797 3213/7005/6796 3212/7007/6798
f 3428/7006/6797 3212/7007/6798 3429/7008/6799
f 3429/7008/6799 3212/7007/6798 3211/7009/6800
f 3429/7008/6799 3211/7009/6800 3430/6960/6753
f 3430/6960/6753 3211/7009/6800 3210/6961/6754
f 3171/7010/6801 3372/7011/6802 3172/7012/6803
f 3172/7012/6803 3372/7011/6802 3286/7013/6804
f 3172/7012/6803 3286/7013/6804 3285/7014/6805
f 3171/7010/6801 3431/7015/6806 3372/7011/6802
f 3286/7013/6804 3372/7011/6802 3345/7016/6807
f 3345/7016/6807 3372/7011/6802 3373/7017/6808
f 3345/7016/6807 3373/7017/6808 3346/7018/6809
f 3345/7016/6807 3343/7019/6810 3286/7013/6804
f 3279/7020/6811 3178/7021/6812 3280/7022/6813
f 3280/7022/6813 3178/7021/6812 3177/7023/6814
f 3280/7022/6813 3177/7023/6814 3281/7024/6815
f 3281/7024/6815 3177/7023/6814 3176/7025/6816
f 3281/7024/6815 3176/7025/6816 3282/7026/6817
f 3282/7026/6817 3176/7025/6816 3175/7027/6818
f 3282/7026/6817 3175/7027/6818 3283/7028/6819
f 3283/7028/6819 3175/7027/6818 3174/7029/6820
f 3283/7028/6819 3174/7029/6820 3284/7030/6821
f 3284/7030/6821 3174/7029/6820 3173/7031/6822
f 3284/7030/6821 3173/7031/6822 3285/7032/6805
f 3285/7032/6805 3173/7031/6822 3172/7033/6803
f 3342/7034/6823 3179/7035/6824 3247/7036/6825
f 3247/7036/6825 3179/7035/6824 3178/7037/6812
f 3247/7036/6825 3178/7037/6812 3258/7038/6826
f 3258/7038/6826 3178/7037/6812 3279/7039/6811
f 3278/7040/6827 3248/7041/6828 3258/7038/6826
f 3258/7038/6826 3248/7041/6828 3247/7036/6825
f 3336/7042/6829 3157/7043/6830 3337/7044/6831
f 3337/7044/6831 3157/7043/6830 3184/7045/6832
f 3337/7044/6831 3184/7045/6832 3338/7046/6833
f 3338/7046/6833 3184/7045/6832 3183/7047/6834
f 3338/7046/6833 3183/7047/6834 3339/7048/6835
f 3339/7048/6835 3183/7047/6834 3182/7049/6836
f 3339/7048/6835 3182/7049/6836 3340/7050/6837
f 3340/7050/6837 3182/7049/6836 3181/7051/6838
f 3340/7050/6837 3181/7051/6838 3341/7052/6839
f 3341/7052/6839 3181/7051/6838 3180/7053/6840
f 3341/7052/6839 3180/7053/6840 3342/7054/6823
f 3342/7054/6823 3180/7053/6840 3179/7055/6824
f 3406/7056/6841 3158/7057/6842 3375/7058/6843
f 3375/7058/6843 3158/7057/6842 3157/7059/6830
f 3375/7058/6843 3157/7059/6830 3335/7060/6844
f 3335/7060/6844 3157/7059/6830 3336/7061/6829
f 3462/7062/6845 3344/7063/6846 3335/7060/6844
f 3335/7060/6844 3344/7063/6846 3375/7058/6843
f 3347/7064/6847 3376/7065/6848 3344/7063/6846
f 3344/7063/6846 3376/7065/6848 3375/7058/6843
f 3400/7066/6849 3164/7067/6850 3401/7068/6851
f 3401/7068/6851 3164/7067/6850 3163/7069/6852
f 3401/7068/6851 3163/7069/6852 3402/7070/6853
f 3402/7070/6853 3163/7069/6852 3162/7071/6854
f 3402/7070/6853 3162/7071/6854 3403/7072/6855
f 3403/7072/6855 3162/7071/6854 3161/7073/6856
f 3403/7072/6855 3161/7073/6856 3404/7074/6857
f 3404/7074/6857 3161/7073/6856 3160/7075/6858
f 3404/7074/6857 3160/7075/6858 3405/7076/6859
f 3405/7076/6859 3160/7075/6858 3159/7077/6860
f 3405/7076/6859 3159/7077/6860 3406/7078/6841
f 3406/7078/6841 3159/7077/6860 3158/7079/6842
f 3437/7080/6861 3165/7081/6862 3359/7082/6863
f 3359/7082/6863 3165/7081/6862 3164/7083/6850
f 3359/7082/6863 3164/7083/6850 3378/7084/6864
f 3378/7084/6864 3164/7083/6850 3400/7085/6849
f 3399/7086/6865 3360/7087/6866 3378/7084/6864
f 3378/7084/6864 3360/7087/6866 3359/7082/6863
f 3431/7088/6806 3171/7089/6801 3432/7090/6867
f 3432/7090/6867 3171/7089/6801 3170/7091/6868
f 3432/7090/6867 3170/7091/6868 3433/7092/6869
f 3433/7092/6869 3170/7091/6868 3169/7093/6870
f 3433/7092/6869 3169/7093/6870 3434/7094/6871
f 3434/7094/6871 3169/7093/6870 3168/7095/6872
f 3434/7094/6871 3168/7095/6872 3435/7096/6873
f 3435/7096/6873 3168/7095/6872 3167/7097/6874
f 3435/7096/6873 3167/7097/6874 3436/7098/6875
f 3436/7098/6875 3167/7097/6874 3166/7099/6876
f 3436/7098/6875 3166/7099/6876 3437/7100/6861
f 3437/7100/6861 3166/7099/6876 3165/7101/6862
# 3462 vertices
# 7101 texture params
# 6876 normals
# 6988 facets

# 6 groups
